Using pre-set license
Built from '2020.2/staging' branch; Version is '2020.2.5f1 (e2c53f129de5) revision 14861631'; Using compiler version '192528614'; Build Type 'Release'
OS: 'Windows 10 Home Single Language; OS build 22631.5189; Version 2009; 64bit' Language: 'en' Physical Memory: 14188 MB
BatchMode: 1, IsHumanControllingUs: 0, StartBugReporterOnCrash: 0, Is64bit: 1, IsPro: 0

 COMMAND LINE ARGUMENTS:
C:\Program Files\Unity\Hub\Editor\2020.2.5f1\Editor\Unity.exe
-adb2
-batchMode
-noUpm
-name
AssetImportWorker0
-projectPath
C:/Users/Avdhesh/Desktop/AFT814_CA2_AvdheshPurohit/My Project
-logFile
Logs/AssetImportWorker0.log
-srvPort
50796
Successfully changed project path to: C:/Users/Avdhesh/Desktop/AFT814_CA2_AvdheshPurohit/My Project
C:/Users/Avdhesh/Desktop/AFT814_CA2_AvdheshPurohit/My Project
Using Asset Import Pipeline V2.
Refreshing native plugins compatible for Editor in 31.70 ms, found 1 plugins.
Preloading 0 native plugins for Editor in 0.00 ms.
Initialize engine version: 2020.2.5f1 (e2c53f129de5)
[Subsystems] Discovering subsystems at path C:/Program Files/Unity/Hub/Editor/2020.2.5f1/Editor/Data/Resources/UnitySubsystems
[Subsystems] Discovering subsystems at path C:/Users/Avdhesh/Desktop/AFT814_CA2_AvdheshPurohit/My Project/Assets
GfxDevice: creating device client; threaded=0
Direct3D:
    Version:  Direct3D 11.0 [level 11.1]
    Renderer: NVIDIA GeForce RTX 3050 Laptop GPU (ID=0x25a2)
    Vendor:   
    VRAM:     3965 MB
    Driver:   32.0.15.7283
Initialize mono
Mono path[0] = 'C:/Program Files/Unity/Hub/Editor/2020.2.5f1/Editor/Data/Managed'
Mono path[1] = 'C:/Program Files/Unity/Hub/Editor/2020.2.5f1/Editor/Data/MonoBleedingEdge/lib/mono/unityjit'
Mono config path = 'C:/Program Files/Unity/Hub/Editor/2020.2.5f1/Editor/Data/MonoBleedingEdge/etc'
Using monoOptions --debugger-agent=transport=dt_socket,embedding=1,server=y,suspend=n,address=127.0.0.1:56940
Begin MonoManager ReloadAssembly
Registering precompiled unity dll's ...
Register platform support module: C:/Program Files/Unity/Hub/Editor/2020.2.5f1/Editor/Data/PlaybackEngines/WindowsStandaloneSupport/UnityEditor.WindowsStandalone.Extensions.dll
Registered in 0.001437 seconds.
Native extension for WindowsStandalone target not found
Refreshing native plugins compatible for Editor in 27.12 ms, found 1 plugins.
Preloading 0 native plugins for Editor in 0.00 ms.
Invoked RoslynAnalysisRunner static constructor.
RoslynAnalysisRunner will not be running.
RoslynAnalysisRunner has terminated.
Mono: successfully reloaded assembly
- Completed reload, in  1.001 seconds
Platform modules already initialized, skipping
Registering precompiled user dll's ...
Registered in 0.000845 seconds.
Begin MonoManager ReloadAssembly
Native extension for WindowsStandalone target not found
Refreshing native plugins compatible for Editor in 27.72 ms, found 1 plugins.
Preloading 0 native plugins for Editor in 0.00 ms.
Invoked RoslynAnalysisRunner static constructor.
RoslynAnalysisRunner will not be running.
RoslynAnalysisRunner has terminated.
Mono: successfully reloaded assembly
- Completed reload, in  0.685 seconds
Platform modules already initialized, skipping
========================================================================
Worker process is ready to serve import requests
Launched and connected shader compiler UnityShaderCompiler.exe after 0.05 seconds
Refreshing native plugins compatible for Editor in 0.85 ms, found 1 plugins.
Preloading 0 native plugins for Editor in 0.00 ms.
Unloading 1781 Unused Serialized files (Serialized files now loaded: 0)
System memory in use before: 84.0 MB.
System memory in use after: 84.1 MB.

Unloading 18 unused Assets to reduce memory usage. Loaded Objects now: 2230.
Total: 1.875900 ms (FindLiveObjects: 0.213100 ms CreateObjectMapping: 0.054500 ms MarkObjects: 1.584300 ms  DeleteObjects: 0.023100 ms)

========================================================================
Received Import Request.
  path: Assets/Knight Files
  artifactKey: Guid(bd27a3fa5af61d74b819748995e1b80f) Importer(815301076,1909f56bfc062723c751e8b465ee728b)
Start importing Assets/Knight Files using Guid(bd27a3fa5af61d74b819748995e1b80f) Importer(815301076,1909f56bfc062723c751e8b465ee728b)  -> (artifact id: '874db71f7b9ed9afcc53478ba9d9c209') in 0.011589 seconds
  Import took 0.014131 seconds .

========================================================================
Received Import Request.
  Time since last request: 0.279676 seconds.
  path: Assets/Knight Files/Knight PNG
  artifactKey: Guid(fa9328c527df7954385971d85e2a2548) Importer(815301076,1909f56bfc062723c751e8b465ee728b)
Start importing Assets/Knight Files/Knight PNG using Guid(fa9328c527df7954385971d85e2a2548) Importer(815301076,1909f56bfc062723c751e8b465ee728b)  -> (artifact id: 'fb3b69c38a69206b1f823f71f6598181') in 0.009604 seconds
  Import took 0.012148 seconds .

========================================================================
Received Import Request.
  Time since last request: 0.098023 seconds.
  path: Assets/Knight Files/Knight PNG/Knight_attack_01.png
  artifactKey: Guid(192eccda280e2ec4c99be851889e09ed) Importer(815301076,1909f56bfc062723c751e8b465ee728b)
Start importing Assets/Knight Files/Knight PNG/Knight_attack_01.png using Guid(192eccda280e2ec4c99be851889e09ed) Importer(815301076,1909f56bfc062723c751e8b465ee728b)  -> (artifact id: '8b2efc3511e50558e3c3528dbd822477') in 0.076281 seconds
  Import took 0.078860 seconds .

========================================================================
Received Import Request.
  Time since last request: 0.000171 seconds.
  path: Assets/Knight Files/Knight PNG/Knight_idle_06.png
  artifactKey: Guid(d0fc8c27bd2d9d44e88e8a240ad8f68f) Importer(815301076,1909f56bfc062723c751e8b465ee728b)
Start importing Assets/Knight Files/Knight PNG/Knight_idle_06.png using Guid(d0fc8c27bd2d9d44e88e8a240ad8f68f) Importer(815301076,1909f56bfc062723c751e8b465ee728b)  -> (artifact id: '7b3d91ebe490024d742bb2e14c6e3a9a') in 0.016987 seconds
  Import took 0.019076 seconds .

========================================================================
Received Import Request.
  Time since last request: 0.000174 seconds.
  path: Assets/Knight Files/Knight PNG/Knight_block_02.png
  artifactKey: Guid(276de7332cc176343be57d605b70bdb3) Importer(815301076,1909f56bfc062723c751e8b465ee728b)
Start importing Assets/Knight Files/Knight PNG/Knight_block_02.png using Guid(276de7332cc176343be57d605b70bdb3) Importer(815301076,1909f56bfc062723c751e8b465ee728b)  -> (artifact id: 'ca579eb8e67b99f11d0365344e3e0343') in 0.015634 seconds
  Import took 0.017824 seconds .

========================================================================
Received Import Request.
  Time since last request: 0.000172 seconds.
  path: Assets/Knight Files/Knight PNG/Knight_die_07.png
  artifactKey: Guid(bb85b7b5b670de546b0be388480e0a78) Importer(815301076,1909f56bfc062723c751e8b465ee728b)
Start importing Assets/Knight Files/Knight PNG/Knight_die_07.png using Guid(bb85b7b5b670de546b0be388480e0a78) Importer(815301076,1909f56bfc062723c751e8b465ee728b)  -> (artifact id: 'da10e2c212bb868f2eaa67a462277571') in 0.017520 seconds
  Import took 0.020332 seconds .

========================================================================
Received Import Request.
  Time since last request: 0.000179 seconds.
  path: Assets/Knight Files/Knight PNG/Knight_cast_03.png
  artifactKey: Guid(bae9f6e834f890746bd2c9c7544c4b75) Importer(815301076,1909f56bfc062723c751e8b465ee728b)
Start importing Assets/Knight Files/Knight PNG/Knight_cast_03.png using Guid(bae9f6e834f890746bd2c9c7544c4b75) Importer(815301076,1909f56bfc062723c751e8b465ee728b)  -> (artifact id: '00bd56b651f70095fa90fb1d2a11f432') in 0.015071 seconds
  Import took 0.017578 seconds .

========================================================================
Received Import Request.
  Time since last request: 0.000171 seconds.
  path: Assets/Knight Files/Knight PNG/Knight_crouch_0.png
  artifactKey: Guid(852ed71025819974eaee06b652ba82bb) Importer(815301076,1909f56bfc062723c751e8b465ee728b)
Start importing Assets/Knight Files/Knight PNG/Knight_crouch_0.png using Guid(852ed71025819974eaee06b652ba82bb) Importer(815301076,1909f56bfc062723c751e8b465ee728b)  -> (artifact id: '5cb0f8a4146f1bfa21b875888677f68f') in 0.014984 seconds
  Import took 0.017417 seconds .

========================================================================
Received Import Request.
  Time since last request: 0.000173 seconds.
  path: Assets/Knight Files/Knight PNG/Knight_attack_03.png
  artifactKey: Guid(0ffdf19da652afe48a12609e61ed7b94) Importer(815301076,1909f56bfc062723c751e8b465ee728b)
Start importing Assets/Knight Files/Knight PNG/Knight_attack_03.png using Guid(0ffdf19da652afe48a12609e61ed7b94) Importer(815301076,1909f56bfc062723c751e8b465ee728b)  -> (artifact id: 'efad42b9f172e5e6fb18b9f6e32a0aa7') in 0.015264 seconds
  Import took 0.017498 seconds .

========================================================================
Received Import Request.
  Time since last request: 0.000179 seconds.
  path: Assets/Knight Files/Knight PNG/Knight_die_04.png
  artifactKey: Guid(20eaf3352119b4a498d894619016f686) Importer(815301076,1909f56bfc062723c751e8b465ee728b)
Start importing Assets/Knight Files/Knight PNG/Knight_die_04.png using Guid(20eaf3352119b4a498d894619016f686) Importer(815301076,1909f56bfc062723c751e8b465ee728b)  -> (artifact id: '12197251c3bec17a25c56cedd581daf4') in 0.016633 seconds
  Import took 0.019191 seconds .

========================================================================
Received Import Request.
  Time since last request: 0.000201 seconds.
  path: Assets/Knight Files/Knight PNG/Knight_die_02.png
  artifactKey: Guid(11592a0b5f1d84c42b31729914d8ef78) Importer(815301076,1909f56bfc062723c751e8b465ee728b)
Start importing Assets/Knight Files/Knight PNG/Knight_die_02.png using Guid(11592a0b5f1d84c42b31729914d8ef78) Importer(815301076,1909f56bfc062723c751e8b465ee728b)  -> (artifact id: '9694c43a84d8930b4e3765ff600201af') in 0.018223 seconds
  Import took 0.020900 seconds .

========================================================================
Received Import Request.
  Time since last request: 0.000172 seconds.
  path: Assets/Knight Files/Knight PNG/Knight_block_04.png
  artifactKey: Guid(18ffd7c532c870c4d8ac5bfa7f53be4f) Importer(815301076,1909f56bfc062723c751e8b465ee728b)
Start importing Assets/Knight Files/Knight PNG/Knight_block_04.png using Guid(18ffd7c532c870c4d8ac5bfa7f53be4f) Importer(815301076,1909f56bfc062723c751e8b465ee728b)  -> (artifact id: 'da6eba8bb80b99df2b27fb243eec42ed') in 0.014430 seconds
  Import took 0.016847 seconds .

========================================================================
Received Import Request.
  Time since last request: 0.000165 seconds.
  path: Assets/Knight Files/Knight PNG/Knight_attack_06.png
  artifactKey: Guid(0c673844191288945b65f8f4ea934f2f) Importer(815301076,1909f56bfc062723c751e8b465ee728b)
Start importing Assets/Knight Files/Knight PNG/Knight_attack_06.png using Guid(0c673844191288945b65f8f4ea934f2f) Importer(815301076,1909f56bfc062723c751e8b465ee728b)  -> (artifact id: 'ccea44418695234abf2f5865baf288a9') in 0.016418 seconds
  Import took 0.018789 seconds .

========================================================================
Received Import Request.
  Time since last request: 0.000194 seconds.
  path: Assets/Knight Files/Knight PNG/Knight_attack_05.png
  artifactKey: Guid(2d634060b61eb214a949fcd4b88122d9) Importer(815301076,1909f56bfc062723c751e8b465ee728b)
Start importing Assets/Knight Files/Knight PNG/Knight_attack_05.png using Guid(2d634060b61eb214a949fcd4b88122d9) Importer(815301076,1909f56bfc062723c751e8b465ee728b)  -> (artifact id: '83e4d9b03256343139965e2a2cd9ca07') in 0.018918 seconds
  Import took 0.021343 seconds .

========================================================================
Received Import Request.
  Time since last request: 0.000209 seconds.
  path: Assets/Knight Files/Knight PNG/Knight_die_01.png
  artifactKey: Guid(d31612dc50d7c944ca419836362a0112) Importer(815301076,1909f56bfc062723c751e8b465ee728b)
Start importing Assets/Knight Files/Knight PNG/Knight_die_01.png using Guid(d31612dc50d7c944ca419836362a0112) Importer(815301076,1909f56bfc062723c751e8b465ee728b)  -> (artifact id: '01207b4913967a6c810e3abf91cf4921') in 0.014260 seconds
  Import took 0.016597 seconds .

========================================================================
Received Import Request.
  Time since last request: 0.000159 seconds.
  path: Assets/Knight Files/Knight PNG/Knight_dash_03.png
  artifactKey: Guid(44301e48dd6a11e4d985f5846d6c89a0) Importer(815301076,1909f56bfc062723c751e8b465ee728b)
Start importing Assets/Knight Files/Knight PNG/Knight_dash_03.png using Guid(44301e48dd6a11e4d985f5846d6c89a0) Importer(815301076,1909f56bfc062723c751e8b465ee728b)  -> (artifact id: '7bb984a5d1cb64c0940ba63d7d40a20f') in 0.015754 seconds
  Import took 0.018416 seconds .

========================================================================
Received Import Request.
  Time since last request: 0.000182 seconds.
  path: Assets/Knight Files/Knight PNG/Knight_dizzy_02.png
  artifactKey: Guid(6ed4d5bbba75aa94c908353149559cbc) Importer(815301076,1909f56bfc062723c751e8b465ee728b)
Start importing Assets/Knight Files/Knight PNG/Knight_dizzy_02.png using Guid(6ed4d5bbba75aa94c908353149559cbc) Importer(815301076,1909f56bfc062723c751e8b465ee728b)  -> (artifact id: 'f8ad87652a72254e5a9aa0587812aa30') in 0.018470 seconds
  Import took 0.021112 seconds .

========================================================================
Received Import Request.
  Time since last request: 0.000161 seconds.
  path: Assets/Knight Files/Knight PNG/Knight_idle_03.png
  artifactKey: Guid(754f43f8fc4997f42b16428846136321) Importer(815301076,1909f56bfc062723c751e8b465ee728b)
Start importing Assets/Knight Files/Knight PNG/Knight_idle_03.png using Guid(754f43f8fc4997f42b16428846136321) Importer(815301076,1909f56bfc062723c751e8b465ee728b)  -> (artifact id: '0697c00e2d50020c00ad4b23c6bbf56a') in 0.018120 seconds
  Import took 0.020377 seconds .

========================================================================
Received Import Request.
  Time since last request: 0.000191 seconds.
  path: Assets/Knight Files/Knight PNG/Knight_block_03.png
  artifactKey: Guid(f19194380b336484099aab78a0470803) Importer(815301076,1909f56bfc062723c751e8b465ee728b)
Start importing Assets/Knight Files/Knight PNG/Knight_block_03.png using Guid(f19194380b336484099aab78a0470803) Importer(815301076,1909f56bfc062723c751e8b465ee728b)  -> (artifact id: '60aba24c00db5e51f8369f2b0645b0dc') in 0.014901 seconds
  Import took 0.017264 seconds .

========================================================================
Received Import Request.
  Time since last request: 0.000193 seconds.
  path: Assets/Knight Files/Knight PNG/Knight_jump_02.png
  artifactKey: Guid(355f117cc929dbb43875dd51720e2e64) Importer(815301076,1909f56bfc062723c751e8b465ee728b)
Start importing Assets/Knight Files/Knight PNG/Knight_jump_02.png using Guid(355f117cc929dbb43875dd51720e2e64) Importer(815301076,1909f56bfc062723c751e8b465ee728b)  -> (artifact id: '0d54d03e3d16cc14f1d55a8202d2ea49') in 0.014148 seconds
  Import took 0.016910 seconds .

========================================================================
Received Import Request.
  Time since last request: 0.000204 seconds.
  path: Assets/Knight Files/Knight PNG/Knight_cast_01.png
  artifactKey: Guid(b97711f6951c24245aed6bfb9608d230) Importer(815301076,1909f56bfc062723c751e8b465ee728b)
Start importing Assets/Knight Files/Knight PNG/Knight_cast_01.png using Guid(b97711f6951c24245aed6bfb9608d230) Importer(815301076,1909f56bfc062723c751e8b465ee728b)  -> (artifact id: '640492d7b4fb4e669b25a93d5af97736') in 0.013781 seconds
  Import took 0.016720 seconds .

========================================================================
Received Import Request.
  Time since last request: 0.000202 seconds.
  path: Assets/Knight Files/Knight PNG/Knight_cast_02.png
  artifactKey: Guid(e0ee6519b33fbfb408dffd97edee7ebd) Importer(815301076,1909f56bfc062723c751e8b465ee728b)
Start importing Assets/Knight Files/Knight PNG/Knight_cast_02.png using Guid(e0ee6519b33fbfb408dffd97edee7ebd) Importer(815301076,1909f56bfc062723c751e8b465ee728b)  -> (artifact id: '75fe1da57844c6baa9125d92f75da8ee') in 0.014986 seconds
  Import took 0.017609 seconds .

========================================================================
Received Import Request.
  Time since last request: 0.000164 seconds.
  path: Assets/Knight Files/Knight PNG/Knight_cast_05.png
  artifactKey: Guid(4890fd93cbdf943489b0cc47d6c1ab5d) Importer(815301076,1909f56bfc062723c751e8b465ee728b)
Start importing Assets/Knight Files/Knight PNG/Knight_cast_05.png using Guid(4890fd93cbdf943489b0cc47d6c1ab5d) Importer(815301076,1909f56bfc062723c751e8b465ee728b)  -> (artifact id: 'c980fd965c95143678376888ed282f40') in 0.018044 seconds
  Import took 0.020341 seconds .

========================================================================
Received Import Request.
  Time since last request: 0.000173 seconds.
  path: Assets/Knight Files/Knight PNG/Knight_hurt_02.png
  artifactKey: Guid(71a762c8ac489fc4da05f2ffdc581140) Importer(815301076,1909f56bfc062723c751e8b465ee728b)
Start importing Assets/Knight Files/Knight PNG/Knight_hurt_02.png using Guid(71a762c8ac489fc4da05f2ffdc581140) Importer(815301076,1909f56bfc062723c751e8b465ee728b)  -> (artifact id: '8e0fd2a7f9a40fc3d044bb14275ab17e') in 0.014012 seconds
  Import took 0.016207 seconds .

========================================================================
Received Import Request.
  Time since last request: 0.000162 seconds.
  path: Assets/Knight Files/Knight PNG/Knight_dash_01.png
  artifactKey: Guid(cc3764316778c2342933cd8b955a0606) Importer(815301076,1909f56bfc062723c751e8b465ee728b)
Start importing Assets/Knight Files/Knight PNG/Knight_dash_01.png using Guid(cc3764316778c2342933cd8b955a0606) Importer(815301076,1909f56bfc062723c751e8b465ee728b)  -> (artifact id: '5f5350f2edd8aaaf3afbc35261945fc0') in 0.016143 seconds
  Import took 0.018532 seconds .

========================================================================
Received Import Request.
  Time since last request: 0.000183 seconds.
  path: Assets/Knight Files/Knight PNG/Knight_die_06.png
  artifactKey: Guid(98dda13dc8bdd7942a802db594a5fae3) Importer(815301076,1909f56bfc062723c751e8b465ee728b)
Start importing Assets/Knight Files/Knight PNG/Knight_die_06.png using Guid(98dda13dc8bdd7942a802db594a5fae3) Importer(815301076,1909f56bfc062723c751e8b465ee728b)  -> (artifact id: '0f83fc8ec8e1a1c59c4e4151812db253') in 0.015312 seconds
  Import took 0.018436 seconds .

========================================================================
Received Import Request.
  Time since last request: 0.000191 seconds.
  path: Assets/Knight Files/Knight PNG/Knight_dizzy_03.png
  artifactKey: Guid(c349fdd17e40e7643a59d945a37adcd1) Importer(815301076,1909f56bfc062723c751e8b465ee728b)
Start importing Assets/Knight Files/Knight PNG/Knight_dizzy_03.png using Guid(c349fdd17e40e7643a59d945a37adcd1) Importer(815301076,1909f56bfc062723c751e8b465ee728b)  -> (artifact id: 'b6d902a7baad9a76fb62182791eec8a7') in 0.015872 seconds
  Import took 0.018517 seconds .

========================================================================
Received Import Request.
  Time since last request: 0.000183 seconds.
  path: Assets/Knight Files/Knight PNG/Knight_die_05.png
  artifactKey: Guid(8143c843fd2934a4880584640fa50c21) Importer(815301076,1909f56bfc062723c751e8b465ee728b)
Start importing Assets/Knight Files/Knight PNG/Knight_die_05.png using Guid(8143c843fd2934a4880584640fa50c21) Importer(815301076,1909f56bfc062723c751e8b465ee728b)  -> (artifact id: 'ed076a079efc70d3e2c54b04ece5a3ea') in 0.015086 seconds
  Import took 0.017499 seconds .

========================================================================
Received Import Request.
  Time since last request: 0.000195 seconds.
  path: Assets/Knight Files/Knight PNG/Knight_idle_02.png
  artifactKey: Guid(e70ab950968e2ef439f986ec395141c6) Importer(815301076,1909f56bfc062723c751e8b465ee728b)
Start importing Assets/Knight Files/Knight PNG/Knight_idle_02.png using Guid(e70ab950968e2ef439f986ec395141c6) Importer(815301076,1909f56bfc062723c751e8b465ee728b)  -> (artifact id: 'ae73c6d2ec447eca57aa0e4a8d0a45ba') in 0.015160 seconds
  Import took 0.017841 seconds .

========================================================================
Received Import Request.
  Time since last request: 0.000191 seconds.
  path: Assets/Knight Files/Knight PNG/Knight_idle_01.png
  artifactKey: Guid(84ce2f114ad12bd4ebafc77060220324) Importer(815301076,1909f56bfc062723c751e8b465ee728b)
Start importing Assets/Knight Files/Knight PNG/Knight_idle_01.png using Guid(84ce2f114ad12bd4ebafc77060220324) Importer(815301076,1909f56bfc062723c751e8b465ee728b)  -> (artifact id: '8af5a8af76f67a91ee19122fb1bbd2dd') in 0.016325 seconds
  Import took 0.018719 seconds .

========================================================================
Received Import Request.
  Time since last request: 0.000218 seconds.
  path: Assets/Knight Files/Knight PNG/Knight_idle_05.png
  artifactKey: Guid(4a643494bdea168479e8de8698775b85) Importer(815301076,1909f56bfc062723c751e8b465ee728b)
Start importing Assets/Knight Files/Knight PNG/Knight_idle_05.png using Guid(4a643494bdea168479e8de8698775b85) Importer(815301076,1909f56bfc062723c751e8b465ee728b)  -> (artifact id: '1624c6f14454e7fef507626474565d39') in 0.016838 seconds
  Import took 0.019290 seconds .

========================================================================
Received Import Request.
  Time since last request: 0.000235 seconds.
  path: Assets/Knight Files/Knight PNG/Knight_block_01.png
  artifactKey: Guid(5cfc8e09a9a6be647958e6f33e5337d6) Importer(815301076,1909f56bfc062723c751e8b465ee728b)
Start importing Assets/Knight Files/Knight PNG/Knight_block_01.png using Guid(5cfc8e09a9a6be647958e6f33e5337d6) Importer(815301076,1909f56bfc062723c751e8b465ee728b)  -> (artifact id: 'e242a10073bc602d26f6001e232e17a6') in 0.016470 seconds
  Import took 0.019440 seconds .

========================================================================
Received Import Request.
  Time since last request: 0.000251 seconds.
  path: Assets/Knight Files/Knight PNG/Knight_dizzy_01.png
  artifactKey: Guid(5727589126812804db2743e7f3c13bea) Importer(815301076,1909f56bfc062723c751e8b465ee728b)
Start importing Assets/Knight Files/Knight PNG/Knight_dizzy_01.png using Guid(5727589126812804db2743e7f3c13bea) Importer(815301076,1909f56bfc062723c751e8b465ee728b)  -> (artifact id: 'c5e7398c42d0c8ca6104a2eb517efbb4') in 0.019958 seconds
  Import took 0.022858 seconds .

========================================================================
Received Import Request.
  Time since last request: 0.000200 seconds.
  path: Assets/Knight Files/Knight PNG/Knight_jumpAttack_01.png
  artifactKey: Guid(0a4d423af81ef4f409f288a957a6f6ff) Importer(815301076,1909f56bfc062723c751e8b465ee728b)
Start importing Assets/Knight Files/Knight PNG/Knight_jumpAttack_01.png using Guid(0a4d423af81ef4f409f288a957a6f6ff) Importer(815301076,1909f56bfc062723c751e8b465ee728b)  -> (artifact id: '0be6677fdf8612440844d126d6e177de') in 0.017301 seconds
  Import took 0.020021 seconds .

========================================================================
Received Import Request.
  Time since last request: 0.000334 seconds.
  path: Assets/Knight Files/Knight PNG/Knight_hurt_01.png
  artifactKey: Guid(97b66dffb07ccfe48a6fe981c87cf40a) Importer(815301076,1909f56bfc062723c751e8b465ee728b)
Start importing Assets/Knight Files/Knight PNG/Knight_hurt_01.png using Guid(97b66dffb07ccfe48a6fe981c87cf40a) Importer(815301076,1909f56bfc062723c751e8b465ee728b)  -> (artifact id: '3dc7d8d840a3f066c40957e589224498') in 0.018473 seconds
  Import took 0.021554 seconds .

========================================================================
Received Import Request.
  Time since last request: 0.000236 seconds.
  path: Assets/Knight Files/Knight PNG/Knight_cast_04.png
  artifactKey: Guid(75fdd5fab73368241af6833a5b8a660f) Importer(815301076,1909f56bfc062723c751e8b465ee728b)
Start importing Assets/Knight Files/Knight PNG/Knight_cast_04.png using Guid(75fdd5fab73368241af6833a5b8a660f) Importer(815301076,1909f56bfc062723c751e8b465ee728b)  -> (artifact id: 'ad62860ca6d6fef22acd48c16f2e2c84') in 0.018382 seconds
  Import took 0.021287 seconds .

========================================================================
Received Import Request.
  Time since last request: 0.000216 seconds.
  path: Assets/Knight Files/Knight PNG/Knight_attack_02.png
  artifactKey: Guid(97c6ebd3ca4f107448b3b2d9b16e5d6d) Importer(815301076,1909f56bfc062723c751e8b465ee728b)
Start importing Assets/Knight Files/Knight PNG/Knight_attack_02.png using Guid(97c6ebd3ca4f107448b3b2d9b16e5d6d) Importer(815301076,1909f56bfc062723c751e8b465ee728b)  -> (artifact id: '58f5fdbd55bbd301b6bfe6d2d680bd1b') in 0.015647 seconds
  Import took 0.018381 seconds .

========================================================================
Received Import Request.
  Time since last request: 0.000173 seconds.
  path: Assets/Knight Files/Knight PNG/Knight_jump_01.png
  artifactKey: Guid(7aa182603b724964d971bbfdfa1d309d) Importer(815301076,1909f56bfc062723c751e8b465ee728b)
Start importing Assets/Knight Files/Knight PNG/Knight_jump_01.png using Guid(7aa182603b724964d971bbfdfa1d309d) Importer(815301076,1909f56bfc062723c751e8b465ee728b)  -> (artifact id: '0239a9d7d4a835a84f7fbc651ee8f9e4') in 0.015420 seconds
  Import took 0.017715 seconds .

========================================================================
Received Import Request.
  Time since last request: 0.000190 seconds.
  path: Assets/Knight Files/Knight PNG/Knight_attack_04.png
  artifactKey: Guid(a1b4b1f3ee0e4664aada556dbd4c246d) Importer(815301076,1909f56bfc062723c751e8b465ee728b)
Start importing Assets/Knight Files/Knight PNG/Knight_attack_04.png using Guid(a1b4b1f3ee0e4664aada556dbd4c246d) Importer(815301076,1909f56bfc062723c751e8b465ee728b)  -> (artifact id: '342dea9be24745e2777d35f7e9165877') in 0.017790 seconds
  Import took 0.020597 seconds .

========================================================================
Received Import Request.
  Time since last request: 0.000182 seconds.
  path: Assets/Knight Files/Knight PNG/Knight_dash_02.png
  artifactKey: Guid(d01f5abdf66dfaa4f8969d2db66c9e72) Importer(815301076,1909f56bfc062723c751e8b465ee728b)
Start importing Assets/Knight Files/Knight PNG/Knight_dash_02.png using Guid(d01f5abdf66dfaa4f8969d2db66c9e72) Importer(815301076,1909f56bfc062723c751e8b465ee728b)  -> (artifact id: '61890488bacb2859bcfe1145009a9048') in 0.015698 seconds
  Import took 0.018239 seconds .

========================================================================
Received Import Request.
  Time since last request: 0.000202 seconds.
  path: Assets/Knight Files/Knight PNG/Knight_idle_04.png
  artifactKey: Guid(7425003c38c00d144af86a40ba87c12d) Importer(815301076,1909f56bfc062723c751e8b465ee728b)
Start importing Assets/Knight Files/Knight PNG/Knight_idle_04.png using Guid(7425003c38c00d144af86a40ba87c12d) Importer(815301076,1909f56bfc062723c751e8b465ee728b)  -> (artifact id: 'b2ba5fb43890852bbe0286b3d6f17cfe') in 0.015820 seconds
  Import took 0.018457 seconds .

========================================================================
Received Import Request.
  Time since last request: 0.000177 seconds.
  path: Assets/Knight Files/Knight PNG/Knight_die_03.png
  artifactKey: Guid(efa1e239a79810d49ac4322b079f27b9) Importer(815301076,1909f56bfc062723c751e8b465ee728b)
Start importing Assets/Knight Files/Knight PNG/Knight_die_03.png using Guid(efa1e239a79810d49ac4322b079f27b9) Importer(815301076,1909f56bfc062723c751e8b465ee728b)  -> (artifact id: 'a6ef8c7faa713f58fb20c83de2081000') in 0.016636 seconds
  Import took 0.019108 seconds .

========================================================================
Received Import Request.
  Time since last request: 0.000188 seconds.
  path: Assets/Knight Files/Knight PNG/Knight_die_08.png
  artifactKey: Guid(68b0159974b8f1c4fabb133d28ac2a9d) Importer(815301076,1909f56bfc062723c751e8b465ee728b)
Start importing Assets/Knight Files/Knight PNG/Knight_die_08.png using Guid(68b0159974b8f1c4fabb133d28ac2a9d) Importer(815301076,1909f56bfc062723c751e8b465ee728b)  -> (artifact id: '453b5a794fc73d402299a1346e90eb3f') in 0.014684 seconds
  Import took 0.017277 seconds .

========================================================================
Received Import Request.
  Time since last request: 10.125344 seconds.
  path: Assets/Pixel Adventure 2/Assets/Enemies/Ghost/Appear (44x30).png
  artifactKey: Guid(a26831e3796d4f6498e8400f4a01326b) Importer(815301076,1909f56bfc062723c751e8b465ee728b)
Start importing Assets/Pixel Adventure 2/Assets/Enemies/Ghost/Appear (44x30).png using Guid(a26831e3796d4f6498e8400f4a01326b) Importer(815301076,1909f56bfc062723c751e8b465ee728b)  -> (artifact id: '7bedf5c8da19f57cda1b8d177284cea7') in 0.022003 seconds
  Import took 0.024838 seconds .

========================================================================
Received Import Request.
  Time since last request: 0.000203 seconds.
  path: Assets/Pixel Adventure 2/Assets/Enemies/Bee/Attack (36x34).png
  artifactKey: Guid(91b25275eae7e0d42a0f271880e21b72) Importer(815301076,1909f56bfc062723c751e8b465ee728b)
Start importing Assets/Pixel Adventure 2/Assets/Enemies/Bee/Attack (36x34).png using Guid(91b25275eae7e0d42a0f271880e21b72) Importer(815301076,1909f56bfc062723c751e8b465ee728b)  -> (artifact id: '475904b82d929118aa28557de4f100d2') in 0.031063 seconds
  Import took 0.034205 seconds .

========================================================================
Received Import Request.
  Time since last request: 0.000279 seconds.
  path: Assets/Pixel Adventure 2/Assets/Enemies/Ghost/Appear (44x30).png
  artifactKey: Guid(a26831e3796d4f6498e8400f4a01326b) Importer(815301076,1909f56bfc062723c751e8b465ee728b)
Start importing Assets/Pixel Adventure 2/Assets/Enemies/Ghost/Appear (44x30).png using Guid(a26831e3796d4f6498e8400f4a01326b) Importer(815301076,1909f56bfc062723c751e8b465ee728b)  -> (artifact id: '7bedf5c8da19f57cda1b8d177284cea7') in 0.011992 seconds
  Import took 0.014603 seconds .

========================================================================
Received Import Request.
  Time since last request: 2.544029 seconds.
  path: Packages/com.unity.2d.animation/Editor/Assets/SkinningModule/Icons/Light/Bone_Influence.png
  artifactKey: Guid(e92fc44f12c21dd44a49e390f39f7ffd) Importer(815301076,1909f56bfc062723c751e8b465ee728b)
Start importing Packages/com.unity.2d.animation/Editor/Assets/SkinningModule/Icons/Light/Bone_Influence.png using Guid(e92fc44f12c21dd44a49e390f39f7ffd) Importer(815301076,1909f56bfc062723c751e8b465ee728b)  -> (artifact id: '499e84d6d4b1ad6d391f367df621f21d') in 0.024495 seconds
  Import took 0.027228 seconds .

========================================================================
Received Import Request.
  Time since last request: 0.000207 seconds.
  path: Packages/com.unity.2d.animation/Editor/Assets/SkinningModule/Icons/Light/Bone_Influence@2x.png
  artifactKey: Guid(7395bf0bc3cc40e4ab2dda5ec6832261) Importer(815301076,1909f56bfc062723c751e8b465ee728b)
Start importing Packages/com.unity.2d.animation/Editor/Assets/SkinningModule/Icons/Light/Bone_Influence@2x.png using Guid(7395bf0bc3cc40e4ab2dda5ec6832261) Importer(815301076,1909f56bfc062723c751e8b465ee728b)  -> (artifact id: '7981b1e59f0130c6ddcdf211529fa047') in 0.022514 seconds
  Import took 0.024893 seconds .

========================================================================
Received Import Request.
  Time since last request: 0.000233 seconds.
  path: Packages/com.unity.2d.animation/Editor/Assets/SkinningModule/Icons/Selected/Bone_Influence@4x.png
  artifactKey: Guid(daf2ab606d4db0d4f9ecf4c02137d2a8) Importer(815301076,1909f56bfc062723c751e8b465ee728b)
Start importing Packages/com.unity.2d.animation/Editor/Assets/SkinningModule/Icons/Selected/Bone_Influence@4x.png using Guid(daf2ab606d4db0d4f9ecf4c02137d2a8) Importer(815301076,1909f56bfc062723c751e8b465ee728b)  -> (artifact id: '4a3faee77e1dcbfdd0971f6dcbf50ee2') in 0.026405 seconds
  Import took 0.028877 seconds .

========================================================================
Received Import Request.
  Time since last request: 0.000208 seconds.
  path: Assets/Pixel Adventure 2/Assets/Enemies/Plant/Bullet Pieces (16x16).png
  artifactKey: Guid(44bf90fb9fb70524c87497a99496921c) Importer(815301076,1909f56bfc062723c751e8b465ee728b)
Start importing Assets/Pixel Adventure 2/Assets/Enemies/Plant/Bullet Pieces (16x16).png using Guid(44bf90fb9fb70524c87497a99496921c) Importer(815301076,1909f56bfc062723c751e8b465ee728b)  -> (artifact id: 'fd2360df499645be0e127738b1e48b5c') in 0.015895 seconds
  Import took 0.018425 seconds .

========================================================================
Received Import Request.
  Time since last request: 0.000179 seconds.
  path: Packages/com.unity.2d.animation/Editor/Assets/SkinningModule/Icons/Selected/Bone_Influence@2x.png
  artifactKey: Guid(0779ad3feec52124e97114bcbb12ef13) Importer(815301076,1909f56bfc062723c751e8b465ee728b)
Start importing Packages/com.unity.2d.animation/Editor/Assets/SkinningModule/Icons/Selected/Bone_Influence@2x.png using Guid(0779ad3feec52124e97114bcbb12ef13) Importer(815301076,1909f56bfc062723c751e8b465ee728b)  -> (artifact id: 'b520eef1c09c73f6c7f25d28131b78b0') in 0.023516 seconds
  Import took 0.025953 seconds .

========================================================================
Received Import Request.
  Time since last request: 0.000181 seconds.
  path: Packages/com.unity.2d.animation/Editor/Assets/SkinningModule/Icons/Selected/Bone_Influence.png
  artifactKey: Guid(ff00345da0563d641903c5bd5bb748a4) Importer(815301076,1909f56bfc062723c751e8b465ee728b)
Start importing Packages/com.unity.2d.animation/Editor/Assets/SkinningModule/Icons/Selected/Bone_Influence.png using Guid(ff00345da0563d641903c5bd5bb748a4) Importer(815301076,1909f56bfc062723c751e8b465ee728b)  -> (artifact id: '102906cf1f523f0e5c1bdfff09b00f12') in 0.023129 seconds
  Import took 0.025633 seconds .

========================================================================
Received Import Request.
  Time since last request: 0.000164 seconds.
  path: Packages/com.unity.2d.animation/Editor/Assets/SkinningModule/Icons/Light/Bone_Influence@3x.png
  artifactKey: Guid(cee9dbe90b270c944ae1dabf41c93b10) Importer(815301076,1909f56bfc062723c751e8b465ee728b)
Start importing Packages/com.unity.2d.animation/Editor/Assets/SkinningModule/Icons/Light/Bone_Influence@3x.png using Guid(cee9dbe90b270c944ae1dabf41c93b10) Importer(815301076,1909f56bfc062723c751e8b465ee728b)  -> (artifact id: 'f3daae0aa81a6869751eb4fc1d0599b3') in 0.022150 seconds
  Import took 0.024374 seconds .

========================================================================
Received Import Request.
  Time since last request: 0.000241 seconds.
  path: Packages/com.unity.2d.animation/Editor/Assets/SkinningModule/Icons/Selected/Bone_Influence@3x.png
  artifactKey: Guid(68e5a78013e33f247822a837e55b0ab4) Importer(815301076,1909f56bfc062723c751e8b465ee728b)
Start importing Packages/com.unity.2d.animation/Editor/Assets/SkinningModule/Icons/Selected/Bone_Influence@3x.png using Guid(68e5a78013e33f247822a837e55b0ab4) Importer(815301076,1909f56bfc062723c751e8b465ee728b)  -> (artifact id: '1d10c05221a42e9fc8174ca8dae9cf2d') in 0.020712 seconds
  Import took 0.023168 seconds .

========================================================================
Received Import Request.
  Time since last request: 0.000192 seconds.
  path: Packages/com.unity.2d.animation/Editor/Assets/SkinningModule/Icons/Light/Bone_Influence.png
  artifactKey: Guid(e92fc44f12c21dd44a49e390f39f7ffd) Importer(815301076,1909f56bfc062723c751e8b465ee728b)
Start importing Packages/com.unity.2d.animation/Editor/Assets/SkinningModule/Icons/Light/Bone_Influence.png using Guid(e92fc44f12c21dd44a49e390f39f7ffd) Importer(815301076,1909f56bfc062723c751e8b465ee728b)  -> (artifact id: '499e84d6d4b1ad6d391f367df621f21d') in 0.007444 seconds
  Import took 0.009696 seconds .

========================================================================
Received Import Request.
  Time since last request: 0.000164 seconds.
  path: Packages/com.unity.2d.animation/Editor/Assets/SkinningModule/Icons/Light/Bone_Influence@4x.png
  artifactKey: Guid(c7aa62ae78ffca0498c89e5f45f94c0e) Importer(815301076,1909f56bfc062723c751e8b465ee728b)
Start importing Packages/com.unity.2d.animation/Editor/Assets/SkinningModule/Icons/Light/Bone_Influence@4x.png using Guid(c7aa62ae78ffca0498c89e5f45f94c0e) Importer(815301076,1909f56bfc062723c751e8b465ee728b)  -> (artifact id: '79299dc8c34b6522ae7614c0bca5b7d2') in 0.022601 seconds
  Import took 0.025267 seconds .

========================================================================
Received Import Request.
  Time since last request: 0.000167 seconds.
  path: Assets/Pixel Adventure 2/Assets/Enemies/Trunk/Bullet Pieces (16x16).png
  artifactKey: Guid(c311c0181264099438b146cd005da065) Importer(815301076,1909f56bfc062723c751e8b465ee728b)
Start importing Assets/Pixel Adventure 2/Assets/Enemies/Trunk/Bullet Pieces (16x16).png using Guid(c311c0181264099438b146cd005da065) Importer(815301076,1909f56bfc062723c751e8b465ee728b)  -> (artifact id: 'bc0508efcd95b08b46d7cc36f26270dd') in 0.015141 seconds
  Import took 0.017769 seconds .

========================================================================
Received Import Request.
  Time since last request: 0.000183 seconds.
  path: Assets/Pixel Adventure 2/Assets/Enemies/Bee/Bullet Pieces (16x16).png
  artifactKey: Guid(5cdecb593477c59478ebc0b2d9695ae6) Importer(815301076,1909f56bfc062723c751e8b465ee728b)
Start importing Assets/Pixel Adventure 2/Assets/Enemies/Bee/Bullet Pieces (16x16).png using Guid(5cdecb593477c59478ebc0b2d9695ae6) Importer(815301076,1909f56bfc062723c751e8b465ee728b)  -> (artifact id: '40b3b144ebbabd43a4d5a33a3f7f93f3') in 0.014868 seconds
  Import took 0.017214 seconds .

========================================================================
Received Import Request.
  Time since last request: 14.825879 seconds.
  path: Assets/Pixel Adventure 2/Assets/Enemies/Mushroom/Hit (32x32).png
  artifactKey: Guid(16ac26d8f06504f4f9b4ec5b7514595b) Importer(815301076,1909f56bfc062723c751e8b465ee728b)
Start importing Assets/Pixel Adventure 2/Assets/Enemies/Mushroom/Hit (32x32).png using Guid(16ac26d8f06504f4f9b4ec5b7514595b) Importer(815301076,1909f56bfc062723c751e8b465ee728b)  -> (artifact id: '695c7c1d872e4411ebf8aa25a76af95c') in 0.022018 seconds
  Import took 0.025402 seconds .

========================================================================
Received Import Request.
  Time since last request: 0.000233 seconds.
  path: Assets/Pixel Adventure 2/Assets/Enemies/Mushroom/Idle (32x32).png
  artifactKey: Guid(a6465882e447a7346b1d80709f6094be) Importer(815301076,1909f56bfc062723c751e8b465ee728b)
Start importing Assets/Pixel Adventure 2/Assets/Enemies/Mushroom/Idle (32x32).png using Guid(a6465882e447a7346b1d80709f6094be) Importer(815301076,1909f56bfc062723c751e8b465ee728b)  -> (artifact id: '07fc8f9ce46005ff1836ddab164c5145') in 0.040028 seconds
  Import took 0.043486 seconds .

========================================================================
Received Import Request.
  Time since last request: 0.000200 seconds.
  path: Assets/Pixel Adventure 2/Assets/Enemies/Mushroom/Hit (32x32).png
  artifactKey: Guid(16ac26d8f06504f4f9b4ec5b7514595b) Importer(815301076,1909f56bfc062723c751e8b465ee728b)
Start importing Assets/Pixel Adventure 2/Assets/Enemies/Mushroom/Hit (32x32).png using Guid(16ac26d8f06504f4f9b4ec5b7514595b) Importer(815301076,1909f56bfc062723c751e8b465ee728b)  -> (artifact id: '695c7c1d872e4411ebf8aa25a76af95c') in 0.012538 seconds
  Import took 0.015327 seconds .

========================================================================
Received Import Request.
  Time since last request: 0.000185 seconds.
  path: Assets/Pixel Adventure 2/Assets/Enemies/Mushroom/Idle (32x32).png
  artifactKey: Guid(a6465882e447a7346b1d80709f6094be) Importer(815301076,1909f56bfc062723c751e8b465ee728b)
Start importing Assets/Pixel Adventure 2/Assets/Enemies/Mushroom/Idle (32x32).png using Guid(a6465882e447a7346b1d80709f6094be) Importer(815301076,1909f56bfc062723c751e8b465ee728b)  -> (artifact id: '07fc8f9ce46005ff1836ddab164c5145') in 0.039831 seconds
  Import took 0.042765 seconds .

========================================================================
Received Import Request.
  Time since last request: 2.542988 seconds.
  path: Assets/Pixel Adventure 2/Assets/Enemies/Turtle/Idle 2 (44x26).png
  artifactKey: Guid(a9c658600a401f347888cfd916603aa4) Importer(815301076,1909f56bfc062723c751e8b465ee728b)
Start importing Assets/Pixel Adventure 2/Assets/Enemies/Turtle/Idle 2 (44x26).png using Guid(a9c658600a401f347888cfd916603aa4) Importer(815301076,1909f56bfc062723c751e8b465ee728b)  -> (artifact id: '805773a2062d55a19c18bbd8d7e054ef') in 0.041286 seconds
  Import took 0.043957 seconds .

========================================================================
Received Import Request.
  Time since last request: 0.000183 seconds.
  path: Assets/Pixel Adventure 2/Assets/Enemies/Slime/Idle-Run (44x30).png
  artifactKey: Guid(52d40d1d463a123498d838dd108b712a) Importer(815301076,1909f56bfc062723c751e8b465ee728b)
Start importing Assets/Pixel Adventure 2/Assets/Enemies/Slime/Idle-Run (44x30).png using Guid(52d40d1d463a123498d838dd108b712a) Importer(815301076,1909f56bfc062723c751e8b465ee728b)  -> (artifact id: '309deac4624b454dba98600ef31edbb5') in 0.030617 seconds
  Import took 0.033541 seconds .

========================================================================
Received Import Request.
  Time since last request: 0.000174 seconds.
  path: Assets/Pixel Adventure 2/Assets/Enemies/Skull/Idle 2 (52x54).png
  artifactKey: Guid(ed57a13d678b6614fa329888af09bde2) Importer(815301076,1909f56bfc062723c751e8b465ee728b)
Start importing Assets/Pixel Adventure 2/Assets/Enemies/Skull/Idle 2 (52x54).png using Guid(ed57a13d678b6614fa329888af09bde2) Importer(815301076,1909f56bfc062723c751e8b465ee728b)  -> (artifact id: '9ae10a837701f9cc587e1120a68fc2f3') in 0.025911 seconds
  Import took 0.028574 seconds .

========================================================================
Received Import Request.
  Time since last request: 0.000225 seconds.
  path: Assets/Pixel Adventure 2/Assets/Enemies/Duck/Jump Anticipation (36x36).png
  artifactKey: Guid(424cf879be82f4745858acac29c12ee3) Importer(815301076,1909f56bfc062723c751e8b465ee728b)
Start importing Assets/Pixel Adventure 2/Assets/Enemies/Duck/Jump Anticipation (36x36).png using Guid(424cf879be82f4745858acac29c12ee3) Importer(815301076,1909f56bfc062723c751e8b465ee728b)  -> (artifact id: '9f0f211e99020537721ab52a8ec5020b') in 0.023498 seconds
  Import took 0.026267 seconds .

========================================================================
Received Import Request.
  Time since last request: 0.017760 seconds.
  path: Assets/Pixel Adventure 2/Assets/Enemies/Duck/Jump Anticipation (36x36).png
  artifactKey: Guid(424cf879be82f4745858acac29c12ee3) Importer(815301076,1909f56bfc062723c751e8b465ee728b)
Start importing Assets/Pixel Adventure 2/Assets/Enemies/Duck/Jump Anticipation (36x36).png using Guid(424cf879be82f4745858acac29c12ee3) Importer(815301076,1909f56bfc062723c751e8b465ee728b)  -> (artifact id: '9f0f211e99020537721ab52a8ec5020b') in 0.012437 seconds
  Import took 0.015270 seconds .

========================================================================
Received Import Request.
  Time since last request: 6.522843 seconds.
  path: Assets/Pixel Adventure 2/Assets/Enemies/FatBird/Ground (40x48).png
  artifactKey: Guid(1b30865eb3e4c8e4c98659ab87085cf7) Importer(815301076,1909f56bfc062723c751e8b465ee728b)
Start importing Assets/Pixel Adventure 2/Assets/Enemies/FatBird/Ground (40x48).png using Guid(1b30865eb3e4c8e4c98659ab87085cf7) Importer(815301076,1909f56bfc062723c751e8b465ee728b)  -> (artifact id: '881b96566c3e5ad937ff8b4f6a05bf97') in 0.019990 seconds
  Import took 0.022924 seconds .

========================================================================
Received Import Request.
  Time since last request: 0.000203 seconds.
  path: Assets/Pixel Adventure 2/Assets/Enemies/BlueBird/Hit (32x32).png
  artifactKey: Guid(a84745caca919394ea0a3541417402d8) Importer(815301076,1909f56bfc062723c751e8b465ee728b)
Start importing Assets/Pixel Adventure 2/Assets/Enemies/BlueBird/Hit (32x32).png using Guid(a84745caca919394ea0a3541417402d8) Importer(815301076,1909f56bfc062723c751e8b465ee728b)  -> (artifact id: 'dbd8a0f203aa002ccee36d3b7880add4') in 0.019596 seconds
  Import took 0.022585 seconds .

========================================================================
Received Import Request.
  Time since last request: 0.000181 seconds.
  path: Assets/Pixel Adventure 2/Assets/Enemies/FatBird/Ground (40x48).png
  artifactKey: Guid(1b30865eb3e4c8e4c98659ab87085cf7) Importer(815301076,1909f56bfc062723c751e8b465ee728b)
Start importing Assets/Pixel Adventure 2/Assets/Enemies/FatBird/Ground (40x48).png using Guid(1b30865eb3e4c8e4c98659ab87085cf7) Importer(815301076,1909f56bfc062723c751e8b465ee728b)  -> (artifact id: '881b96566c3e5ad937ff8b4f6a05bf97') in 0.012168 seconds
  Import took 0.014588 seconds .

========================================================================
Received Import Request.
  Time since last request: 0.000173 seconds.
  path: Assets/Sprites/Pixel Adventure 1/Assets/Items/Boxes/Box2/Hit (28x24).png
  artifactKey: Guid(666cdca5ea5798c4c83a4ef4b87d64c4) Importer(815301076,1909f56bfc062723c751e8b465ee728b)
Start importing Assets/Sprites/Pixel Adventure 1/Assets/Items/Boxes/Box2/Hit (28x24).png using Guid(666cdca5ea5798c4c83a4ef4b87d64c4) Importer(815301076,1909f56bfc062723c751e8b465ee728b)  -> (artifact id: '19d9fed7515ab92fb6ac948dde74cdc1') in 0.030818 seconds
  Import took 0.033465 seconds .

========================================================================
Received Import Request.
  Time since last request: 0.000164 seconds.
  path: Assets/Sprites/Pixel Adventure 1/Assets/Items/Boxes/Box1/Hit (28x24).png
  artifactKey: Guid(e3ec232265f6ad147aa2aa71472516d9) Importer(815301076,1909f56bfc062723c751e8b465ee728b)
Start importing Assets/Sprites/Pixel Adventure 1/Assets/Items/Boxes/Box1/Hit (28x24).png using Guid(e3ec232265f6ad147aa2aa71472516d9) Importer(815301076,1909f56bfc062723c751e8b465ee728b)  -> (artifact id: '91a040d2611cd60475701e7a7cf42efa') in 0.026734 seconds
  Import took 0.029256 seconds .

========================================================================
Received Import Request.
  Time since last request: 0.000177 seconds.
  path: Assets/Knight Files/Body Parts/Head.png
  artifactKey: Guid(e480585590b117443974744d58ee2162) Importer(815301076,1909f56bfc062723c751e8b465ee728b)
Start importing Assets/Knight Files/Body Parts/Head.png using Guid(e480585590b117443974744d58ee2162) Importer(815301076,1909f56bfc062723c751e8b465ee728b)  -> (artifact id: '2b9e80b6ae38fa7e980f1f17a0976767') in 0.016293 seconds
  Import took 0.018873 seconds .

========================================================================
Received Import Request.
  Time since last request: 0.000190 seconds.
  path: Assets/Sprites/Pixel Adventure 1/Assets/Items/Boxes/Box3/Hit (28x24).png
  artifactKey: Guid(c515460e432a71b45bd7784aebe881d7) Importer(815301076,1909f56bfc062723c751e8b465ee728b)
Start importing Assets/Sprites/Pixel Adventure 1/Assets/Items/Boxes/Box3/Hit (28x24).png using Guid(c515460e432a71b45bd7784aebe881d7) Importer(815301076,1909f56bfc062723c751e8b465ee728b)  -> (artifact id: '913384e805deba1660dd96a350d942fc') in 0.021895 seconds
  Import took 0.024463 seconds .

========================================================================
Received Import Request.
  Time since last request: 0.000217 seconds.
  path: Assets/Pixel Adventure 2/Assets/Enemies/Radish/Hit (30x38).png
  artifactKey: Guid(550949d173469e64b98691ac2b3d9388) Importer(815301076,1909f56bfc062723c751e8b465ee728b)
Start importing Assets/Pixel Adventure 2/Assets/Enemies/Radish/Hit (30x38).png using Guid(550949d173469e64b98691ac2b3d9388) Importer(815301076,1909f56bfc062723c751e8b465ee728b)  -> (artifact id: 'e381a160b138fedf55c96fa933f5134a') in 0.024801 seconds
  Import took 0.027162 seconds .

========================================================================
Received Import Request.
  Time since last request: 0.000437 seconds.
  path: Assets/Sprites/Pixel Adventure 1/Assets/Items/Boxes/Box3/Hit (28x24).png
  artifactKey: Guid(c515460e432a71b45bd7784aebe881d7) Importer(815301076,1909f56bfc062723c751e8b465ee728b)
Start importing Assets/Sprites/Pixel Adventure 1/Assets/Items/Boxes/Box3/Hit (28x24).png using Guid(c515460e432a71b45bd7784aebe881d7) Importer(815301076,1909f56bfc062723c751e8b465ee728b)  -> (artifact id: '913384e805deba1660dd96a350d942fc') in 0.007002 seconds
  Import took 0.009766 seconds .

========================================================================
Received Import Request.
  Time since last request: 53.215464 seconds.
  path: Assets/Knight Files/Knight PNG/Knight_jumpAttack_02.png
  artifactKey: Guid(59654bf7ee90c6c488dc992e9dff77f9) Importer(815301076,1909f56bfc062723c751e8b465ee728b)
Start importing Assets/Knight Files/Knight PNG/Knight_jumpAttack_02.png using Guid(59654bf7ee90c6c488dc992e9dff77f9) Importer(815301076,1909f56bfc062723c751e8b465ee728b)  -> (artifact id: '3adb244401cdd630b30f3d405d4a8f0a') in 0.016195 seconds
  Import took 0.019409 seconds .

========================================================================
Received Import Request.
  Time since last request: 0.000181 seconds.
  path: Assets/Knight Files/Knight PNG/Knight_jumpAttack_04.png
  artifactKey: Guid(7501c2124347b9a45b253375ee5f55f9) Importer(815301076,1909f56bfc062723c751e8b465ee728b)
Start importing Assets/Knight Files/Knight PNG/Knight_jumpAttack_04.png using Guid(7501c2124347b9a45b253375ee5f55f9) Importer(815301076,1909f56bfc062723c751e8b465ee728b)  -> (artifact id: '319a432da4ec89a1ee929526e646045f') in 0.016113 seconds
  Import took 0.019197 seconds .

========================================================================
Received Import Request.
  Time since last request: 0.000189 seconds.
  path: Assets/Knight Files/Knight PNG/Knight_walk_05.png
  artifactKey: Guid(950268a606733494f8e4b356b0100a41) Importer(815301076,1909f56bfc062723c751e8b465ee728b)
Start importing Assets/Knight Files/Knight PNG/Knight_walk_05.png using Guid(950268a606733494f8e4b356b0100a41) Importer(815301076,1909f56bfc062723c751e8b465ee728b)  -> (artifact id: '53b40db3e344faab5152ec230cf9f9df') in 0.014746 seconds
  Import took 0.017330 seconds .

========================================================================
Received Import Request.
  Time since last request: 0.000193 seconds.
  path: Assets/Knight Files/Knight PNG/Knight_walk_04.png
  artifactKey: Guid(5f35e0dbf73e2bd4bb8189fcd03962b3) Importer(815301076,1909f56bfc062723c751e8b465ee728b)
Start importing Assets/Knight Files/Knight PNG/Knight_walk_04.png using Guid(5f35e0dbf73e2bd4bb8189fcd03962b3) Importer(815301076,1909f56bfc062723c751e8b465ee728b)  -> (artifact id: '1ac7ee12b0eae2956aaeaa252c5459fb') in 0.019449 seconds
  Import took 0.022131 seconds .

========================================================================
Received Import Request.
  Time since last request: 0.000294 seconds.
  path: Assets/Knight Files/Knight PNG/Knight_strike_01.png
  artifactKey: Guid(e4306f8a4c31e3b43a266ff8b3ebc749) Importer(815301076,1909f56bfc062723c751e8b465ee728b)
Start importing Assets/Knight Files/Knight PNG/Knight_strike_01.png using Guid(e4306f8a4c31e3b43a266ff8b3ebc749) Importer(815301076,1909f56bfc062723c751e8b465ee728b)  -> (artifact id: 'cfaa8f755572bb97225fba20502a70da') in 0.014318 seconds
  Import took 0.017659 seconds .

========================================================================
Received Import Request.
  Time since last request: 0.000184 seconds.
  path: Assets/Knight Files/Knight PNG/Knight_jumpAttack_03.png
  artifactKey: Guid(b71c94828f125d947a93a6b6746586f1) Importer(815301076,1909f56bfc062723c751e8b465ee728b)
Start importing Assets/Knight Files/Knight PNG/Knight_jumpAttack_03.png using Guid(b71c94828f125d947a93a6b6746586f1) Importer(815301076,1909f56bfc062723c751e8b465ee728b)  -> (artifact id: 'fca3d5e274a25c72d84e6d81d4981f2d') in 0.017643 seconds
  Import took 0.020186 seconds .

========================================================================
Received Import Request.
  Time since last request: 0.000192 seconds.
  path: Assets/Knight Files/Knight PNG/Knight_strike_02.png
  artifactKey: Guid(921dcf3f9d644d449a7f5bfb01f2dcfb) Importer(815301076,1909f56bfc062723c751e8b465ee728b)
Start importing Assets/Knight Files/Knight PNG/Knight_strike_02.png using Guid(921dcf3f9d644d449a7f5bfb01f2dcfb) Importer(815301076,1909f56bfc062723c751e8b465ee728b)  -> (artifact id: '02b11262c4e850512ff61a1ec7fd4d0e') in 0.016088 seconds
  Import took 0.018603 seconds .

========================================================================
Received Import Request.
  Time since last request: 0.000201 seconds.
  path: Assets/Knight Files/Knight PNG/Knight_jumpAttack_06.png
  artifactKey: Guid(527707203b619af4180340ab399245bd) Importer(815301076,1909f56bfc062723c751e8b465ee728b)
Start importing Assets/Knight Files/Knight PNG/Knight_jumpAttack_06.png using Guid(527707203b619af4180340ab399245bd) Importer(815301076,1909f56bfc062723c751e8b465ee728b)  -> (artifact id: 'd6fc91748f5ea2f7e3c42998b267d9fa') in 0.015958 seconds
  Import took 0.018793 seconds .

========================================================================
Received Import Request.
  Time since last request: 0.000177 seconds.
  path: Assets/Knight Files/Knight PNG/Knight_jumpAttack_05.png
  artifactKey: Guid(287f6e82c01296746998b61fb7e842da) Importer(815301076,1909f56bfc062723c751e8b465ee728b)
Start importing Assets/Knight Files/Knight PNG/Knight_jumpAttack_05.png using Guid(287f6e82c01296746998b61fb7e842da) Importer(815301076,1909f56bfc062723c751e8b465ee728b)  -> (artifact id: '44124ab5fc830c1222781c353e418d0e') in 0.016282 seconds
  Import took 0.018714 seconds .

========================================================================
Received Import Request.
  Time since last request: 0.000192 seconds.
  path: Assets/Knight Files/Knight PNG/Knight_walk_03.png
  artifactKey: Guid(bde3991f219560149aecb109a8aea6b3) Importer(815301076,1909f56bfc062723c751e8b465ee728b)
Start importing Assets/Knight Files/Knight PNG/Knight_walk_03.png using Guid(bde3991f219560149aecb109a8aea6b3) Importer(815301076,1909f56bfc062723c751e8b465ee728b)  -> (artifact id: 'c06622033c6a530e3288125a1d4d50e0') in 0.017734 seconds
  Import took 0.020207 seconds .

========================================================================
Received Import Request.
  Time since last request: 0.000197 seconds.
  path: Assets/Knight Files/Knight PNG/Knight_strike_03.png
  artifactKey: Guid(430ad9be76f3bc944b3cf1698ac12cc2) Importer(815301076,1909f56bfc062723c751e8b465ee728b)
Start importing Assets/Knight Files/Knight PNG/Knight_strike_03.png using Guid(430ad9be76f3bc944b3cf1698ac12cc2) Importer(815301076,1909f56bfc062723c751e8b465ee728b)  -> (artifact id: '8bae98d113af5c47b86761116684d053') in 0.017445 seconds
  Import took 0.020092 seconds .

========================================================================
Received Import Request.
  Time since last request: 0.000191 seconds.
  path: Assets/Knight Files/Knight PNG/Knight_walk_01.png
  artifactKey: Guid(4a587e1c913636f4c812f857e5aa6c84) Importer(815301076,1909f56bfc062723c751e8b465ee728b)
Start importing Assets/Knight Files/Knight PNG/Knight_walk_01.png using Guid(4a587e1c913636f4c812f857e5aa6c84) Importer(815301076,1909f56bfc062723c751e8b465ee728b)  -> (artifact id: 'a0fd497b9c092d724680057dfd4960dd') in 0.015114 seconds
  Import took 0.017454 seconds .

========================================================================
Received Import Request.
  Time since last request: 0.000171 seconds.
  path: Assets/Knight Files/Knight PNG/Knight_walk_02.png
  artifactKey: Guid(c9c8166c52da6634eb2eaee5eb18d77a) Importer(815301076,1909f56bfc062723c751e8b465ee728b)
Start importing Assets/Knight Files/Knight PNG/Knight_walk_02.png using Guid(c9c8166c52da6634eb2eaee5eb18d77a) Importer(815301076,1909f56bfc062723c751e8b465ee728b)  -> (artifact id: '075b232082c0bd4831cc2cb79249ffc0') in 0.017548 seconds
  Import took 0.019932 seconds .

========================================================================
Received Import Request.
  Time since last request: 0.010482 seconds.
  path: Assets/Knight Files/Knight PNG/Knight_walk_02.png
  artifactKey: Guid(c9c8166c52da6634eb2eaee5eb18d77a) Importer(815301076,1909f56bfc062723c751e8b465ee728b)
Start importing Assets/Knight Files/Knight PNG/Knight_walk_02.png using Guid(c9c8166c52da6634eb2eaee5eb18d77a) Importer(815301076,1909f56bfc062723c751e8b465ee728b)  -> (artifact id: '075b232082c0bd4831cc2cb79249ffc0') in 0.013737 seconds
  Import took 0.016533 seconds .

========================================================================
Received Import Request.
  Time since last request: 5.060279 seconds.
  path: Assets/Knight Files/Knight PNG/Knight_walk_06.png
  artifactKey: Guid(969fce9da2f69834182f5618b7ec2975) Importer(815301076,1909f56bfc062723c751e8b465ee728b)
Start importing Assets/Knight Files/Knight PNG/Knight_walk_06.png using Guid(969fce9da2f69834182f5618b7ec2975) Importer(815301076,1909f56bfc062723c751e8b465ee728b)  -> (artifact id: 'd69fbf541fc3066bcced3592ed0c8497') in 0.015442 seconds
  Import took 0.018377 seconds .

========================================================================
Received Import Request.
  Time since last request: 0.000182 seconds.
  path: Assets/Knight Files/Knight PNG/Knight_win_01.png
  artifactKey: Guid(9d7341a607e490544941ffda3017599d) Importer(815301076,1909f56bfc062723c751e8b465ee728b)
Start importing Assets/Knight Files/Knight PNG/Knight_win_01.png using Guid(9d7341a607e490544941ffda3017599d) Importer(815301076,1909f56bfc062723c751e8b465ee728b)  -> (artifact id: '57a70ed5de71ab966a34668f986c7d85') in 0.014134 seconds
  Import took 0.016883 seconds .

========================================================================
Received Import Request.
  Time since last request: 0.000173 seconds.
  path: Assets/Knight Files/Body Parts/Legs.png
  artifactKey: Guid(62ee3ccb82dad494e87e6f58795f2132) Importer(815301076,1909f56bfc062723c751e8b465ee728b)
Start importing Assets/Knight Files/Body Parts/Legs.png using Guid(62ee3ccb82dad494e87e6f58795f2132) Importer(815301076,1909f56bfc062723c751e8b465ee728b)  -> (artifact id: '319f19fccec91705132abfd022910adc') in 0.017645 seconds
  Import took 0.020088 seconds .

========================================================================
Received Import Request.
  Time since last request: 0.000167 seconds.
  path: Assets/Knight Files/Knight PNG/Knight_win_01.png
  artifactKey: Guid(9d7341a607e490544941ffda3017599d) Importer(815301076,1909f56bfc062723c751e8b465ee728b)
Start importing Assets/Knight Files/Knight PNG/Knight_win_01.png using Guid(9d7341a607e490544941ffda3017599d) Importer(815301076,1909f56bfc062723c751e8b465ee728b)  -> (artifact id: '57a70ed5de71ab966a34668f986c7d85') in 0.007924 seconds
  Import took 0.010440 seconds .

========================================================================
Received Import Request.
  Time since last request: 0.000206 seconds.
  path: Packages/com.unity.2d.animation/Editor/Assets/SkinningModule/Icons/Light/Mesh@2x.png
  artifactKey: Guid(242f58a86f3ee8e418809e5fc269d531) Importer(815301076,1909f56bfc062723c751e8b465ee728b)
Start importing Packages/com.unity.2d.animation/Editor/Assets/SkinningModule/Icons/Light/Mesh@2x.png using Guid(242f58a86f3ee8e418809e5fc269d531) Importer(815301076,1909f56bfc062723c751e8b465ee728b)  -> (artifact id: '48d28ca0be7442aa75ecd4809fa03b71') in 0.021961 seconds
  Import took 0.024502 seconds .

========================================================================
Received Import Request.
  Time since last request: 0.000164 seconds.
  path: Assets/Pixel Adventure 2/Assets/Enemies/Skull/Orange Particle.png
  artifactKey: Guid(d7495c5e35505cb47abb635609d9e934) Importer(815301076,1909f56bfc062723c751e8b465ee728b)
Start importing Assets/Pixel Adventure 2/Assets/Enemies/Skull/Orange Particle.png using Guid(d7495c5e35505cb47abb635609d9e934) Importer(815301076,1909f56bfc062723c751e8b465ee728b)  -> (artifact id: '70d97412010542d10568a2850307f5dc') in 0.014022 seconds
  Import took 0.016709 seconds .

========================================================================
Received Import Request.
  Time since last request: 0.000173 seconds.
  path: Assets/Knight Files/Knight PNG/Knight_win_02.png
  artifactKey: Guid(f6117829ba948194c8a5a22cc9d3dc22) Importer(815301076,1909f56bfc062723c751e8b465ee728b)
Start importing Assets/Knight Files/Knight PNG/Knight_win_02.png using Guid(f6117829ba948194c8a5a22cc9d3dc22) Importer(815301076,1909f56bfc062723c751e8b465ee728b)  -> (artifact id: '5c77d0ef9b40a57009dc6d3f9de21e53') in 0.015428 seconds
  Import took 0.018118 seconds .

========================================================================
Received Import Request.
  Time since last request: 0.000191 seconds.
  path: Assets/Knight Files/Body Parts/Left Arm.png
  artifactKey: Guid(79bfc252d4b629e42aae89f50be095af) Importer(815301076,1909f56bfc062723c751e8b465ee728b)
Start importing Assets/Knight Files/Body Parts/Left Arm.png using Guid(79bfc252d4b629e42aae89f50be095af) Importer(815301076,1909f56bfc062723c751e8b465ee728b)  -> (artifact id: '6e524c4fe18aadc3aea97a683b5fb032') in 0.017869 seconds
  Import took 0.020792 seconds .

========================================================================
Received Import Request.
  Time since last request: 0.000196 seconds.
  path: Packages/com.unity.2d.animation/Editor/Assets/SkinningModule/Icons/Light/Mesh.png
  artifactKey: Guid(24f90d3fa2df5c84abbf1455cfda472e) Importer(815301076,1909f56bfc062723c751e8b465ee728b)
Start importing Packages/com.unity.2d.animation/Editor/Assets/SkinningModule/Icons/Light/Mesh.png using Guid(24f90d3fa2df5c84abbf1455cfda472e) Importer(815301076,1909f56bfc062723c751e8b465ee728b)  -> (artifact id: 'b3ac2c200a2d1110630e3d8f64116596') in 0.021162 seconds
  Import took 0.023984 seconds .

========================================================================
Received Import Request.
  Time since last request: 0.000214 seconds.
  path: Assets/Knight Files/Knight PNG/Knight_walk_06.png
  artifactKey: Guid(969fce9da2f69834182f5618b7ec2975) Importer(815301076,1909f56bfc062723c751e8b465ee728b)
Start importing Assets/Knight Files/Knight PNG/Knight_walk_06.png using Guid(969fce9da2f69834182f5618b7ec2975) Importer(815301076,1909f56bfc062723c751e8b465ee728b)  -> (artifact id: 'd69fbf541fc3066bcced3592ed0c8497') in 0.010127 seconds
  Import took 0.012668 seconds .

========================================================================
Received Import Request.
  Time since last request: 0.000196 seconds.
  path: Packages/com.unity.2d.animation/Editor/Assets/SkinningModule/Icons/Light/Mesh@4x.png
  artifactKey: Guid(953b8abb3b6548c4294b547c2f473be0) Importer(815301076,1909f56bfc062723c751e8b465ee728b)
Start importing Packages/com.unity.2d.animation/Editor/Assets/SkinningModule/Icons/Light/Mesh@4x.png using Guid(953b8abb3b6548c4294b547c2f473be0) Importer(815301076,1909f56bfc062723c751e8b465ee728b)  -> (artifact id: 'd6d8276fc95245837f1390753acb1369') in 0.022878 seconds
  Import took 0.025330 seconds .

========================================================================
Received Import Request.
  Time since last request: 0.000202 seconds.
  path: Assets/Sprites/Pixel Adventure 1/Assets/Items/Fruits/Orange.png
  artifactKey: Guid(ffc9f271fad56c243a45f100b9dc6778) Importer(815301076,1909f56bfc062723c751e8b465ee728b)
Start importing Assets/Sprites/Pixel Adventure 1/Assets/Items/Fruits/Orange.png using Guid(ffc9f271fad56c243a45f100b9dc6778) Importer(815301076,1909f56bfc062723c751e8b465ee728b)  -> (artifact id: '77c4af58d2f482c4cd6d5632ad74c152') in 0.047366 seconds
  Import took 0.049964 seconds .

========================================================================
Received Import Request.
  Time since last request: 0.000178 seconds.
  path: Packages/com.unity.2d.animation/Editor/Assets/SkinningModule/Icons/Light/Mesh@3x.png
  artifactKey: Guid(2d95cf258837ba44896030e25b9f2dd7) Importer(815301076,1909f56bfc062723c751e8b465ee728b)
Start importing Packages/com.unity.2d.animation/Editor/Assets/SkinningModule/Icons/Light/Mesh@3x.png using Guid(2d95cf258837ba44896030e25b9f2dd7) Importer(815301076,1909f56bfc062723c751e8b465ee728b)  -> (artifact id: 'b23ce5230ad9b0afdffcbbeef6bb4956') in 0.022544 seconds
  Import took 0.025056 seconds .

========================================================================
Received Import Request.
  Time since last request: 0.000203 seconds.
  path: Assets/Pixel Adventure 2/Assets/Enemies/Radish/Leafs (16x16).png
  artifactKey: Guid(d66a24f1a595be64bbd51c1a109278b1) Importer(815301076,1909f56bfc062723c751e8b465ee728b)
Start importing Assets/Pixel Adventure 2/Assets/Enemies/Radish/Leafs (16x16).png using Guid(d66a24f1a595be64bbd51c1a109278b1) Importer(815301076,1909f56bfc062723c751e8b465ee728b)  -> (artifact id: 'b8e69f1f65d001aaf2b122fbd3a857dc') in 0.014363 seconds
  Import took 0.017071 seconds .

========================================================================
Received Import Request.
  Time since last request: 0.000229 seconds.
  path: Packages/com.unity.2d.animation/Editor/Assets/SkinningModule/Icons/Light/Mesh@3x.png
  artifactKey: Guid(2d95cf258837ba44896030e25b9f2dd7) Importer(815301076,1909f56bfc062723c751e8b465ee728b)
Start importing Packages/com.unity.2d.animation/Editor/Assets/SkinningModule/Icons/Light/Mesh@3x.png using Guid(2d95cf258837ba44896030e25b9f2dd7) Importer(815301076,1909f56bfc062723c751e8b465ee728b)  -> (artifact id: 'b23ce5230ad9b0afdffcbbeef6bb4956') in 0.006677 seconds
  Import took 0.009266 seconds .

========================================================================
Received Import Request.
  Time since last request: 0.000191 seconds.
  path: Assets/Knight Files/Body Parts/Legs 2.png
  artifactKey: Guid(6292182f2b4ccd24bb2b316d0da5658a) Importer(815301076,1909f56bfc062723c751e8b465ee728b)
Start importing Assets/Knight Files/Body Parts/Legs 2.png using Guid(6292182f2b4ccd24bb2b316d0da5658a) Importer(815301076,1909f56bfc062723c751e8b465ee728b)  -> (artifact id: '6932126d16ded929b073283dbac4df4c') in 0.015536 seconds
  Import took 0.018237 seconds .

========================================================================
Received Import Request.
  Time since last request: 0.212634 seconds.
  path: Assets/Pixel Adventure 2/Assets/Enemies/Duck/Jump (36x36).png
  artifactKey: Guid(38cb56d15dc28c34eaf4da30ab64c8fb) Importer(815301076,1909f56bfc062723c751e8b465ee728b)
Start importing Assets/Pixel Adventure 2/Assets/Enemies/Duck/Jump (36x36).png using Guid(38cb56d15dc28c34eaf4da30ab64c8fb) Importer(815301076,1909f56bfc062723c751e8b465ee728b)  -> (artifact id: '1c6eb71b3b012b2389f2fc784b4a0928') in 0.014670 seconds
  Import took 0.017618 seconds .

========================================================================
Received Import Request.
  Time since last request: 0.000186 seconds.
  path: Assets/Pixel Adventure 2/Assets/Enemies/Bunny/Jump.png
  artifactKey: Guid(ecc9c07b5beb1164dbb54c0d9847c7e2) Importer(815301076,1909f56bfc062723c751e8b465ee728b)
Start importing Assets/Pixel Adventure 2/Assets/Enemies/Bunny/Jump.png using Guid(ecc9c07b5beb1164dbb54c0d9847c7e2) Importer(815301076,1909f56bfc062723c751e8b465ee728b)  -> (artifact id: '7183c7d32b20afdfd0a8937dbb37e3ba') in 0.014628 seconds
  Import took 0.017195 seconds .

========================================================================
Received Import Request.
  Time since last request: 0.014317 seconds.
  path: Assets/Pixel Adventure 2/Assets/Enemies/Skull/Idle 1 (52x54).png
  artifactKey: Guid(045eb5e1f0cbc424e9a8eed9eaf27bf8) Importer(815301076,1909f56bfc062723c751e8b465ee728b)
Start importing Assets/Pixel Adventure 2/Assets/Enemies/Skull/Idle 1 (52x54).png using Guid(045eb5e1f0cbc424e9a8eed9eaf27bf8) Importer(815301076,1909f56bfc062723c751e8b465ee728b)  -> (artifact id: 'b7428932f01a6571f26117d63188e878') in 0.028129 seconds
  Import took 0.030882 seconds .

========================================================================
Received Import Request.
  Time since last request: 0.000220 seconds.
  path: Assets/Pixel Adventure 2/Assets/Enemies/Radish/Idle 2 (30x38).png
  artifactKey: Guid(25a8550c1c9d550409ba5345a9a97ad2) Importer(815301076,1909f56bfc062723c751e8b465ee728b)
Start importing Assets/Pixel Adventure 2/Assets/Enemies/Radish/Idle 2 (30x38).png using Guid(25a8550c1c9d550409ba5345a9a97ad2) Importer(815301076,1909f56bfc062723c751e8b465ee728b)  -> (artifact id: 'c260cbde5915ff50f5a0e3c73eb68015') in 0.024695 seconds
  Import took 0.027056 seconds .

========================================================================
Received Import Request.
  Time since last request: 0.000193 seconds.
  path: Assets/Pixel Adventure 2/Assets/Enemies/Radish/Idle 1 (30x38).png
  artifactKey: Guid(c078262cfe23e5f45b0fdf215c6fa100) Importer(815301076,1909f56bfc062723c751e8b465ee728b)
Start importing Assets/Pixel Adventure 2/Assets/Enemies/Radish/Idle 1 (30x38).png using Guid(c078262cfe23e5f45b0fdf215c6fa100) Importer(815301076,1909f56bfc062723c751e8b465ee728b)  -> (artifact id: '7411aa2d9cbab9918604d2cc964592b4') in 0.022223 seconds
  Import took 0.024656 seconds .

========================================================================
Received Import Request.
  Time since last request: 0.000191 seconds.
  path: Assets/Pixel Adventure 2/Assets/Enemies/Trunk/Idle (64x32).png
  artifactKey: Guid(bf4df7b2c9cda4c44b372e2b47a5cb8f) Importer(815301076,1909f56bfc062723c751e8b465ee728b)
Start importing Assets/Pixel Adventure 2/Assets/Enemies/Trunk/Idle (64x32).png using Guid(bf4df7b2c9cda4c44b372e2b47a5cb8f) Importer(815301076,1909f56bfc062723c751e8b465ee728b)  -> (artifact id: '419fd6ec761bfa12bfa6c7a5644dba1e') in 0.040655 seconds
  Import took 0.043043 seconds .

========================================================================
Received Import Request.
  Time since last request: 0.000191 seconds.
  path: Assets/Pixel Adventure 2/Assets/Enemies/Chameleon/Idle (84x38).png
  artifactKey: Guid(43f6bb244a62313438cda197a8e07007) Importer(815301076,1909f56bfc062723c751e8b465ee728b)
Start importing Assets/Pixel Adventure 2/Assets/Enemies/Chameleon/Idle (84x38).png using Guid(43f6bb244a62313438cda197a8e07007) Importer(815301076,1909f56bfc062723c751e8b465ee728b)  -> (artifact id: '9296f3185e4c8c01d15de653a4bcaab3') in 0.035593 seconds
  Import took 0.038260 seconds .

========================================================================
Received Import Request.
  Time since last request: 0.000184 seconds.
  path: Assets/Pixel Adventure 2/Assets/Enemies/FatBird/Idle (40x48).png
  artifactKey: Guid(60beccb521110cf40be533c702156072) Importer(815301076,1909f56bfc062723c751e8b465ee728b)
Start importing Assets/Pixel Adventure 2/Assets/Enemies/FatBird/Idle (40x48).png using Guid(60beccb521110cf40be533c702156072) Importer(815301076,1909f56bfc062723c751e8b465ee728b)  -> (artifact id: '373b3c6514874181e9c2e587268d142c') in 0.022496 seconds
  Import took 0.024896 seconds .

========================================================================
Received Import Request.
  Time since last request: 0.000174 seconds.
  path: Assets/Pixel Adventure 2/Assets/Enemies/Snail/Idle (38x24).png
  artifactKey: Guid(35d33412cf90ccf4f9e1b5100ba41640) Importer(815301076,1909f56bfc062723c751e8b465ee728b)
Start importing Assets/Pixel Adventure 2/Assets/Enemies/Snail/Idle (38x24).png using Guid(35d33412cf90ccf4f9e1b5100ba41640) Importer(815301076,1909f56bfc062723c751e8b465ee728b)  -> (artifact id: '5e95ba81099594ce32482854126aaad9') in 0.032389 seconds
  Import took 0.034725 seconds .

========================================================================
Received Import Request.
  Time since last request: 0.000165 seconds.
  path: Assets/Pixel Adventure 2/Assets/Enemies/Rino/Idle (52x34).png
  artifactKey: Guid(e3531be27cb827743bac8ea66dae5bfd) Importer(815301076,1909f56bfc062723c751e8b465ee728b)
Start importing Assets/Pixel Adventure 2/Assets/Enemies/Rino/Idle (52x34).png using Guid(e3531be27cb827743bac8ea66dae5bfd) Importer(815301076,1909f56bfc062723c751e8b465ee728b)  -> (artifact id: '32eb73447dc6981cce1fb7ed203c6f78') in 0.028003 seconds
  Import took 0.030454 seconds .

========================================================================
Received Import Request.
  Time since last request: 0.000166 seconds.
  path: Assets/Pixel Adventure 2/Assets/Enemies/Plant/Idle (44x42).png
  artifactKey: Guid(326dd6eeaa0ca144ca01194dbacf63fa) Importer(815301076,1909f56bfc062723c751e8b465ee728b)
Start importing Assets/Pixel Adventure 2/Assets/Enemies/Plant/Idle (44x42).png using Guid(326dd6eeaa0ca144ca01194dbacf63fa) Importer(815301076,1909f56bfc062723c751e8b465ee728b)  -> (artifact id: '522d5749e54a320e6af5c7d3a971bc07') in 0.028632 seconds
  Import took 0.031224 seconds .

========================================================================
Received Import Request.
  Time since last request: 0.000180 seconds.
  path: Assets/Pixel Adventure 2/Assets/Enemies/Bunny/Idle (34x44).png
  artifactKey: Guid(070a0fea8d7c56647b4a4a1bf7feb63e) Importer(815301076,1909f56bfc062723c751e8b465ee728b)
Start importing Assets/Pixel Adventure 2/Assets/Enemies/Bunny/Idle (34x44).png using Guid(070a0fea8d7c56647b4a4a1bf7feb63e) Importer(815301076,1909f56bfc062723c751e8b465ee728b)  -> (artifact id: '69d1b179d9e1acc939af6890dbc0cde2') in 0.022028 seconds
  Import took 0.024525 seconds .

========================================================================
Received Import Request.
  Time since last request: 0.000180 seconds.
  path: Assets/Pixel Adventure 2/Assets/Enemies/Snail/Hit (38x24).png
  artifactKey: Guid(b1ba59a5e0321eb459d8717bf09639dd) Importer(815301076,1909f56bfc062723c751e8b465ee728b)
Start importing Assets/Pixel Adventure 2/Assets/Enemies/Snail/Hit (38x24).png using Guid(b1ba59a5e0321eb459d8717bf09639dd) Importer(815301076,1909f56bfc062723c751e8b465ee728b)  -> (artifact id: '848088a57fd5bacc8a26445140c800fb') in 0.017454 seconds
  Import took 0.019966 seconds .

========================================================================
Received Import Request.
  Time since last request: 0.000179 seconds.
  path: Assets/Pixel Adventure 2/Assets/Enemies/Chicken/Hit (32x34).png
  artifactKey: Guid(23316aba36e680643b65700c107f2b36) Importer(815301076,1909f56bfc062723c751e8b465ee728b)
Start importing Assets/Pixel Adventure 2/Assets/Enemies/Chicken/Hit (32x34).png using Guid(23316aba36e680643b65700c107f2b36) Importer(815301076,1909f56bfc062723c751e8b465ee728b)  -> (artifact id: '5f94cdca3993026a380a6119ff7973e9') in 0.019933 seconds
  Import took 0.022439 seconds .

========================================================================
Received Import Request.
  Time since last request: 0.000181 seconds.
  path: Assets/Pixel Adventure 2/Assets/Enemies/Plant/Hit (44x42).png
  artifactKey: Guid(99a6f8d881d96d045a18fa94cfb5b914) Importer(815301076,1909f56bfc062723c751e8b465ee728b)
Start importing Assets/Pixel Adventure 2/Assets/Enemies/Plant/Hit (44x42).png using Guid(99a6f8d881d96d045a18fa94cfb5b914) Importer(815301076,1909f56bfc062723c751e8b465ee728b)  -> (artifact id: '83b629ffa78b5e537515a18180783c8d') in 0.019846 seconds
  Import took 0.022361 seconds .

========================================================================
Received Import Request.
  Time since last request: 0.000193 seconds.
  path: Assets/Pixel Adventure 2/Assets/Enemies/Chicken/Hit (32x34).png
  artifactKey: Guid(23316aba36e680643b65700c107f2b36) Importer(815301076,1909f56bfc062723c751e8b465ee728b)
Start importing Assets/Pixel Adventure 2/Assets/Enemies/Chicken/Hit (32x34).png using Guid(23316aba36e680643b65700c107f2b36) Importer(815301076,1909f56bfc062723c751e8b465ee728b)  -> (artifact id: '5f94cdca3993026a380a6119ff7973e9') in 0.012591 seconds
  Import took 0.015053 seconds .

========================================================================
Received Import Request.
  Time since last request: 0.000193 seconds.
  path: Assets/Pixel Adventure 2/Assets/Enemies/Bunny/Hit (34x44).png
  artifactKey: Guid(48fabbf5f431fee489fc720634fea0b6) Importer(815301076,1909f56bfc062723c751e8b465ee728b)
Start importing Assets/Pixel Adventure 2/Assets/Enemies/Bunny/Hit (34x44).png using Guid(48fabbf5f431fee489fc720634fea0b6) Importer(815301076,1909f56bfc062723c751e8b465ee728b)  -> (artifact id: '07f313eb0265eadb3e266ca94e956ae4') in 0.019612 seconds
  Import took 0.022408 seconds .

========================================================================
Received Import Request.
  Time since last request: 0.000172 seconds.
  path: Assets/Pixel Adventure 2/Assets/Enemies/Slime/Hit (44x30).png
  artifactKey: Guid(80ab1d417eec35e43a8ac810121ef5df) Importer(815301076,1909f56bfc062723c751e8b465ee728b)
Start importing Assets/Pixel Adventure 2/Assets/Enemies/Slime/Hit (44x30).png using Guid(80ab1d417eec35e43a8ac810121ef5df) Importer(815301076,1909f56bfc062723c751e8b465ee728b)  -> (artifact id: '86734607b76b9862a886ee905059574d') in 0.018665 seconds
  Import took 0.021378 seconds .

========================================================================
Received Import Request.
  Time since last request: 0.000184 seconds.
  path: Assets/Pixel Adventure 2/Assets/Enemies/Bunny/Hit (34x44).png
  artifactKey: Guid(48fabbf5f431fee489fc720634fea0b6) Importer(815301076,1909f56bfc062723c751e8b465ee728b)
Start importing Assets/Pixel Adventure 2/Assets/Enemies/Bunny/Hit (34x44).png using Guid(48fabbf5f431fee489fc720634fea0b6) Importer(815301076,1909f56bfc062723c751e8b465ee728b)  -> (artifact id: '07f313eb0265eadb3e266ca94e956ae4') in 0.010065 seconds
  Import took 0.012651 seconds .

========================================================================
Received Import Request.
  Time since last request: 0.000193 seconds.
  path: Assets/Pixel Adventure 2/Assets/Enemies/Ghost/Hit (44x30).png
  artifactKey: Guid(fe0d305c386c24f49b22110bd836c48d) Importer(815301076,1909f56bfc062723c751e8b465ee728b)
Start importing Assets/Pixel Adventure 2/Assets/Enemies/Ghost/Hit (44x30).png using Guid(fe0d305c386c24f49b22110bd836c48d) Importer(815301076,1909f56bfc062723c751e8b465ee728b)  -> (artifact id: '292ae07030b26ef7bd8613d4d6be9c81') in 0.018364 seconds
  Import took 0.020966 seconds .

========================================================================
Received Import Request.
  Time since last request: 0.000197 seconds.
  path: Assets/Pixel Adventure 2/Assets/Enemies/Turtle/Hit (44x26).png
  artifactKey: Guid(1be4f088c23bfd74091c162649ac6f15) Importer(815301076,1909f56bfc062723c751e8b465ee728b)
Start importing Assets/Pixel Adventure 2/Assets/Enemies/Turtle/Hit (44x26).png using Guid(1be4f088c23bfd74091c162649ac6f15) Importer(815301076,1909f56bfc062723c751e8b465ee728b)  -> (artifact id: 'b9b57e6e43d9ab745b29cd9b7fa6059b') in 0.018957 seconds
  Import took 0.022000 seconds .

========================================================================
Received Import Request.
  Time since last request: 0.000294 seconds.
  path: Assets/Pixel Adventure 2/Assets/Enemies/BlueBird/Flying (32x32).png
  artifactKey: Guid(9f8778d0d44049a459735824f24042e0) Importer(815301076,1909f56bfc062723c751e8b465ee728b)
Start importing Assets/Pixel Adventure 2/Assets/Enemies/BlueBird/Flying (32x32).png using Guid(9f8778d0d44049a459735824f24042e0) Importer(815301076,1909f56bfc062723c751e8b465ee728b)  -> (artifact id: 'd8d0aec07183cf00d5ca9fe36843d886') in 0.027901 seconds
  Import took 0.031710 seconds .

========================================================================
Received Import Request.
  Time since last request: 0.000425 seconds.
  path: Packages/com.unity.2d.animation/Editor/Assets/SkinningModule/Icons/Selected/Edit_Pose@4x.png
  artifactKey: Guid(eb81c5f176e01b746be35f0aa3603593) Importer(815301076,1909f56bfc062723c751e8b465ee728b)
Start importing Packages/com.unity.2d.animation/Editor/Assets/SkinningModule/Icons/Selected/Edit_Pose@4x.png using Guid(eb81c5f176e01b746be35f0aa3603593) Importer(815301076,1909f56bfc062723c751e8b465ee728b)  -> (artifact id: '8043e0b7bf2913e0c5c6a19746569c4f') in 0.026944 seconds
  Import took 0.030794 seconds .

========================================================================
Received Import Request.
  Time since last request: 0.000224 seconds.
  path: Packages/com.unity.2d.animation/Editor/Assets/SkinningModule/Icons/Selected/Generate_Geometry@4x.png
  artifactKey: Guid(7b0bba6a9b6960a4fb500a75d4a4caa0) Importer(815301076,1909f56bfc062723c751e8b465ee728b)
Start importing Packages/com.unity.2d.animation/Editor/Assets/SkinningModule/Icons/Selected/Generate_Geometry@4x.png using Guid(7b0bba6a9b6960a4fb500a75d4a4caa0) Importer(815301076,1909f56bfc062723c751e8b465ee728b)  -> (artifact id: '46cb2d73016d4794265d820ea52a2767') in 0.023304 seconds
  Import took 0.026145 seconds .

========================================================================
Received Import Request.
  Time since last request: 0.000209 seconds.
  path: Packages/com.unity.2d.animation/Editor/Assets/SkinningModule/Icons/Selected/d_Visibility_Hidded@3x.png
  artifactKey: Guid(dc1f494fe190bd54bb487d11e639d5fc) Importer(815301076,1909f56bfc062723c751e8b465ee728b)
Start importing Packages/com.unity.2d.animation/Editor/Assets/SkinningModule/Icons/Selected/d_Visibility_Hidded@3x.png using Guid(dc1f494fe190bd54bb487d11e639d5fc) Importer(815301076,1909f56bfc062723c751e8b465ee728b)  -> (artifact id: '2d5172c4ccd65e06b1e866dbe2105fad') in 0.023851 seconds
  Import took 0.026719 seconds .

========================================================================
Received Import Request.
  Time since last request: 0.000178 seconds.
  path: Packages/com.unity.2d.animation/Editor/Assets/SkinningModule/Icons/Dark/d_Edit_Joints.png
  artifactKey: Guid(8c3235661573d7b44bd864536f83d0ea) Importer(815301076,1909f56bfc062723c751e8b465ee728b)
Start importing Packages/com.unity.2d.animation/Editor/Assets/SkinningModule/Icons/Dark/d_Edit_Joints.png using Guid(8c3235661573d7b44bd864536f83d0ea) Importer(815301076,1909f56bfc062723c751e8b465ee728b)  -> (artifact id: 'afc534fe85b11776a9ba63aa2ae7727a') in 0.021982 seconds
  Import took 0.024815 seconds .

========================================================================
Received Import Request.
  Time since last request: 0.000206 seconds.
  path: Packages/com.unity.2d.animation/Editor/Assets/SkinningModule/Icons/Selected/Edit_Geometry@4x.png
  artifactKey: Guid(1a96ab5f501a8e84c9016458682e1ccb) Importer(815301076,1909f56bfc062723c751e8b465ee728b)
Start importing Packages/com.unity.2d.animation/Editor/Assets/SkinningModule/Icons/Selected/Edit_Geometry@4x.png using Guid(1a96ab5f501a8e84c9016458682e1ccb) Importer(815301076,1909f56bfc062723c751e8b465ee728b)  -> (artifact id: '886eed519d5927ad7c0de6b4823e8d85') in 0.022683 seconds
  Import took 0.025371 seconds .

========================================================================
Received Import Request.
  Time since last request: 0.000177 seconds.
  path: Packages/com.unity.2d.animation/Editor/Assets/SkinningModule/Icons/Light/Edit_Joints@4x.png
  artifactKey: Guid(11030f66cab4dcd4c989fe1de7a7c79c) Importer(815301076,1909f56bfc062723c751e8b465ee728b)
Start importing Packages/com.unity.2d.animation/Editor/Assets/SkinningModule/Icons/Light/Edit_Joints@4x.png using Guid(11030f66cab4dcd4c989fe1de7a7c79c) Importer(815301076,1909f56bfc062723c751e8b465ee728b)  -> (artifact id: '08d5b7934d405b6f95e8c7933c34bd11') in 0.022658 seconds
  Import took 0.025331 seconds .

========================================================================
Received Import Request.
  Time since last request: 0.000183 seconds.
  path: Packages/com.unity.2d.animation/Editor/Assets/SkinningModule/Icons/Dark/d_Create Bones@2x.png
  artifactKey: Guid(fea84712d555ee04a8147088aad76931) Importer(815301076,1909f56bfc062723c751e8b465ee728b)
Start importing Packages/com.unity.2d.animation/Editor/Assets/SkinningModule/Icons/Dark/d_Create Bones@2x.png using Guid(fea84712d555ee04a8147088aad76931) Importer(815301076,1909f56bfc062723c751e8b465ee728b)  -> (artifact id: 'c4c009363dff312ee6b3358cf06a5a57') in 0.023578 seconds
  Import took 0.026120 seconds .

========================================================================
Received Import Request.
  Time since last request: 0.000177 seconds.
  path: Packages/com.unity.2d.animation/Editor/Assets/SkinningModule/Icons/Light/Edit_Geometry@2x.png
  artifactKey: Guid(4bcd27377338b8440bda5ecf26ea2fb5) Importer(815301076,1909f56bfc062723c751e8b465ee728b)
Start importing Packages/com.unity.2d.animation/Editor/Assets/SkinningModule/Icons/Light/Edit_Geometry@2x.png using Guid(4bcd27377338b8440bda5ecf26ea2fb5) Importer(815301076,1909f56bfc062723c751e8b465ee728b)  -> (artifact id: '2e7156f504ac055d6798b9f11ad48154') in 0.021222 seconds
  Import took 0.023715 seconds .

========================================================================
Received Import Request.
  Time since last request: 0.000190 seconds.
  path: Packages/com.unity.2d.animation/Editor/Assets/SkinningModule/Icons/Light/Edit_Pose@4x.png
  artifactKey: Guid(095744d2710d19e4ab3dd9f6852cbd15) Importer(815301076,1909f56bfc062723c751e8b465ee728b)
Start importing Packages/com.unity.2d.animation/Editor/Assets/SkinningModule/Icons/Light/Edit_Pose@4x.png using Guid(095744d2710d19e4ab3dd9f6852cbd15) Importer(815301076,1909f56bfc062723c751e8b465ee728b)  -> (artifact id: 'c208d013572b80490f799904bc89aa6d') in 0.022411 seconds
  Import took 0.025476 seconds .

========================================================================
Received Import Request.
  Time since last request: 0.000202 seconds.
  path: Packages/com.unity.2d.animation/Editor/Assets/SkinningModule/Icons/Dark/d_Create_Vertex@2x.png
  artifactKey: Guid(80a2a0d76c01997428d4213411145e8c) Importer(815301076,1909f56bfc062723c751e8b465ee728b)
Start importing Packages/com.unity.2d.animation/Editor/Assets/SkinningModule/Icons/Dark/d_Create_Vertex@2x.png using Guid(80a2a0d76c01997428d4213411145e8c) Importer(815301076,1909f56bfc062723c751e8b465ee728b)  -> (artifact id: '36be305c7ae232ad4e8d4dc3d12596e4') in 0.022609 seconds
  Import took 0.025270 seconds .

========================================================================
Received Import Request.
  Time since last request: 0.000181 seconds.
  path: Assets/Pixel Adventure 2/Assets/Enemies/Plant/Attack (44x42).png
  artifactKey: Guid(f85ccb91ff4f71d44808845949b0798b) Importer(815301076,1909f56bfc062723c751e8b465ee728b)
Start importing Assets/Pixel Adventure 2/Assets/Enemies/Plant/Attack (44x42).png using Guid(f85ccb91ff4f71d44808845949b0798b) Importer(815301076,1909f56bfc062723c751e8b465ee728b)  -> (artifact id: 'b3d671c9aeb446db9ab67fe9ad352ed6') in 0.021810 seconds
  Import took 0.024330 seconds .

========================================================================
Received Import Request.
  Time since last request: 0.000177 seconds.
  path: Assets/Knight Files/Effect & FireBalls/fireball_03.png
  artifactKey: Guid(f2700661ee7c30b4aa6e91848f4d4a30) Importer(815301076,1909f56bfc062723c751e8b465ee728b)
Start importing Assets/Knight Files/Effect & FireBalls/fireball_03.png using Guid(f2700661ee7c30b4aa6e91848f4d4a30) Importer(815301076,1909f56bfc062723c751e8b465ee728b)  -> (artifact id: '5313849bfb3716828d171e699ca774d2') in 0.014955 seconds
  Import took 0.017384 seconds .

========================================================================
Received Import Request.
  Time since last request: 0.000177 seconds.
  path: Packages/com.unity.2d.animation/Editor/Assets/SkinningModule/Icons/Light/Generate_Weights@3x.png
  artifactKey: Guid(ed5ce024c84dbdb42ac5037d03e7c039) Importer(815301076,1909f56bfc062723c751e8b465ee728b)
Start importing Packages/com.unity.2d.animation/Editor/Assets/SkinningModule/Icons/Light/Generate_Weights@3x.png using Guid(ed5ce024c84dbdb42ac5037d03e7c039) Importer(815301076,1909f56bfc062723c751e8b465ee728b)  -> (artifact id: '1833fa226cfba2089529dafc683e65a3') in 0.022392 seconds
  Import took 0.025004 seconds .

========================================================================
Received Import Request.
  Time since last request: 0.000193 seconds.
  path: Packages/com.unity.2d.animation/Editor/Assets/SkinningModule/Icons/Light/Generate_Geometry@2x.png
  artifactKey: Guid(ae5924760c9fbf54d89df9f13435887e) Importer(815301076,1909f56bfc062723c751e8b465ee728b)
Start importing Packages/com.unity.2d.animation/Editor/Assets/SkinningModule/Icons/Light/Generate_Geometry@2x.png using Guid(ae5924760c9fbf54d89df9f13435887e) Importer(815301076,1909f56bfc062723c751e8b465ee728b)  -> (artifact id: '176a611f6900d42af181f61c47fb0b1b') in 0.023235 seconds
  Import took 0.025796 seconds .

========================================================================
Received Import Request.
  Time since last request: 0.000191 seconds.
  path: Packages/com.unity.2d.animation/Editor/Assets/SkinningModule/Icons/Light/character_Mode@2x.png
  artifactKey: Guid(25096ce515c063c48a2bd6b108c95912) Importer(815301076,1909f56bfc062723c751e8b465ee728b)
Start importing Packages/com.unity.2d.animation/Editor/Assets/SkinningModule/Icons/Light/character_Mode@2x.png using Guid(25096ce515c063c48a2bd6b108c95912) Importer(815301076,1909f56bfc062723c751e8b465ee728b)  -> (artifact id: '18b9ee5fce22310e7c52e8e091bf27e4') in 0.022608 seconds
  Import took 0.025302 seconds .

========================================================================
Received Import Request.
  Time since last request: 0.000223 seconds.
  path: Packages/com.unity.2d.animation/Editor/Assets/SkinningModule/Icons/Selected/Edit_Pose@2x.png
  artifactKey: Guid(1da4b8d35afa8314198e7b69dc383431) Importer(815301076,1909f56bfc062723c751e8b465ee728b)
Start importing Packages/com.unity.2d.animation/Editor/Assets/SkinningModule/Icons/Selected/Edit_Pose@2x.png using Guid(1da4b8d35afa8314198e7b69dc383431) Importer(815301076,1909f56bfc062723c751e8b465ee728b)  -> (artifact id: 'a4c5bb755f4130e3fb518e37eb857900') in 0.022315 seconds
  Import took 0.025032 seconds .

========================================================================
Received Import Request.
  Time since last request: 0.000201 seconds.
  path: Packages/com.unity.2d.animation/Editor/Assets/SkinningModule/Icons/Dark/d_Split Bones@4x.png
  artifactKey: Guid(0bf67b4360dc1cd4caa0338c55219e9e) Importer(815301076,1909f56bfc062723c751e8b465ee728b)
Start importing Packages/com.unity.2d.animation/Editor/Assets/SkinningModule/Icons/Dark/d_Split Bones@4x.png using Guid(0bf67b4360dc1cd4caa0338c55219e9e) Importer(815301076,1909f56bfc062723c751e8b465ee728b)  -> (artifact id: 'd7a9a9f160c09d5693418b9bc26daca2') in 0.022782 seconds
  Import took 0.025576 seconds .

========================================================================
Received Import Request.
  Time since last request: 0.000172 seconds.
  path: Packages/com.unity.2d.animation/Editor/Assets/SkinningModule/Icons/Dark/d_Create Bones@4x.png
  artifactKey: Guid(7e1aff9652c0dac418d9aa42f5f24dc2) Importer(815301076,1909f56bfc062723c751e8b465ee728b)
Start importing Packages/com.unity.2d.animation/Editor/Assets/SkinningModule/Icons/Dark/d_Create Bones@4x.png using Guid(7e1aff9652c0dac418d9aa42f5f24dc2) Importer(815301076,1909f56bfc062723c751e8b465ee728b)  -> (artifact id: '91f88e8e75f70fed0fd69e33f97e4f1c') in 0.022563 seconds
  Import took 0.025076 seconds .

========================================================================
Received Import Request.
  Time since last request: 0.000189 seconds.
  path: Packages/com.unity.2d.animation/Editor/Assets/SkinningModule/Icons/Dark/d_Edit_Geometry.png
  artifactKey: Guid(a855026b258150c418b14e56540f642a) Importer(815301076,1909f56bfc062723c751e8b465ee728b)
Start importing Packages/com.unity.2d.animation/Editor/Assets/SkinningModule/Icons/Dark/d_Edit_Geometry.png using Guid(a855026b258150c418b14e56540f642a) Importer(815301076,1909f56bfc062723c751e8b465ee728b)  -> (artifact id: '5a673f5f05e0e6065514958ad546fb88') in 0.021869 seconds
  Import took 0.024400 seconds .

========================================================================
Received Import Request.
  Time since last request: 0.000211 seconds.
  path: Packages/com.unity.2d.animation/Editor/Assets/SkinningModule/Icons/Dark/d_Create_Edge@2x.png
  artifactKey: Guid(ebaf5b914f751a142b6851d985adf69d) Importer(815301076,1909f56bfc062723c751e8b465ee728b)
Start importing Packages/com.unity.2d.animation/Editor/Assets/SkinningModule/Icons/Dark/d_Create_Edge@2x.png using Guid(ebaf5b914f751a142b6851d985adf69d) Importer(815301076,1909f56bfc062723c751e8b465ee728b)  -> (artifact id: 'ac4b18bb4a4b34b29b85b9b6d22599e9') in 0.023995 seconds
  Import took 0.026585 seconds .

========================================================================
Received Import Request.
  Time since last request: 0.000200 seconds.
  path: Packages/com.unity.2d.animation/Editor/Assets/SkinningModule/Icons/Dark/d_Bone_Influence@4x.png
  artifactKey: Guid(1e0f2b45945c8254abd59f40d783c11f) Importer(815301076,1909f56bfc062723c751e8b465ee728b)
Start importing Packages/com.unity.2d.animation/Editor/Assets/SkinningModule/Icons/Dark/d_Bone_Influence@4x.png using Guid(1e0f2b45945c8254abd59f40d783c11f) Importer(815301076,1909f56bfc062723c751e8b465ee728b)  -> (artifact id: 'a8c2e421325eb3bf597e90ab3a6e1bd1') in 0.022047 seconds
  Import took 0.025263 seconds .

========================================================================
Received Import Request.
  Time since last request: 0.000183 seconds.
  path: Packages/com.unity.2d.animation/Editor/Assets/SkinningModule/Icons/Selected/character_Mode@3x.png
  artifactKey: Guid(dcea51d6065d64246aeec467afeff684) Importer(815301076,1909f56bfc062723c751e8b465ee728b)
Start importing Packages/com.unity.2d.animation/Editor/Assets/SkinningModule/Icons/Selected/character_Mode@3x.png using Guid(dcea51d6065d64246aeec467afeff684) Importer(815301076,1909f56bfc062723c751e8b465ee728b)  -> (artifact id: 'd830f3549673d64d2589cec5a9be4493') in 0.021242 seconds
  Import took 0.023763 seconds .

========================================================================
Received Import Request.
  Time since last request: 0.000185 seconds.
  path: Packages/com.unity.2d.animation/Editor/Assets/SkinningModule/Icons/Dark/d_Copy@4x.png
  artifactKey: Guid(00b8ce4a201871b498992f536279acf7) Importer(815301076,1909f56bfc062723c751e8b465ee728b)
Start importing Packages/com.unity.2d.animation/Editor/Assets/SkinningModule/Icons/Dark/d_Copy@4x.png using Guid(00b8ce4a201871b498992f536279acf7) Importer(815301076,1909f56bfc062723c751e8b465ee728b)  -> (artifact id: 'a8fe78b7149ea7e1698ade8e71b3d649') in 0.022135 seconds
  Import took 0.024837 seconds .

========================================================================
Received Import Request.
  Time since last request: 0.000223 seconds.
  path: Packages/com.unity.2d.animation/Editor/Assets/SkinningModule/Icons/Selected/Edit_Geometry@2x.png
  artifactKey: Guid(c706f86f6fd02084f9a14727d08b844d) Importer(815301076,1909f56bfc062723c751e8b465ee728b)
Start importing Packages/com.unity.2d.animation/Editor/Assets/SkinningModule/Icons/Selected/Edit_Geometry@2x.png using Guid(c706f86f6fd02084f9a14727d08b844d) Importer(815301076,1909f56bfc062723c751e8b465ee728b)  -> (artifact id: '41f6f197d3fa901a20914f4a91ea9884') in 0.020878 seconds
  Import took 0.023433 seconds .

========================================================================
Received Import Request.
  Time since last request: 0.000207 seconds.
  path: Assets/Pixel Adventure 2/Assets/Enemies/Chameleon/Attack (84x38).png
  artifactKey: Guid(9d3a57bf16487764588287654b487d2d) Importer(815301076,1909f56bfc062723c751e8b465ee728b)
Start importing Assets/Pixel Adventure 2/Assets/Enemies/Chameleon/Attack (84x38).png using Guid(9d3a57bf16487764588287654b487d2d) Importer(815301076,1909f56bfc062723c751e8b465ee728b)  -> (artifact id: '4a2a3eb24e095f14a9463c7b746cbb3a') in 0.024538 seconds
  Import took 0.027264 seconds .

========================================================================
Received Import Request.
  Time since last request: 0.000210 seconds.
  path: Packages/com.unity.2d.animation/Editor/Assets/SkinningModule/Icons/Selected/Generate_Weights@4x.png
  artifactKey: Guid(ea292d445b1c4cb48897511cd9453f1c) Importer(815301076,1909f56bfc062723c751e8b465ee728b)
Start importing Packages/com.unity.2d.animation/Editor/Assets/SkinningModule/Icons/Selected/Generate_Weights@4x.png using Guid(ea292d445b1c4cb48897511cd9453f1c) Importer(815301076,1909f56bfc062723c751e8b465ee728b)  -> (artifact id: '35772d198f35c61812672484c7494505') in 0.022359 seconds
  Import took 0.024977 seconds .

========================================================================
Received Import Request.
  Time since last request: 0.000192 seconds.
  path: Packages/com.unity.2d.animation/Editor/Assets/SkinningModule/Icons/Selected/Edit_Joints@4x.png
  artifactKey: Guid(d7b47eae8bab6b94798f1c25eabe65c2) Importer(815301076,1909f56bfc062723c751e8b465ee728b)
Start importing Packages/com.unity.2d.animation/Editor/Assets/SkinningModule/Icons/Selected/Edit_Joints@4x.png using Guid(d7b47eae8bab6b94798f1c25eabe65c2) Importer(815301076,1909f56bfc062723c751e8b465ee728b)  -> (artifact id: '7889e405257746441bacb78da60457c7') in 0.021554 seconds
  Import took 0.024386 seconds .

========================================================================
Received Import Request.
  Time since last request: 0.000234 seconds.
  path: Packages/com.unity.2d.animation/Editor/Assets/SkinningModule/Icons/Dark/d_Visibility_Hidded@3x.png
  artifactKey: Guid(6d082a477f1715f498c6a28543125ec8) Importer(815301076,1909f56bfc062723c751e8b465ee728b)
Start importing Packages/com.unity.2d.animation/Editor/Assets/SkinningModule/Icons/Dark/d_Visibility_Hidded@3x.png using Guid(6d082a477f1715f498c6a28543125ec8) Importer(815301076,1909f56bfc062723c751e8b465ee728b)  -> (artifact id: '8b907febc07519de18183d78da7d3473') in 0.020795 seconds
  Import took 0.023659 seconds .

========================================================================
Received Import Request.
  Time since last request: 0.000203 seconds.
  path: Packages/com.unity.2d.animation/Editor/Assets/SkinningModule/Icons/Light/Generate_Weights.png
  artifactKey: Guid(007c4dbed3f8be9429c39de72ee3c2d7) Importer(815301076,1909f56bfc062723c751e8b465ee728b)
Start importing Packages/com.unity.2d.animation/Editor/Assets/SkinningModule/Icons/Light/Generate_Weights.png using Guid(007c4dbed3f8be9429c39de72ee3c2d7) Importer(815301076,1909f56bfc062723c751e8b465ee728b)  -> (artifact id: 'b565b6dda9c20259f2e8051b34d9853c') in 0.021618 seconds
  Import took 0.024284 seconds .

========================================================================
Received Import Request.
  Time since last request: 0.000244 seconds.
  path: Packages/com.unity.2d.animation/Editor/Assets/SkinningModule/Icons/Selected/Generate_Weights@3x.png
  artifactKey: Guid(8174b068fa7b788459b03cec80d0641a) Importer(815301076,1909f56bfc062723c751e8b465ee728b)
Start importing Packages/com.unity.2d.animation/Editor/Assets/SkinningModule/Icons/Selected/Generate_Weights@3x.png using Guid(8174b068fa7b788459b03cec80d0641a) Importer(815301076,1909f56bfc062723c751e8b465ee728b)  -> (artifact id: '155655436b5871dfb9a8321d98b823a7') in 0.020737 seconds
  Import took 0.023616 seconds .

========================================================================
Received Import Request.
  Time since last request: 0.000250 seconds.
  path: Packages/com.unity.2d.animation/Editor/Assets/SkinningModule/Icons/Light/Generate_Weights@2x.png
  artifactKey: Guid(ef3672bed7321e34da872e8c2e205209) Importer(815301076,1909f56bfc062723c751e8b465ee728b)
Start importing Packages/com.unity.2d.animation/Editor/Assets/SkinningModule/Icons/Light/Generate_Weights@2x.png using Guid(ef3672bed7321e34da872e8c2e205209) Importer(815301076,1909f56bfc062723c751e8b465ee728b)  -> (artifact id: 'd8e6dbb36c9e5d59485667bc8d5ec621') in 0.021710 seconds
  Import took 0.024463 seconds .

========================================================================
Received Import Request.
  Time since last request: 0.000202 seconds.
  path: Packages/com.unity.2d.animation/Editor/Assets/SkinningModule/Icons/Light/Edit_Geometry@3x.png
  artifactKey: Guid(b37297243655c064a8cd48d76a074ca0) Importer(815301076,1909f56bfc062723c751e8b465ee728b)
Start importing Packages/com.unity.2d.animation/Editor/Assets/SkinningModule/Icons/Light/Edit_Geometry@3x.png using Guid(b37297243655c064a8cd48d76a074ca0) Importer(815301076,1909f56bfc062723c751e8b465ee728b)  -> (artifact id: 'aaa5ba7aec8144cd63c3f4753f8daf89') in 0.021682 seconds
  Import took 0.024397 seconds .

========================================================================
Received Import Request.
  Time since last request: 0.000189 seconds.
  path: Packages/com.unity.2d.animation/Editor/Assets/SkinningModule/Icons/Dark/d_Split Bones@2x.png
  artifactKey: Guid(afe7d261eb308984e95ffa8d883fc998) Importer(815301076,1909f56bfc062723c751e8b465ee728b)
Start importing Packages/com.unity.2d.animation/Editor/Assets/SkinningModule/Icons/Dark/d_Split Bones@2x.png using Guid(afe7d261eb308984e95ffa8d883fc998) Importer(815301076,1909f56bfc062723c751e8b465ee728b)  -> (artifact id: 'c4f7c0d1efec4ebb2495aae70f5ef7fa') in 0.021639 seconds
  Import took 0.024213 seconds .

========================================================================
Received Import Request.
  Time since last request: 0.000185 seconds.
  path: Packages/com.unity.2d.animation/Editor/Assets/SkinningModule/Icons/Selected/d_Visibility_Hidded@2x.png
  artifactKey: Guid(1a2673cb12e2ed1459bc6ab5dad05aae) Importer(815301076,1909f56bfc062723c751e8b465ee728b)
Start importing Packages/com.unity.2d.animation/Editor/Assets/SkinningModule/Icons/Selected/d_Visibility_Hidded@2x.png using Guid(1a2673cb12e2ed1459bc6ab5dad05aae) Importer(815301076,1909f56bfc062723c751e8b465ee728b)  -> (artifact id: 'f920c2e1db337998121f29834cd840bb') in 0.021819 seconds
  Import took 0.024081 seconds .

========================================================================
Received Import Request.
  Time since last request: 0.000179 seconds.
  path: Packages/com.unity.2d.animation/Editor/Assets/SkinningModule/Icons/Selected/Edit_Joints@3x.png
  artifactKey: Guid(0b0f60aa75b9d024480f9aaad450723b) Importer(815301076,1909f56bfc062723c751e8b465ee728b)
Start importing Packages/com.unity.2d.animation/Editor/Assets/SkinningModule/Icons/Selected/Edit_Joints@3x.png using Guid(0b0f60aa75b9d024480f9aaad450723b) Importer(815301076,1909f56bfc062723c751e8b465ee728b)  -> (artifact id: '41b4936dae5851877b6fe148fabd3d58') in 0.022783 seconds
  Import took 0.025078 seconds .

========================================================================
Received Import Request.
  Time since last request: 0.000182 seconds.
  path: Packages/com.unity.2d.animation/Editor/Assets/SkinningModule/Icons/Dark/d_Visibility_Hidded@4x.png
  artifactKey: Guid(36502ae6ddbac9e4dbf8fcd5889d661d) Importer(815301076,1909f56bfc062723c751e8b465ee728b)
Start importing Packages/com.unity.2d.animation/Editor/Assets/SkinningModule/Icons/Dark/d_Visibility_Hidded@4x.png using Guid(36502ae6ddbac9e4dbf8fcd5889d661d) Importer(815301076,1909f56bfc062723c751e8b465ee728b)  -> (artifact id: 'ec1609d5990ac6ac1c0db5c9877b57b3') in 0.020959 seconds
  Import took 0.023283 seconds .

========================================================================
Received Import Request.
  Time since last request: 0.000190 seconds.
  path: Packages/com.unity.2d.animation/Editor/Assets/SkinningModule/Icons/Selected/d_Bone@4x.png
  artifactKey: Guid(1bb69cd91685d9248a58b144052746f3) Importer(815301076,1909f56bfc062723c751e8b465ee728b)
Start importing Packages/com.unity.2d.animation/Editor/Assets/SkinningModule/Icons/Selected/d_Bone@4x.png using Guid(1bb69cd91685d9248a58b144052746f3) Importer(815301076,1909f56bfc062723c751e8b465ee728b)  -> (artifact id: '47644c2aa370e41b0f4703963675e140') in 0.021885 seconds
  Import took 0.024282 seconds .

========================================================================
Received Import Request.
  Time since last request: 0.000176 seconds.
  path: Packages/com.unity.2d.animation/Editor/Assets/SkinningModule/Icons/Dark/d_character_Mode@3x.png
  artifactKey: Guid(c22340e383b54c44196cb7765328e79d) Importer(815301076,1909f56bfc062723c751e8b465ee728b)
Start importing Packages/com.unity.2d.animation/Editor/Assets/SkinningModule/Icons/Dark/d_character_Mode@3x.png using Guid(c22340e383b54c44196cb7765328e79d) Importer(815301076,1909f56bfc062723c751e8b465ee728b)  -> (artifact id: '9a4005faee770a5a9f6d735c292a6ae3') in 0.020702 seconds
  Import took 0.022945 seconds .

========================================================================
Received Import Request.
  Time since last request: 0.000217 seconds.
  path: Packages/com.unity.2d.animation/Editor/Assets/SkinningModule/Icons/Light/Generate_Geometry.png
  artifactKey: Guid(cbef2434b36ff174a98995b13ef80390) Importer(815301076,1909f56bfc062723c751e8b465ee728b)
Start importing Packages/com.unity.2d.animation/Editor/Assets/SkinningModule/Icons/Light/Generate_Geometry.png using Guid(cbef2434b36ff174a98995b13ef80390) Importer(815301076,1909f56bfc062723c751e8b465ee728b)  -> (artifact id: '099a657278932d1d3597ad1d09b6cd7c') in 0.021111 seconds
  Import took 0.023533 seconds .

========================================================================
Received Import Request.
  Time since last request: 0.000208 seconds.
  path: Packages/com.unity.2d.animation/Editor/Assets/SkinningModule/Icons/Dark/d_Create_Vertex.png
  artifactKey: Guid(efe4b927ec825b242bf70d64c4258c1e) Importer(815301076,1909f56bfc062723c751e8b465ee728b)
Start importing Packages/com.unity.2d.animation/Editor/Assets/SkinningModule/Icons/Dark/d_Create_Vertex.png using Guid(efe4b927ec825b242bf70d64c4258c1e) Importer(815301076,1909f56bfc062723c751e8b465ee728b)  -> (artifact id: '6a91f8ef73d0d5c64b520ffb7c9c57b9') in 0.020752 seconds
  Import took 0.023255 seconds .

========================================================================
Received Import Request.
  Time since last request: 0.000214 seconds.
  path: Packages/com.unity.2d.animation/Editor/Assets/SkinningModule/Icons/Selected/d_Bone@3x.png
  artifactKey: Guid(443d05f2a4ae81a4297ac8ec762644c3) Importer(815301076,1909f56bfc062723c751e8b465ee728b)
Start importing Packages/com.unity.2d.animation/Editor/Assets/SkinningModule/Icons/Selected/d_Bone@3x.png using Guid(443d05f2a4ae81a4297ac8ec762644c3) Importer(815301076,1909f56bfc062723c751e8b465ee728b)  -> (artifact id: '34114e1a0c0c08980c539c4a3157571a') in 0.021584 seconds
  Import took 0.024053 seconds .

========================================================================
Received Import Request.
  Time since last request: 0.000199 seconds.
  path: Assets/Pixel Adventure 2/Assets/Enemies/Duck/Hit (36x36).png
  artifactKey: Guid(b6fb0d541d6e4e54face92c6a2e56a0d) Importer(815301076,1909f56bfc062723c751e8b465ee728b)
Start importing Assets/Pixel Adventure 2/Assets/Enemies/Duck/Hit (36x36).png using Guid(b6fb0d541d6e4e54face92c6a2e56a0d) Importer(815301076,1909f56bfc062723c751e8b465ee728b)  -> (artifact id: 'c6323eedd917f4eeca911cbd808d1575') in 0.017976 seconds
  Import took 0.021031 seconds .

========================================================================
Received Import Request.
  Time since last request: 0.000172 seconds.
  path: Assets/Pixel Adventure 2/Assets/Enemies/Bat/Idle (46x30).png
  artifactKey: Guid(17f1500d499e1e546814f4f32624b47e) Importer(815301076,1909f56bfc062723c751e8b465ee728b)
Start importing Assets/Pixel Adventure 2/Assets/Enemies/Bat/Idle (46x30).png using Guid(17f1500d499e1e546814f4f32624b47e) Importer(815301076,1909f56bfc062723c751e8b465ee728b)  -> (artifact id: '13c88dd1774634719fc614d77fe61c22') in 0.025073 seconds
  Import took 0.028048 seconds .

========================================================================
Received Import Request.
  Time since last request: 0.000219 seconds.
  path: Packages/com.unity.2d.animation/Editor/Assets/SkinningModule/Icons/Light/Edit_Geometry.png
  artifactKey: Guid(5242f1eff2245a741a7cec5ada97f9f2) Importer(815301076,1909f56bfc062723c751e8b465ee728b)
Start importing Packages/com.unity.2d.animation/Editor/Assets/SkinningModule/Icons/Light/Edit_Geometry.png using Guid(5242f1eff2245a741a7cec5ada97f9f2) Importer(815301076,1909f56bfc062723c751e8b465ee728b)  -> (artifact id: '2d937cbffef0e791fe236f6c95e96dcf') in 0.022506 seconds
  Import took 0.025372 seconds .

========================================================================
Received Import Request.
  Time since last request: 0.000215 seconds.
  path: Assets/Sprites/Pixel Adventure 1/Assets/Items/Checkpoints/Checkpoint/Checkpoint (Flag Idle)(64x64).png
  artifactKey: Guid(27a107940057e8743a507269b18a691a) Importer(815301076,1909f56bfc062723c751e8b465ee728b)
Start importing Assets/Sprites/Pixel Adventure 1/Assets/Items/Checkpoints/Checkpoint/Checkpoint (Flag Idle)(64x64).png using Guid(27a107940057e8743a507269b18a691a) Importer(815301076,1909f56bfc062723c751e8b465ee728b)  -> (artifact id: 'abdc3036a251a80e1da9d2ad804f7a14') in 0.036530 seconds
  Import took 0.039519 seconds .

========================================================================
Received Import Request.
  Time since last request: 0.000186 seconds.
  path: Packages/com.unity.2d.animation/Editor/Assets/SkinningModule/Icons/Dark/d_Visibility_Hidded.png
  artifactKey: Guid(331d72d503bf74243aa04430504cee09) Importer(815301076,1909f56bfc062723c751e8b465ee728b)
Start importing Packages/com.unity.2d.animation/Editor/Assets/SkinningModule/Icons/Dark/d_Visibility_Hidded.png using Guid(331d72d503bf74243aa04430504cee09) Importer(815301076,1909f56bfc062723c751e8b465ee728b)  -> (artifact id: '23ac75a4e09047e912a676a363a5c575') in 0.021486 seconds
  Import took 0.023756 seconds .

========================================================================
Received Import Request.
  Time since last request: 0.000204 seconds.
  path: Packages/com.unity.2d.animation/Editor/Assets/SkinningModule/Icons/Light/character_Mode.png
  artifactKey: Guid(d4d64a6cd9624c34a815dd79fb2a20a4) Importer(815301076,1909f56bfc062723c751e8b465ee728b)
Start importing Packages/com.unity.2d.animation/Editor/Assets/SkinningModule/Icons/Light/character_Mode.png using Guid(d4d64a6cd9624c34a815dd79fb2a20a4) Importer(815301076,1909f56bfc062723c751e8b465ee728b)  -> (artifact id: 'e9b80ad771c243dc8b8a118bfe69de39') in 0.021744 seconds
  Import took 0.024452 seconds .

========================================================================
Received Import Request.
  Time since last request: 0.000183 seconds.
  path: Packages/com.unity.2d.animation/Editor/Assets/SkinningModule/Icons/Selected/d_Mesh@3x.png
  artifactKey: Guid(e79a9e9d6396eba438900afb0357e808) Importer(815301076,1909f56bfc062723c751e8b465ee728b)
Start importing Packages/com.unity.2d.animation/Editor/Assets/SkinningModule/Icons/Selected/d_Mesh@3x.png using Guid(e79a9e9d6396eba438900afb0357e808) Importer(815301076,1909f56bfc062723c751e8b465ee728b)  -> (artifact id: '6238e1e28e488375e1b85ae0d3528cff') in 0.023226 seconds
  Import took 0.025842 seconds .

========================================================================
Received Import Request.
  Time since last request: 0.000164 seconds.
  path: Packages/com.unity.2d.animation/Editor/Assets/SkinningModule/Icons/Dark/d_Sprite_Mode@4x.png
  artifactKey: Guid(177f0e0a4941a464f935c21b367d57c7) Importer(815301076,1909f56bfc062723c751e8b465ee728b)
Start importing Packages/com.unity.2d.animation/Editor/Assets/SkinningModule/Icons/Dark/d_Sprite_Mode@4x.png using Guid(177f0e0a4941a464f935c21b367d57c7) Importer(815301076,1909f56bfc062723c751e8b465ee728b)  -> (artifact id: '87663da5c671768a6fc72ec35c6a2fb4') in 0.021420 seconds
  Import took 0.023838 seconds .

========================================================================
Received Import Request.
  Time since last request: 0.000183 seconds.
  path: Packages/com.unity.2d.animation/Editor/Assets/SkinningModule/Icons/Selected/Edit_Pose@3x.png
  artifactKey: Guid(558997ec9158c584a9ba9ee3eddbe8b0) Importer(815301076,1909f56bfc062723c751e8b465ee728b)
Start importing Packages/com.unity.2d.animation/Editor/Assets/SkinningModule/Icons/Selected/Edit_Pose@3x.png using Guid(558997ec9158c584a9ba9ee3eddbe8b0) Importer(815301076,1909f56bfc062723c751e8b465ee728b)  -> (artifact id: 'b1f00c5049390572e0a375f4bd63e345') in 0.022281 seconds
  Import took 0.024708 seconds .

========================================================================
Received Import Request.
  Time since last request: 0.000182 seconds.
  path: Packages/com.unity.2d.animation/Editor/Assets/SkinningModule/Icons/Dark/d_Visibility_Tool.png
  artifactKey: Guid(ac4a94776fb2dd74a910bef3649b5c84) Importer(815301076,1909f56bfc062723c751e8b465ee728b)
Start importing Packages/com.unity.2d.animation/Editor/Assets/SkinningModule/Icons/Dark/d_Visibility_Tool.png using Guid(ac4a94776fb2dd74a910bef3649b5c84) Importer(815301076,1909f56bfc062723c751e8b465ee728b)  -> (artifact id: '586b6b49d05f81620d7ec55947cfdb65') in 0.020211 seconds
  Import took 0.022559 seconds .

========================================================================
Received Import Request.
  Time since last request: 0.000275 seconds.
  path: Packages/com.unity.2d.animation/Editor/Assets/SkinningModule/Icons/Light/Edit_Pose@2x.png
  artifactKey: Guid(f169a69b888768d44906789625031d45) Importer(815301076,1909f56bfc062723c751e8b465ee728b)
Start importing Packages/com.unity.2d.animation/Editor/Assets/SkinningModule/Icons/Light/Edit_Pose@2x.png using Guid(f169a69b888768d44906789625031d45) Importer(815301076,1909f56bfc062723c751e8b465ee728b)  -> (artifact id: 'aaf2077f34896f895307b6aa53adfe72') in 0.023493 seconds
  Import took 0.026371 seconds .

========================================================================
Received Import Request.
  Time since last request: 0.000195 seconds.
  path: Packages/com.unity.2d.animation/Editor/Assets/SkinningModule/Icons/Selected/d_Visibility_Tool.png
  artifactKey: Guid(cc4d24c10deda874e9f3470976b7d396) Importer(815301076,1909f56bfc062723c751e8b465ee728b)
Start importing Packages/com.unity.2d.animation/Editor/Assets/SkinningModule/Icons/Selected/d_Visibility_Tool.png using Guid(cc4d24c10deda874e9f3470976b7d396) Importer(815301076,1909f56bfc062723c751e8b465ee728b)  -> (artifact id: '73281a72d3bec05fd1333b66538c34e9') in 0.021834 seconds
  Import took 0.024427 seconds .

========================================================================
Received Import Request.
  Time since last request: 0.000214 seconds.
  path: Packages/com.unity.2d.animation/Editor/Assets/SkinningModule/Icons/Dark/d_character_Mode.png
  artifactKey: Guid(a33833072bf90f34c856623b67d0e897) Importer(815301076,1909f56bfc062723c751e8b465ee728b)
Start importing Packages/com.unity.2d.animation/Editor/Assets/SkinningModule/Icons/Dark/d_character_Mode.png using Guid(a33833072bf90f34c856623b67d0e897) Importer(815301076,1909f56bfc062723c751e8b465ee728b)  -> (artifact id: '96966d01539860a29ccecf899cbd93cc') in 0.020943 seconds
  Import took 0.023357 seconds .

========================================================================
Received Import Request.
  Time since last request: 0.000188 seconds.
  path: Packages/com.unity.2d.animation/Editor/Assets/SkinningModule/Icons/Dark/d_Create_Edge.png
  artifactKey: Guid(7a5bb676bcccfea429f2138b6fbd005e) Importer(815301076,1909f56bfc062723c751e8b465ee728b)
Start importing Packages/com.unity.2d.animation/Editor/Assets/SkinningModule/Icons/Dark/d_Create_Edge.png using Guid(7a5bb676bcccfea429f2138b6fbd005e) Importer(815301076,1909f56bfc062723c751e8b465ee728b)  -> (artifact id: 'c2840e1dadd9f94cc863593ebceac0af') in 0.023125 seconds
  Import took 0.025662 seconds .

========================================================================
Received Import Request.
  Time since last request: 0.000199 seconds.
  path: Packages/com.unity.2d.animation/Editor/Assets/SkinningModule/Icons/Dark/d_Split_Edge@3x.png
  artifactKey: Guid(03cb0f9b9d35a14499ccade97f1b3da1) Importer(815301076,1909f56bfc062723c751e8b465ee728b)
Start importing Packages/com.unity.2d.animation/Editor/Assets/SkinningModule/Icons/Dark/d_Split_Edge@3x.png using Guid(03cb0f9b9d35a14499ccade97f1b3da1) Importer(815301076,1909f56bfc062723c751e8b465ee728b)  -> (artifact id: 'f60bc233dfc2f20142472de225596a2c') in 0.023559 seconds
  Import took 0.026346 seconds .

========================================================================
Received Import Request.
  Time since last request: 0.000160 seconds.
  path: Packages/com.unity.2d.animation/Editor/Assets/SkinningModule/Icons/Selected/Edit_Joints@2x.png
  artifactKey: Guid(401d7863028c84a4988285a5389f1d79) Importer(815301076,1909f56bfc062723c751e8b465ee728b)
Start importing Packages/com.unity.2d.animation/Editor/Assets/SkinningModule/Icons/Selected/Edit_Joints@2x.png using Guid(401d7863028c84a4988285a5389f1d79) Importer(815301076,1909f56bfc062723c751e8b465ee728b)  -> (artifact id: 'ed5c71a86d7f97cb8d4921f51bbc9f2e') in 0.022452 seconds
  Import took 0.024851 seconds .

========================================================================
Received Import Request.
  Time since last request: 0.000170 seconds.
  path: Packages/com.unity.2d.animation/Editor/Assets/SkinningModule/Icons/Dark/d_Edit_Geometry@3x.png
  artifactKey: Guid(0ff8fd73a1ad1284eb30ab319560b4c7) Importer(815301076,1909f56bfc062723c751e8b465ee728b)
Start importing Packages/com.unity.2d.animation/Editor/Assets/SkinningModule/Icons/Dark/d_Edit_Geometry@3x.png using Guid(0ff8fd73a1ad1284eb30ab319560b4c7) Importer(815301076,1909f56bfc062723c751e8b465ee728b)  -> (artifact id: '5349833b6373c9ff979c1c7aa1fa719d') in 0.021401 seconds
  Import took 0.023758 seconds .

========================================================================
Received Import Request.
  Time since last request: 0.000174 seconds.
  path: Packages/com.unity.2d.animation/Editor/Assets/SkinningModule/Icons/Light/Bone@3x.png
  artifactKey: Guid(76beef9fdae7b48468ddf07d0400a374) Importer(815301076,1909f56bfc062723c751e8b465ee728b)
Start importing Packages/com.unity.2d.animation/Editor/Assets/SkinningModule/Icons/Light/Bone@3x.png using Guid(76beef9fdae7b48468ddf07d0400a374) Importer(815301076,1909f56bfc062723c751e8b465ee728b)  -> (artifact id: 'bd01595d17c3f7c89ddbd1be297589ee') in 0.021346 seconds
  Import took 0.023619 seconds .

========================================================================
Received Import Request.
  Time since last request: 0.000188 seconds.
  path: Packages/com.unity.2d.animation/Editor/Assets/SkinningModule/Icons/Selected/Edit_Geometry@3x.png
  artifactKey: Guid(dd736f22fa93fe9468b8b8b405413957) Importer(815301076,1909f56bfc062723c751e8b465ee728b)
Start importing Packages/com.unity.2d.animation/Editor/Assets/SkinningModule/Icons/Selected/Edit_Geometry@3x.png using Guid(dd736f22fa93fe9468b8b8b405413957) Importer(815301076,1909f56bfc062723c751e8b465ee728b)  -> (artifact id: '3d5c7251a58da0ed348d0cb455cab721') in 0.021510 seconds
  Import took 0.023925 seconds .

========================================================================
Received Import Request.
  Time since last request: 0.000272 seconds.
  path: Packages/com.unity.2d.animation/Editor/Assets/SkinningModule/Icons/Selected/character_Mode@2x.png
  artifactKey: Guid(5d52b20f865aff242bfcb08c3b6f61a5) Importer(815301076,1909f56bfc062723c751e8b465ee728b)
Start importing Packages/com.unity.2d.animation/Editor/Assets/SkinningModule/Icons/Selected/character_Mode@2x.png using Guid(5d52b20f865aff242bfcb08c3b6f61a5) Importer(815301076,1909f56bfc062723c751e8b465ee728b)  -> (artifact id: 'a2659c7fe0ad8b747f50081fb9b21653') in 0.022111 seconds
  Import took 0.024857 seconds .

========================================================================
Received Import Request.
  Time since last request: 0.000190 seconds.
  path: Packages/com.unity.2d.animation/Editor/Assets/SkinningModule/Icons/Dark/d_character_Mode@2x.png
  artifactKey: Guid(d4a1388a0d4ee9c44bcaa86e463a7b39) Importer(815301076,1909f56bfc062723c751e8b465ee728b)
Start importing Packages/com.unity.2d.animation/Editor/Assets/SkinningModule/Icons/Dark/d_character_Mode@2x.png using Guid(d4a1388a0d4ee9c44bcaa86e463a7b39) Importer(815301076,1909f56bfc062723c751e8b465ee728b)  -> (artifact id: '0b47c31a59b7c39f6d8af5563e395081') in 0.020986 seconds
  Import took 0.023761 seconds .

========================================================================
Received Import Request.
  Time since last request: 0.000197 seconds.
  path: Packages/com.unity.2d.animation/Editor/Assets/SkinningModule/Icons/Light/Generate_Geometry@4x.png
  artifactKey: Guid(a4c77cea19fd0f84581d6e437a86290c) Importer(815301076,1909f56bfc062723c751e8b465ee728b)
Start importing Packages/com.unity.2d.animation/Editor/Assets/SkinningModule/Icons/Light/Generate_Geometry@4x.png using Guid(a4c77cea19fd0f84581d6e437a86290c) Importer(815301076,1909f56bfc062723c751e8b465ee728b)  -> (artifact id: 'e4f485c81d29004c7e912d188c03523f') in 0.022497 seconds
  Import took 0.025132 seconds .

========================================================================
Received Import Request.
  Time since last request: 0.000205 seconds.
  path: Packages/com.unity.2d.animation/Editor/Assets/SkinningModule/Icons/Dark/d_Parent_Bone.png
  artifactKey: Guid(8b8fa969cc0cac04b97330905b3dd95b) Importer(815301076,1909f56bfc062723c751e8b465ee728b)
Start importing Packages/com.unity.2d.animation/Editor/Assets/SkinningModule/Icons/Dark/d_Parent_Bone.png using Guid(8b8fa969cc0cac04b97330905b3dd95b) Importer(815301076,1909f56bfc062723c751e8b465ee728b)  -> (artifact id: '5266ef91f779e61e638f2d87fb3545f5') in 0.022185 seconds
  Import took 0.024640 seconds .

========================================================================
Received Import Request.
  Time since last request: 0.000193 seconds.
  path: Packages/com.unity.2d.animation/Editor/Assets/SkinningModule/Icons/Light/Edit_Joints@3x.png
  artifactKey: Guid(da6b55611e420f443a65d0be7a8f8719) Importer(815301076,1909f56bfc062723c751e8b465ee728b)
Start importing Packages/com.unity.2d.animation/Editor/Assets/SkinningModule/Icons/Light/Edit_Joints@3x.png using Guid(da6b55611e420f443a65d0be7a8f8719) Importer(815301076,1909f56bfc062723c751e8b465ee728b)  -> (artifact id: '5a6e7d6dc337718b37e02563cc297e9b') in 0.021631 seconds
  Import took 0.024209 seconds .

========================================================================
Received Import Request.
  Time since last request: 0.000194 seconds.
  path: Packages/com.unity.2d.animation/Editor/Assets/SkinningModule/Icons/Light/Copy.png
  artifactKey: Guid(42f4b048501996743958df91513f824a) Importer(815301076,1909f56bfc062723c751e8b465ee728b)
Start importing Packages/com.unity.2d.animation/Editor/Assets/SkinningModule/Icons/Light/Copy.png using Guid(42f4b048501996743958df91513f824a) Importer(815301076,1909f56bfc062723c751e8b465ee728b)  -> (artifact id: '02dba897b6dbd0c64fbfd4166bcd974b') in 0.020922 seconds
  Import took 0.023557 seconds .

========================================================================
Received Import Request.
  Time since last request: 0.000204 seconds.
  path: Packages/com.unity.2d.animation/Editor/Assets/SkinningModule/Icons/Selected/Copy.png
  artifactKey: Guid(678095381d851334fb550c5032ba1a81) Importer(815301076,1909f56bfc062723c751e8b465ee728b)
Start importing Packages/com.unity.2d.animation/Editor/Assets/SkinningModule/Icons/Selected/Copy.png using Guid(678095381d851334fb550c5032ba1a81) Importer(815301076,1909f56bfc062723c751e8b465ee728b)  -> (artifact id: '1c97ba50c784b169eac2b826ed32adc5') in 0.020329 seconds
  Import took 0.023071 seconds .

========================================================================
Received Import Request.
  Time since last request: 0.000224 seconds.
  path: Packages/com.unity.2d.animation/Editor/Assets/SkinningModule/Icons/Light/Create_Edge@4x.png
  artifactKey: Guid(1f21190ca9d1e8540b2a3a2e46002685) Importer(815301076,1909f56bfc062723c751e8b465ee728b)
Start importing Packages/com.unity.2d.animation/Editor/Assets/SkinningModule/Icons/Light/Create_Edge@4x.png using Guid(1f21190ca9d1e8540b2a3a2e46002685) Importer(815301076,1909f56bfc062723c751e8b465ee728b)  -> (artifact id: '5281b5c3b0db81a888ef852c974048d0') in 0.020454 seconds
  Import took 0.023171 seconds .

========================================================================
Received Import Request.
  Time since last request: 0.000213 seconds.
  path: Packages/com.unity.2d.animation/Editor/Assets/SkinningModule/Icons/Selected/d_Bone.png
  artifactKey: Guid(006a3adba8ff95144b4e779daa84bb7e) Importer(815301076,1909f56bfc062723c751e8b465ee728b)
Start importing Packages/com.unity.2d.animation/Editor/Assets/SkinningModule/Icons/Selected/d_Bone.png using Guid(006a3adba8ff95144b4e779daa84bb7e) Importer(815301076,1909f56bfc062723c751e8b465ee728b)  -> (artifact id: 'b696a7ad2db17bde0bc77a0c2d1cf3ac') in 0.023278 seconds
  Import took 0.025754 seconds .

========================================================================
Received Import Request.
  Time since last request: 0.000194 seconds.
  path: Packages/com.unity.2d.animation/Editor/Assets/SkinningModule/Icons/Dark/d_Generate_Geometry@4x.png
  artifactKey: Guid(db49e13fa9e16dc44b5ffb6bc43d4235) Importer(815301076,1909f56bfc062723c751e8b465ee728b)
Start importing Packages/com.unity.2d.animation/Editor/Assets/SkinningModule/Icons/Dark/d_Generate_Geometry@4x.png using Guid(db49e13fa9e16dc44b5ffb6bc43d4235) Importer(815301076,1909f56bfc062723c751e8b465ee728b)  -> (artifact id: '00c64b3efc133a1ba80344d87ad127b1') in 0.020692 seconds
  Import took 0.023216 seconds .

========================================================================
Received Import Request.
  Time since last request: 0.000170 seconds.
  path: Packages/com.unity.2d.animation/Editor/Assets/SkinningModule/Icons/Dark/d_Generate_Weights@3x.png
  artifactKey: Guid(d0e92ddf428f3da4abe78b8ef60e2a84) Importer(815301076,1909f56bfc062723c751e8b465ee728b)
Start importing Packages/com.unity.2d.animation/Editor/Assets/SkinningModule/Icons/Dark/d_Generate_Weights@3x.png using Guid(d0e92ddf428f3da4abe78b8ef60e2a84) Importer(815301076,1909f56bfc062723c751e8b465ee728b)  -> (artifact id: '53ce20cc7539940a39f8b90de15b1d45') in 0.023302 seconds
  Import took 0.025584 seconds .

========================================================================
Received Import Request.
  Time since last request: 0.000174 seconds.
  path: Packages/com.unity.2d.animation/Editor/Assets/SkinningModule/Icons/Dark/d_Mesh@2x.png
  artifactKey: Guid(fc8dcc4a15d828e4686470389805489c) Importer(815301076,1909f56bfc062723c751e8b465ee728b)
Start importing Packages/com.unity.2d.animation/Editor/Assets/SkinningModule/Icons/Dark/d_Mesh@2x.png using Guid(fc8dcc4a15d828e4686470389805489c) Importer(815301076,1909f56bfc062723c751e8b465ee728b)  -> (artifact id: 'b384d9a19f7e5fc0c1a4766f7831d2ca') in 0.023992 seconds
  Import took 0.026319 seconds .

========================================================================
Received Import Request.
  Time since last request: 0.000193 seconds.
  path: Packages/com.unity.2d.animation/Editor/Assets/SkinningModule/Icons/Light/Create Bones@3x.png
  artifactKey: Guid(803b0b9bfc1fd824aae8423bfbab83b4) Importer(815301076,1909f56bfc062723c751e8b465ee728b)
Start importing Packages/com.unity.2d.animation/Editor/Assets/SkinningModule/Icons/Light/Create Bones@3x.png using Guid(803b0b9bfc1fd824aae8423bfbab83b4) Importer(815301076,1909f56bfc062723c751e8b465ee728b)  -> (artifact id: 'e35d36cb14470b98c676bc2c4f50dd41') in 0.021747 seconds
  Import took 0.024256 seconds .

========================================================================
Received Import Request.
  Time since last request: 0.000181 seconds.
  path: Packages/com.unity.2d.animation/Editor/Assets/SkinningModule/Icons/Selected/d_Visibility_Tool@4x.png
  artifactKey: Guid(0167a2d235421ca4f8095daaa1defd4f) Importer(815301076,1909f56bfc062723c751e8b465ee728b)
Start importing Packages/com.unity.2d.animation/Editor/Assets/SkinningModule/Icons/Selected/d_Visibility_Tool@4x.png using Guid(0167a2d235421ca4f8095daaa1defd4f) Importer(815301076,1909f56bfc062723c751e8b465ee728b)  -> (artifact id: 'dc49b97c04e1e92c188019840db40e79') in 0.021010 seconds
  Import took 0.023604 seconds .

========================================================================
Received Import Request.
  Time since last request: 0.000178 seconds.
  path: Assets/Knight Files/Effect & FireBalls/dashwind_01.png
  artifactKey: Guid(ba8204987081496419081ce78d6917db) Importer(815301076,1909f56bfc062723c751e8b465ee728b)
Start importing Assets/Knight Files/Effect & FireBalls/dashwind_01.png using Guid(ba8204987081496419081ce78d6917db) Importer(815301076,1909f56bfc062723c751e8b465ee728b)  -> (artifact id: 'c0a9f4ffdc42c17c3b4b0dd87c374c49') in 0.015138 seconds
  Import took 0.017818 seconds .

========================================================================
Received Import Request.
  Time since last request: 0.000223 seconds.
  path: Assets/Knight Files/Effect & FireBalls/explosion_06.png
  artifactKey: Guid(5570ce90349bcee48ad72f984407eb70) Importer(815301076,1909f56bfc062723c751e8b465ee728b)
Start importing Assets/Knight Files/Effect & FireBalls/explosion_06.png using Guid(5570ce90349bcee48ad72f984407eb70) Importer(815301076,1909f56bfc062723c751e8b465ee728b)  -> (artifact id: 'c3f14eacc523c70f7a2523b6b5a8f69a') in 0.016533 seconds
  Import took 0.019706 seconds .

========================================================================
Received Import Request.
  Time since last request: 0.000183 seconds.
  path: Packages/com.unity.2d.animation/Editor/Assets/SkinningModule/Icons/Light/Create_Vertex@2x.png
  artifactKey: Guid(a0c33b3a6e0728343b29883d739f1322) Importer(815301076,1909f56bfc062723c751e8b465ee728b)
Start importing Packages/com.unity.2d.animation/Editor/Assets/SkinningModule/Icons/Light/Create_Vertex@2x.png using Guid(a0c33b3a6e0728343b29883d739f1322) Importer(815301076,1909f56bfc062723c751e8b465ee728b)  -> (artifact id: '3d61cec300e4d1a418717358f35c73f4') in 0.019645 seconds
  Import took 0.022152 seconds .

========================================================================
Received Import Request.
  Time since last request: 0.000328 seconds.
  path: Packages/com.unity.2d.animation/Editor/Assets/SkinningModule/Icons/Dark/d_Weight_Slider@3x.png
  artifactKey: Guid(3120ec2beffde56499fe86f755fc25b9) Importer(815301076,1909f56bfc062723c751e8b465ee728b)
Start importing Packages/com.unity.2d.animation/Editor/Assets/SkinningModule/Icons/Dark/d_Weight_Slider@3x.png using Guid(3120ec2beffde56499fe86f755fc25b9) Importer(815301076,1909f56bfc062723c751e8b465ee728b)  -> (artifact id: '26436b6e4f0307e950f24fcf1254e80c') in 0.022195 seconds
  Import took 0.024885 seconds .

========================================================================
Received Import Request.
  Time since last request: 0.000255 seconds.
  path: Packages/com.unity.2d.animation/Editor/Assets/SkinningModule/Icons/Light/Create Bones@2x.png
  artifactKey: Guid(03976b6af3289c0409a55e2c4eab4087) Importer(815301076,1909f56bfc062723c751e8b465ee728b)
Start importing Packages/com.unity.2d.animation/Editor/Assets/SkinningModule/Icons/Light/Create Bones@2x.png using Guid(03976b6af3289c0409a55e2c4eab4087) Importer(815301076,1909f56bfc062723c751e8b465ee728b)  -> (artifact id: '0f4502e5298e9134eeb58f38d0bb7f80') in 0.022354 seconds
  Import took 0.024766 seconds .

========================================================================
Received Import Request.
  Time since last request: 0.000178 seconds.
  path: Packages/com.unity.2d.animation/Editor/Assets/SkinningModule/Icons/Dark/d_Edit_Joints@4x.png
  artifactKey: Guid(15d3c315af8faf2498573371308b9d3e) Importer(815301076,1909f56bfc062723c751e8b465ee728b)
Start importing Packages/com.unity.2d.animation/Editor/Assets/SkinningModule/Icons/Dark/d_Edit_Joints@4x.png using Guid(15d3c315af8faf2498573371308b9d3e) Importer(815301076,1909f56bfc062723c751e8b465ee728b)  -> (artifact id: '8d4731bfda53090a78ef39d73bd6b761') in 0.021941 seconds
  Import took 0.024466 seconds .

========================================================================
Received Import Request.
  Time since last request: 0.000212 seconds.
  path: Assets/Pixel Adventure 2/Assets/Enemies/Bunny/Fall.png
  artifactKey: Guid(11d964a7f73f03c479072fa5ca009a7f) Importer(815301076,1909f56bfc062723c751e8b465ee728b)
Start importing Assets/Pixel Adventure 2/Assets/Enemies/Bunny/Fall.png using Guid(11d964a7f73f03c479072fa5ca009a7f) Importer(815301076,1909f56bfc062723c751e8b465ee728b)  -> (artifact id: 'ab0369b0bc3fb14835f9ea6807974288') in 0.017608 seconds
  Import took 0.020436 seconds .

========================================================================
Received Import Request.
  Time since last request: 0.000186 seconds.
  path: Assets/Pixel Adventure 2/Assets/Enemies/FatBird/Fall (40x48).png
  artifactKey: Guid(0b35535918bf72f4a9f6d0311709b8a2) Importer(815301076,1909f56bfc062723c751e8b465ee728b)
Start importing Assets/Pixel Adventure 2/Assets/Enemies/FatBird/Fall (40x48).png using Guid(0b35535918bf72f4a9f6d0311709b8a2) Importer(815301076,1909f56bfc062723c751e8b465ee728b)  -> (artifact id: '878ee58825faa08d0c72a8cb33f3e96c') in 0.019317 seconds
  Import took 0.022170 seconds .

========================================================================
Received Import Request.
  Time since last request: 0.000207 seconds.
  path: Packages/com.unity.2d.animation/Editor/Assets/SkinningModule/Icons/Dark/d_Create_Edge@4x.png
  artifactKey: Guid(62053ed690017d143bd2cfa8e5dc3ff5) Importer(815301076,1909f56bfc062723c751e8b465ee728b)
Start importing Packages/com.unity.2d.animation/Editor/Assets/SkinningModule/Icons/Dark/d_Create_Edge@4x.png using Guid(62053ed690017d143bd2cfa8e5dc3ff5) Importer(815301076,1909f56bfc062723c751e8b465ee728b)  -> (artifact id: 'd5d2077bfedca8a2d8aec242ff0d08e4') in 0.023556 seconds
  Import took 0.025990 seconds .

========================================================================
Received Import Request.
  Time since last request: 0.000176 seconds.
  path: Assets/Pixel Adventure 2/Assets/Enemies/AngryPig/Hit 1 (36x30).png
  artifactKey: Guid(badf6f9cf3e259c47a2031211fdf1867) Importer(815301076,1909f56bfc062723c751e8b465ee728b)
Start importing Assets/Pixel Adventure 2/Assets/Enemies/AngryPig/Hit 1 (36x30).png using Guid(badf6f9cf3e259c47a2031211fdf1867) Importer(815301076,1909f56bfc062723c751e8b465ee728b)  -> (artifact id: 'debcea616f9b9f0ae9f16d9d6f73897c') in 0.017720 seconds
  Import took 0.020081 seconds .

========================================================================
Received Import Request.
  Time since last request: 0.000217 seconds.
  path: Assets/Pixel Adventure 2/Assets/Enemies/Trunk/Hit (64x32).png
  artifactKey: Guid(02f6a2469272a1740a629fdc51415d8f) Importer(815301076,1909f56bfc062723c751e8b465ee728b)
Start importing Assets/Pixel Adventure 2/Assets/Enemies/Trunk/Hit (64x32).png using Guid(02f6a2469272a1740a629fdc51415d8f) Importer(815301076,1909f56bfc062723c751e8b465ee728b)  -> (artifact id: 'bae8f8020c4d19832876ddfd1ec86c68') in 0.017420 seconds
  Import took 0.019897 seconds .

========================================================================
Received Import Request.
  Time since last request: 0.000189 seconds.
  path: Packages/com.unity.2d.animation/Editor/Assets/SkinningModule/Icons/Dark/d_Weight_Slider@2x.png
  artifactKey: Guid(b2aca1e4f59dad54785b6ffded66224a) Importer(815301076,1909f56bfc062723c751e8b465ee728b)
Start importing Packages/com.unity.2d.animation/Editor/Assets/SkinningModule/Icons/Dark/d_Weight_Slider@2x.png using Guid(b2aca1e4f59dad54785b6ffded66224a) Importer(815301076,1909f56bfc062723c751e8b465ee728b)  -> (artifact id: '475d3b8912a09c636aad8f71411ccd19') in 0.025194 seconds
  Import took 0.027765 seconds .

========================================================================
Received Import Request.
  Time since last request: 0.000180 seconds.
  path: Assets/Sprites/Pixel Adventure 1/Assets/Items/Checkpoints/Checkpoint/Checkpoint (Flag Out) (64x64).png
  artifactKey: Guid(32726eef68207514bbede9c6509379b5) Importer(815301076,1909f56bfc062723c751e8b465ee728b)
Start importing Assets/Sprites/Pixel Adventure 1/Assets/Items/Checkpoints/Checkpoint/Checkpoint (Flag Out) (64x64).png using Guid(32726eef68207514bbede9c6509379b5) Importer(815301076,1909f56bfc062723c751e8b465ee728b)  -> (artifact id: '7728dae355aedd4be189037f2e0878e8') in 0.060952 seconds
  Import took 0.063509 seconds .

========================================================================
Received Import Request.
  Time since last request: 0.000191 seconds.
  path: Packages/com.unity.2d.animation/Editor/Assets/SkinningModule/Icons/Dark/d_Visibility_Tool@4x.png
  artifactKey: Guid(575e67e67fc4b3349bef2112e32f0be3) Importer(815301076,1909f56bfc062723c751e8b465ee728b)
Start importing Packages/com.unity.2d.animation/Editor/Assets/SkinningModule/Icons/Dark/d_Visibility_Tool@4x.png using Guid(575e67e67fc4b3349bef2112e32f0be3) Importer(815301076,1909f56bfc062723c751e8b465ee728b)  -> (artifact id: '090bd7567a1437225db1bedc059840d5') in 0.020563 seconds
  Import took 0.023013 seconds .

========================================================================
Received Import Request.
  Time since last request: 0.000238 seconds.
  path: Packages/com.unity.2d.animation/Editor/Assets/SkinningModule/Icons/Selected/Create_Edge@3x.png
  artifactKey: Guid(374643871a39dd44880f1c0eff14f46c) Importer(815301076,1909f56bfc062723c751e8b465ee728b)
Start importing Packages/com.unity.2d.animation/Editor/Assets/SkinningModule/Icons/Selected/Create_Edge@3x.png using Guid(374643871a39dd44880f1c0eff14f46c) Importer(815301076,1909f56bfc062723c751e8b465ee728b)  -> (artifact id: '4c32fae32ecd14fdfe3fe36103b43c7e') in 0.022457 seconds
  Import took 0.025637 seconds .

========================================================================
Received Import Request.
  Time since last request: 0.000196 seconds.
  path: Packages/com.unity.2d.animation/Editor/Assets/SkinningModule/Icons/Selected/Edit_Geometry.png
  artifactKey: Guid(b668cd73b0ac4ba4db9f21a167c80e6b) Importer(815301076,1909f56bfc062723c751e8b465ee728b)
Start importing Packages/com.unity.2d.animation/Editor/Assets/SkinningModule/Icons/Selected/Edit_Geometry.png using Guid(b668cd73b0ac4ba4db9f21a167c80e6b) Importer(815301076,1909f56bfc062723c751e8b465ee728b)  -> (artifact id: '756612212a54800304f8bca280183861') in 0.020716 seconds
  Import took 0.023090 seconds .

========================================================================
Received Import Request.
  Time since last request: 0.000225 seconds.
  path: Packages/com.unity.2d.animation/Editor/Assets/SkinningModule/Icons/Dark/d_Edit_Geometry@4x.png
  artifactKey: Guid(7af5f1b9cb7fc7645a9f27f070fbe2fd) Importer(815301076,1909f56bfc062723c751e8b465ee728b)
Start importing Packages/com.unity.2d.animation/Editor/Assets/SkinningModule/Icons/Dark/d_Edit_Geometry@4x.png using Guid(7af5f1b9cb7fc7645a9f27f070fbe2fd) Importer(815301076,1909f56bfc062723c751e8b465ee728b)  -> (artifact id: 'b802eac9c6778d5df2e0c59324646dc3') in 0.021492 seconds
  Import took 0.024500 seconds .

========================================================================
Received Import Request.
  Time since last request: 0.000195 seconds.
  path: Packages/com.unity.2d.animation/Editor/Assets/SkinningModule/Icons/Selected/Create_Edge@2x.png
  artifactKey: Guid(e5da66fa63839274dbffb877e43e888b) Importer(815301076,1909f56bfc062723c751e8b465ee728b)
Start importing Packages/com.unity.2d.animation/Editor/Assets/SkinningModule/Icons/Selected/Create_Edge@2x.png using Guid(e5da66fa63839274dbffb877e43e888b) Importer(815301076,1909f56bfc062723c751e8b465ee728b)  -> (artifact id: '3cdcb2c537365fdfc2d18de41359cb53') in 0.021728 seconds
  Import took 0.024535 seconds .

========================================================================
Received Import Request.
  Time since last request: 0.000209 seconds.
  path: Packages/com.unity.2d.animation/Editor/Assets/SkinningModule/Icons/Dark/d_Parent_Bone@2x.png
  artifactKey: Guid(1038032ed9d668e438d3f97dd8014cbb) Importer(815301076,1909f56bfc062723c751e8b465ee728b)
Start importing Packages/com.unity.2d.animation/Editor/Assets/SkinningModule/Icons/Dark/d_Parent_Bone@2x.png using Guid(1038032ed9d668e438d3f97dd8014cbb) Importer(815301076,1909f56bfc062723c751e8b465ee728b)  -> (artifact id: '086c88f7c4085895078238a3d5dc4e42') in 0.021969 seconds
  Import took 0.024543 seconds .

========================================================================
Received Import Request.
  Time since last request: 0.000218 seconds.
  path: Packages/com.unity.2d.animation/Editor/Assets/SkinningModule/Icons/Dark/d_Visibility_Tool@2x 1.png
  artifactKey: Guid(1c5db39ecfdc3764c9b3874920a80999) Importer(815301076,1909f56bfc062723c751e8b465ee728b)
Start importing Packages/com.unity.2d.animation/Editor/Assets/SkinningModule/Icons/Dark/d_Visibility_Tool@2x 1.png using Guid(1c5db39ecfdc3764c9b3874920a80999) Importer(815301076,1909f56bfc062723c751e8b465ee728b)  -> (artifact id: '6d6b054aff469619edcaf87ae3cd78db') in 0.022956 seconds
  Import took 0.025892 seconds .

========================================================================
Received Import Request.
  Time since last request: 0.000255 seconds.
  path: Packages/com.unity.2d.animation/Editor/Assets/SkinningModule/Icons/Dark/d_Generate_Weights@4x.png
  artifactKey: Guid(8e88614a5d2aead4998a8c70955662c6) Importer(815301076,1909f56bfc062723c751e8b465ee728b)
Start importing Packages/com.unity.2d.animation/Editor/Assets/SkinningModule/Icons/Dark/d_Generate_Weights@4x.png using Guid(8e88614a5d2aead4998a8c70955662c6) Importer(815301076,1909f56bfc062723c751e8b465ee728b)  -> (artifact id: '447ff151d5b04865c7c302dc131acd47') in 0.021506 seconds
  Import took 0.024518 seconds .

========================================================================
Received Import Request.
  Time since last request: 0.000255 seconds.
  path: Assets/Pixel Adventure 2/Assets/Enemies/Bat/Flying (46x30).png
  artifactKey: Guid(d2de0d5d65de6fe4c819bae5f4e4c117) Importer(815301076,1909f56bfc062723c751e8b465ee728b)
Start importing Assets/Pixel Adventure 2/Assets/Enemies/Bat/Flying (46x30).png using Guid(d2de0d5d65de6fe4c819bae5f4e4c117) Importer(815301076,1909f56bfc062723c751e8b465ee728b)  -> (artifact id: '585697e58a447424c85ebc81d79fa7e8') in 0.020750 seconds
  Import took 0.023422 seconds .

========================================================================
Received Import Request.
  Time since last request: 0.000166 seconds.
  path: Packages/com.unity.2d.animation/Editor/Assets/SkinningModule/Icons/Dark/d_Create_Vertex@3x.png
  artifactKey: Guid(501233c9f1da3ef44b4ff7115f564d9b) Importer(815301076,1909f56bfc062723c751e8b465ee728b)
Start importing Packages/com.unity.2d.animation/Editor/Assets/SkinningModule/Icons/Dark/d_Create_Vertex@3x.png using Guid(501233c9f1da3ef44b4ff7115f564d9b) Importer(815301076,1909f56bfc062723c751e8b465ee728b)  -> (artifact id: '430a813d7ad6b40a236e7e98b505b3e2') in 0.020735 seconds
  Import took 0.023063 seconds .

========================================================================
Received Import Request.
  Time since last request: 0.000177 seconds.
  path: Assets/Pixel Adventure 2/Assets/Enemies/Turtle/Idle 1 (44x26).png
  artifactKey: Guid(81599edd816625a4394b87c55bc6d552) Importer(815301076,1909f56bfc062723c751e8b465ee728b)
Start importing Assets/Pixel Adventure 2/Assets/Enemies/Turtle/Idle 1 (44x26).png using Guid(81599edd816625a4394b87c55bc6d552) Importer(815301076,1909f56bfc062723c751e8b465ee728b)  -> (artifact id: 'b1460542ccd17dfe67ec85bb1c542274') in 0.025134 seconds
  Import took 0.028064 seconds .

========================================================================
Received Import Request.
  Time since last request: 0.000253 seconds.
  path: Packages/com.unity.2d.animation/Editor/Assets/SkinningModule/Icons/Selected/Paste.png
  artifactKey: Guid(50eb3d76f731b5e46a7b8a0a52d93ef9) Importer(815301076,1909f56bfc062723c751e8b465ee728b)
Start importing Packages/com.unity.2d.animation/Editor/Assets/SkinningModule/Icons/Selected/Paste.png using Guid(50eb3d76f731b5e46a7b8a0a52d93ef9) Importer(815301076,1909f56bfc062723c751e8b465ee728b)  -> (artifact id: 'f5e69bcb54b81bd5f62f9f52400baa6d') in 0.020480 seconds
  Import took 0.023423 seconds .

========================================================================
Received Import Request.
  Time since last request: 0.000204 seconds.
  path: Packages/com.unity.2d.animation/Editor/Assets/SkinningModule/Icons/Selected/Paste@4x.png
  artifactKey: Guid(5d4fa2fdecdadcb468baaedc792cc439) Importer(815301076,1909f56bfc062723c751e8b465ee728b)
Start importing Packages/com.unity.2d.animation/Editor/Assets/SkinningModule/Icons/Selected/Paste@4x.png using Guid(5d4fa2fdecdadcb468baaedc792cc439) Importer(815301076,1909f56bfc062723c751e8b465ee728b)  -> (artifact id: '3920e8a50462ef5175d226b63fc87aaa') in 0.021331 seconds
  Import took 0.024158 seconds .

========================================================================
Received Import Request.
  Time since last request: 0.000197 seconds.
  path: Assets/Knight Files/Effect & FireBalls/particlel.png
  artifactKey: Guid(6dec5c53ddfb4414b95f16b2cdde7280) Importer(815301076,1909f56bfc062723c751e8b465ee728b)
Start importing Assets/Knight Files/Effect & FireBalls/particlel.png using Guid(6dec5c53ddfb4414b95f16b2cdde7280) Importer(815301076,1909f56bfc062723c751e8b465ee728b)  -> (artifact id: '56828c73397ebbaefefe1a7fc4d707a6') in 0.013994 seconds
  Import took 0.016653 seconds .

========================================================================
Received Import Request.
  Time since last request: 0.000240 seconds.
  path: Assets/Knight Files/Effect & FireBalls/potion.png
  artifactKey: Guid(98451d2a04ae2b54a9ec0ff4bc429fa3) Importer(815301076,1909f56bfc062723c751e8b465ee728b)
Start importing Assets/Knight Files/Effect & FireBalls/potion.png using Guid(98451d2a04ae2b54a9ec0ff4bc429fa3) Importer(815301076,1909f56bfc062723c751e8b465ee728b)  -> (artifact id: 'dab3e13b2cb234d7263065acb5a1d1da') in 0.014030 seconds
  Import took 0.016772 seconds .

========================================================================
Received Import Request.
  Time since last request: 0.000197 seconds.
  path: Packages/com.unity.2d.animation/Editor/Assets/SkinningModule/Icons/Selected/Paste@2x.png
  artifactKey: Guid(cd0250057a3f07346b60675b355c3e06) Importer(815301076,1909f56bfc062723c751e8b465ee728b)
Start importing Packages/com.unity.2d.animation/Editor/Assets/SkinningModule/Icons/Selected/Paste@2x.png using Guid(cd0250057a3f07346b60675b355c3e06) Importer(815301076,1909f56bfc062723c751e8b465ee728b)  -> (artifact id: '2f6f69ed4cf8efd841cd936a6523fee1') in 0.021467 seconds
  Import took 0.024089 seconds .

========================================================================
Received Import Request.
  Time since last request: 0.000170 seconds.
  path: Assets/Pixel Adventure 2/Assets/Enemies/Rocks/Rock2_Idle (32x28).png
  artifactKey: Guid(f7ea70eedecbfe34a93819309bcaf901) Importer(815301076,1909f56bfc062723c751e8b465ee728b)
Start importing Assets/Pixel Adventure 2/Assets/Enemies/Rocks/Rock2_Idle (32x28).png using Guid(f7ea70eedecbfe34a93819309bcaf901) Importer(815301076,1909f56bfc062723c751e8b465ee728b)  -> (artifact id: 'abfca72d596aab3ad187041acd55e49e') in 0.027993 seconds
  Import took 0.030991 seconds .

========================================================================
Received Import Request.
  Time since last request: 0.000177 seconds.
  path: Assets/Knight Files/Effect & FireBalls/explosion_03.png
  artifactKey: Guid(75a3e049c8703dd4c8c520102a77bd15) Importer(815301076,1909f56bfc062723c751e8b465ee728b)
Start importing Assets/Knight Files/Effect & FireBalls/explosion_03.png using Guid(75a3e049c8703dd4c8c520102a77bd15) Importer(815301076,1909f56bfc062723c751e8b465ee728b)  -> (artifact id: '74adaf331e92cfbd16b956e53c5c144f') in 0.014970 seconds
  Import took 0.017467 seconds .

========================================================================
Received Import Request.
  Time since last request: 0.000188 seconds.
  path: Packages/com.unity.2d.animation/Editor/Assets/SkinningModule/Icons/Dark/d_Generate_Geometry.png
  artifactKey: Guid(bba3ad14ed4c2d64fbd090a846ffaaea) Importer(815301076,1909f56bfc062723c751e8b465ee728b)
Start importing Packages/com.unity.2d.animation/Editor/Assets/SkinningModule/Icons/Dark/d_Generate_Geometry.png using Guid(bba3ad14ed4c2d64fbd090a846ffaaea) Importer(815301076,1909f56bfc062723c751e8b465ee728b)  -> (artifact id: '3f729a3daa4f70912d44870fe56616c4') in 0.022060 seconds
  Import took 0.024421 seconds .

========================================================================
Received Import Request.
  Time since last request: 0.000186 seconds.
  path: Assets/Pixel Adventure 2/Assets/Enemies/Mushroom/Run (32x32).png
  artifactKey: Guid(4de760c38ab41314bbdcfb6943023452) Importer(815301076,1909f56bfc062723c751e8b465ee728b)
Start importing Assets/Pixel Adventure 2/Assets/Enemies/Mushroom/Run (32x32).png using Guid(4de760c38ab41314bbdcfb6943023452) Importer(815301076,1909f56bfc062723c751e8b465ee728b)  -> (artifact id: '404b66950fcbb63a368bee4d98f329af') in 0.026569 seconds
  Import took 0.029041 seconds .

========================================================================
Received Import Request.
  Time since last request: 0.000187 seconds.
  path: Assets/Knight Files/Effect & FireBalls/dashwind_05.png
  artifactKey: Guid(8cb1161cd4b52534ba2ec2922764d061) Importer(815301076,1909f56bfc062723c751e8b465ee728b)
Start importing Assets/Knight Files/Effect & FireBalls/dashwind_05.png using Guid(8cb1161cd4b52534ba2ec2922764d061) Importer(815301076,1909f56bfc062723c751e8b465ee728b)  -> (artifact id: 'df340f18ab8ccbd447c88affc5103480') in 0.014272 seconds
  Import took 0.016804 seconds .

========================================================================
Received Import Request.
  Time since last request: 0.000193 seconds.
  path: Assets/Pixel Adventure 2/Assets/Enemies/Chameleon/Run (84x38).png
  artifactKey: Guid(5c876d5b9f3c75b409e35030dd07bc57) Importer(815301076,1909f56bfc062723c751e8b465ee728b)
Start importing Assets/Pixel Adventure 2/Assets/Enemies/Chameleon/Run (84x38).png using Guid(5c876d5b9f3c75b409e35030dd07bc57) Importer(815301076,1909f56bfc062723c751e8b465ee728b)  -> (artifact id: 'f200d45230f0f42af23ac3ffea2e28ea') in 0.024651 seconds
  Import took 0.027239 seconds .

========================================================================
Received Import Request.
  Time since last request: 0.000186 seconds.
  path: Packages/com.unity.2d.animation/Editor/Assets/SkinningModule/Icons/Selected/Generate_Geometry.png
  artifactKey: Guid(41842964c48860f46b45e7b3d5986e07) Importer(815301076,1909f56bfc062723c751e8b465ee728b)
Start importing Packages/com.unity.2d.animation/Editor/Assets/SkinningModule/Icons/Selected/Generate_Geometry.png using Guid(41842964c48860f46b45e7b3d5986e07) Importer(815301076,1909f56bfc062723c751e8b465ee728b)  -> (artifact id: '76fdb37599488d0e8f575ac5e497beb3') in 0.022203 seconds
  Import took 0.024723 seconds .

========================================================================
Received Import Request.
  Time since last request: 0.000217 seconds.
  path: Assets/Pixel Adventure 2/Assets/Enemies/Bat/Ceiling Out (46x30).png
  artifactKey: Guid(18ded7077989ed04d8cbeaad2545a2b1) Importer(815301076,1909f56bfc062723c751e8b465ee728b)
Start importing Assets/Pixel Adventure 2/Assets/Enemies/Bat/Ceiling Out (46x30).png using Guid(18ded7077989ed04d8cbeaad2545a2b1) Importer(815301076,1909f56bfc062723c751e8b465ee728b)  -> (artifact id: '842784ee91a70bdf735edd4fa8562430') in 0.023303 seconds
  Import took 0.025913 seconds .

========================================================================
Received Import Request.
  Time since last request: 0.000170 seconds.
  path: Assets/Pixel Adventure 2/Assets/Enemies/Turtle/Spikes out (44x26).png
  artifactKey: Guid(5b94c5df9bdd3c9488690c89f80edde5) Importer(815301076,1909f56bfc062723c751e8b465ee728b)
Start importing Assets/Pixel Adventure 2/Assets/Enemies/Turtle/Spikes out (44x26).png using Guid(5b94c5df9bdd3c9488690c89f80edde5) Importer(815301076,1909f56bfc062723c751e8b465ee728b)  -> (artifact id: '406e4b14b93245927ca08cd6ee86bbb6') in 0.020306 seconds
  Import took 0.022708 seconds .

========================================================================
Received Import Request.
  Time since last request: 0.000242 seconds.
  path: Packages/com.unity.2d.animation/Editor/Assets/SkinningModule/Icons/Light/Split Bones@2x.png
  artifactKey: Guid(180eeff5b9e615349907ea53344202fa) Importer(815301076,1909f56bfc062723c751e8b465ee728b)
Start importing Packages/com.unity.2d.animation/Editor/Assets/SkinningModule/Icons/Light/Split Bones@2x.png using Guid(180eeff5b9e615349907ea53344202fa) Importer(815301076,1909f56bfc062723c751e8b465ee728b)  -> (artifact id: '2866bb088afe4d68dab647148f78f31b') in 0.020787 seconds
  Import took 0.023312 seconds .

========================================================================
Received Import Request.
  Time since last request: 0.000191 seconds.
  path: Packages/com.unity.2d.animation/Editor/Assets/SkinningModule/Icons/Light/Split_Edge@3x.png
  artifactKey: Guid(4d2d8fb4fc2041441980b4ec253532b0) Importer(815301076,1909f56bfc062723c751e8b465ee728b)
Start importing Packages/com.unity.2d.animation/Editor/Assets/SkinningModule/Icons/Light/Split_Edge@3x.png using Guid(4d2d8fb4fc2041441980b4ec253532b0) Importer(815301076,1909f56bfc062723c751e8b465ee728b)  -> (artifact id: '9214266f82cd06e4166b578e2f6264cc') in 0.021545 seconds
  Import took 0.024196 seconds .

========================================================================
Received Import Request.
  Time since last request: 0.000223 seconds.
  path: Packages/com.unity.2d.animation/Editor/Assets/SkinningModule/Icons/Selected/Split Bones@4x.png
  artifactKey: Guid(518ded92e5dbf494e8f76a74d752272e) Importer(815301076,1909f56bfc062723c751e8b465ee728b)
Start importing Packages/com.unity.2d.animation/Editor/Assets/SkinningModule/Icons/Selected/Split Bones@4x.png using Guid(518ded92e5dbf494e8f76a74d752272e) Importer(815301076,1909f56bfc062723c751e8b465ee728b)  -> (artifact id: 'b673093cae371d8a48338a6e94c2093e') in 0.021937 seconds
  Import took 0.024665 seconds .

========================================================================
Received Import Request.
  Time since last request: 0.000191 seconds.
  path: Packages/com.unity.2d.animation/Editor/Assets/SkinningModule/Icons/Selected/character_Mode.png
  artifactKey: Guid(e60718119cec31e4190849292fcde068) Importer(815301076,1909f56bfc062723c751e8b465ee728b)
Start importing Packages/com.unity.2d.animation/Editor/Assets/SkinningModule/Icons/Selected/character_Mode.png using Guid(e60718119cec31e4190849292fcde068) Importer(815301076,1909f56bfc062723c751e8b465ee728b)  -> (artifact id: '5274e7d2e160fd08f0b5e453c98c1b54') in 0.020381 seconds
  Import took 0.023034 seconds .

========================================================================
Received Import Request.
  Time since last request: 0.000203 seconds.
  path: Assets/Knight Files/Effect & FireBalls/dashwind_06.png
  artifactKey: Guid(4cb7b9b52e6ff634d996fa09d0a74305) Importer(815301076,1909f56bfc062723c751e8b465ee728b)
Start importing Assets/Knight Files/Effect & FireBalls/dashwind_06.png using Guid(4cb7b9b52e6ff634d996fa09d0a74305) Importer(815301076,1909f56bfc062723c751e8b465ee728b)  -> (artifact id: '589df98d2253e548c36db0193050d8f7') in 0.013607 seconds
  Import took 0.016175 seconds .

========================================================================
Received Import Request.
  Time since last request: 0.000228 seconds.
  path: Packages/com.unity.2d.animation/Editor/Assets/SkinningModule/Icons/Light/Create_Vertex@3x.png
  artifactKey: Guid(66fa19194577350438c952106f661c2f) Importer(815301076,1909f56bfc062723c751e8b465ee728b)
Start importing Packages/com.unity.2d.animation/Editor/Assets/SkinningModule/Icons/Light/Create_Vertex@3x.png using Guid(66fa19194577350438c952106f661c2f) Importer(815301076,1909f56bfc062723c751e8b465ee728b)  -> (artifact id: '286946355c58de52c47ea3724d73ec44') in 0.024295 seconds
  Import took 0.027229 seconds .

========================================================================
Received Import Request.
  Time since last request: 0.000294 seconds.
  path: Assets/Pixel Adventure 2/Assets/Enemies/Snail/Shell Top Hit (38x24).png
  artifactKey: Guid(64951a2895af28a48b49917b3da38240) Importer(815301076,1909f56bfc062723c751e8b465ee728b)
Start importing Assets/Pixel Adventure 2/Assets/Enemies/Snail/Shell Top Hit (38x24).png using Guid(64951a2895af28a48b49917b3da38240) Importer(815301076,1909f56bfc062723c751e8b465ee728b)  -> (artifact id: 'e683edd630df7f65de74d70302a73ee7') in 0.024165 seconds
  Import took 0.026956 seconds .

========================================================================
Received Import Request.
  Time since last request: 0.000220 seconds.
  path: Assets/Pixel Adventure 2/Assets/Enemies/Bat/Hit (46x30).png
  artifactKey: Guid(f5cacef1cf4f89f40a43f057681f4b47) Importer(815301076,1909f56bfc062723c751e8b465ee728b)
Start importing Assets/Pixel Adventure 2/Assets/Enemies/Bat/Hit (46x30).png using Guid(f5cacef1cf4f89f40a43f057681f4b47) Importer(815301076,1909f56bfc062723c751e8b465ee728b)  -> (artifact id: '63f908234ded3cf30ea401b2b5a20ee0') in 0.020458 seconds
  Import took 0.023076 seconds .

========================================================================
Received Import Request.
  Time since last request: 0.000215 seconds.
  path: Packages/com.unity.2d.animation/Editor/Assets/SkinningModule/Icons/Selected/Generate_Weights.png
  artifactKey: Guid(2892d6ec6ca2a1f45adbd52fdb96fcfe) Importer(815301076,1909f56bfc062723c751e8b465ee728b)
Start importing Packages/com.unity.2d.animation/Editor/Assets/SkinningModule/Icons/Selected/Generate_Weights.png using Guid(2892d6ec6ca2a1f45adbd52fdb96fcfe) Importer(815301076,1909f56bfc062723c751e8b465ee728b)  -> (artifact id: '958054db68141906e3b16429112cde65') in 0.022377 seconds
  Import took 0.025068 seconds .

========================================================================
Received Import Request.
  Time since last request: 0.000212 seconds.
  path: Packages/com.unity.2d.animation/Editor/Assets/SkinningModule/Icons/Dark/d_Sprite_Mode@3x.png
  artifactKey: Guid(6027031a7453da24f95d0af9a2308c52) Importer(815301076,1909f56bfc062723c751e8b465ee728b)
Start importing Packages/com.unity.2d.animation/Editor/Assets/SkinningModule/Icons/Dark/d_Sprite_Mode@3x.png using Guid(6027031a7453da24f95d0af9a2308c52) Importer(815301076,1909f56bfc062723c751e8b465ee728b)  -> (artifact id: '95498265d4ab37612dbf53cdcd5fe414') in 0.020997 seconds
  Import took 0.023529 seconds .

========================================================================
Received Import Request.
  Time since last request: 0.000224 seconds.
  path: Packages/com.unity.2d.animation/Editor/Assets/SkinningModule/Icons/Dark/d_Edit_Joints@2x.png
  artifactKey: Guid(eecbc6949fc2aac40bfe64caade7a594) Importer(815301076,1909f56bfc062723c751e8b465ee728b)
Start importing Packages/com.unity.2d.animation/Editor/Assets/SkinningModule/Icons/Dark/d_Edit_Joints@2x.png using Guid(eecbc6949fc2aac40bfe64caade7a594) Importer(815301076,1909f56bfc062723c751e8b465ee728b)  -> (artifact id: '90bac934e8c2d67539d1ddc4486d632e') in 0.023752 seconds
  Import took 0.026231 seconds .

========================================================================
Received Import Request.
  Time since last request: 0.000191 seconds.
  path: Assets/Pixel Adventure 2/Assets/Enemies/Chicken/Idle (32x34).png
  artifactKey: Guid(f729d6acae7cd754a864abda75a4bbd7) Importer(815301076,1909f56bfc062723c751e8b465ee728b)
Start importing Assets/Pixel Adventure 2/Assets/Enemies/Chicken/Idle (32x34).png using Guid(f729d6acae7cd754a864abda75a4bbd7) Importer(815301076,1909f56bfc062723c751e8b465ee728b)  -> (artifact id: 'e7407790f55dbb97c38ffc841ef34554') in 0.026653 seconds
  Import took 0.029146 seconds .

========================================================================
Received Import Request.
  Time since last request: 0.000227 seconds.
  path: Packages/com.unity.2d.animation/Editor/Assets/SkinningModule/Icons/Light/Copy@2x.png
  artifactKey: Guid(2e0cf451cb3d56742aad87ea75993209) Importer(815301076,1909f56bfc062723c751e8b465ee728b)
Start importing Packages/com.unity.2d.animation/Editor/Assets/SkinningModule/Icons/Light/Copy@2x.png using Guid(2e0cf451cb3d56742aad87ea75993209) Importer(815301076,1909f56bfc062723c751e8b465ee728b)  -> (artifact id: '0e73f0f095c97e5b312062e8d36e192d') in 0.023070 seconds
  Import took 0.025671 seconds .

========================================================================
Received Import Request.
  Time since last request: 0.000183 seconds.
  path: Packages/com.unity.2d.animation/Editor/Assets/SkinningModule/Icons/Dark/d_Paste@3x.png
  artifactKey: Guid(a130d12452aa0484da530281c362fc8b) Importer(815301076,1909f56bfc062723c751e8b465ee728b)
Start importing Packages/com.unity.2d.animation/Editor/Assets/SkinningModule/Icons/Dark/d_Paste@3x.png using Guid(a130d12452aa0484da530281c362fc8b) Importer(815301076,1909f56bfc062723c751e8b465ee728b)  -> (artifact id: '77bd32f47c79eef5fb11e96942a60d32') in 0.022999 seconds
  Import took 0.025594 seconds .

========================================================================
Received Import Request.
  Time since last request: 0.000195 seconds.
  path: Packages/com.unity.2d.animation/Editor/Assets/SkinningModule/Icons/Dark/d_Create Bones@3x.png
  artifactKey: Guid(6e2c347c12b3fe04b94007ad25ace23a) Importer(815301076,1909f56bfc062723c751e8b465ee728b)
Start importing Packages/com.unity.2d.animation/Editor/Assets/SkinningModule/Icons/Dark/d_Create Bones@3x.png using Guid(6e2c347c12b3fe04b94007ad25ace23a) Importer(815301076,1909f56bfc062723c751e8b465ee728b)  -> (artifact id: 'd68111b86d87cac0f4ede5db8ce92a3e') in 0.020562 seconds
  Import took 0.023401 seconds .

========================================================================
Received Import Request.
  Time since last request: 0.000198 seconds.
  path: Packages/com.unity.2d.animation/Editor/Assets/SkinningModule/Icons/Dark/d_Split_Edge@2x.png
  artifactKey: Guid(22fade1e2426f684a9c315c974f50d18) Importer(815301076,1909f56bfc062723c751e8b465ee728b)
Start importing Packages/com.unity.2d.animation/Editor/Assets/SkinningModule/Icons/Dark/d_Split_Edge@2x.png using Guid(22fade1e2426f684a9c315c974f50d18) Importer(815301076,1909f56bfc062723c751e8b465ee728b)  -> (artifact id: 'a7dd99f201f170f39b7d70145fda9b91') in 0.021575 seconds
  Import took 0.024215 seconds .

========================================================================
Received Import Request.
  Time since last request: 0.000226 seconds.
  path: Packages/com.unity.2d.animation/Editor/Assets/SkinningModule/Icons/Selected/Copy@2x.png
  artifactKey: Guid(6cc5103edc9f0dd4f80e8274c73dfeac) Importer(815301076,1909f56bfc062723c751e8b465ee728b)
Start importing Packages/com.unity.2d.animation/Editor/Assets/SkinningModule/Icons/Selected/Copy@2x.png using Guid(6cc5103edc9f0dd4f80e8274c73dfeac) Importer(815301076,1909f56bfc062723c751e8b465ee728b)  -> (artifact id: 'b2895f4f297599b3777520f439a59626') in 0.021332 seconds
  Import took 0.023720 seconds .

========================================================================
Received Import Request.
  Time since last request: 0.000204 seconds.
  path: Assets/Sprites/Pixel Adventure 1/Assets/Items/Checkpoints/Checkpoint/Checkpoint (No Flag).png
  artifactKey: Guid(68f54e5fc0fa326458d3e18bdccce704) Importer(815301076,1909f56bfc062723c751e8b465ee728b)
Start importing Assets/Sprites/Pixel Adventure 1/Assets/Items/Checkpoints/Checkpoint/Checkpoint (No Flag).png using Guid(68f54e5fc0fa326458d3e18bdccce704) Importer(815301076,1909f56bfc062723c751e8b465ee728b)  -> (artifact id: '86cc41ac844f23af3fe14f018014389d') in 0.022478 seconds
  Import took 0.025252 seconds .

========================================================================
Received Import Request.
  Time since last request: 0.000347 seconds.
  path: Packages/com.unity.2d.animation/Editor/Assets/SkinningModule/Icons/Dark/d_Visibility_Tool@3x 1.png
  artifactKey: Guid(2fe54232a3d87784e804d41060f1cd8e) Importer(815301076,1909f56bfc062723c751e8b465ee728b)
Start importing Packages/com.unity.2d.animation/Editor/Assets/SkinningModule/Icons/Dark/d_Visibility_Tool@3x 1.png using Guid(2fe54232a3d87784e804d41060f1cd8e) Importer(815301076,1909f56bfc062723c751e8b465ee728b)  -> (artifact id: 'c2b987a51e2db62153e4351ee857a819') in 0.020513 seconds
  Import took 0.023221 seconds .

========================================================================
Received Import Request.
  Time since last request: 0.000182 seconds.
  path: Packages/com.unity.2d.animation/Editor/Assets/SkinningModule/Icons/Selected/Parent_Bone@2x.png
  artifactKey: Guid(698621c9178225f4b8fbaffd383d579e) Importer(815301076,1909f56bfc062723c751e8b465ee728b)
Start importing Packages/com.unity.2d.animation/Editor/Assets/SkinningModule/Icons/Selected/Parent_Bone@2x.png using Guid(698621c9178225f4b8fbaffd383d579e) Importer(815301076,1909f56bfc062723c751e8b465ee728b)  -> (artifact id: '572d09ca1e44f9caa656a2cac237557d') in 0.021912 seconds
  Import took 0.024456 seconds .

========================================================================
Received Import Request.
  Time since last request: 0.000228 seconds.
  path: Assets/Pixel Adventure 2/Assets/Enemies/Skull/Hit Wall 2 (52x54).png
  artifactKey: Guid(37b1ba7ffc549af49af9b9327b6f897d) Importer(815301076,1909f56bfc062723c751e8b465ee728b)
Start importing Assets/Pixel Adventure 2/Assets/Enemies/Skull/Hit Wall 2 (52x54).png using Guid(37b1ba7ffc549af49af9b9327b6f897d) Importer(815301076,1909f56bfc062723c751e8b465ee728b)  -> (artifact id: 'ff9e5277a566c82dfcf31636536c9d0a') in 0.019545 seconds
  Import took 0.021950 seconds .

========================================================================
Received Import Request.
  Time since last request: 0.000194 seconds.
  path: Assets/Pixel Adventure 2/Assets/Enemies/Rino/Run (52x34).png
  artifactKey: Guid(5f6e4279b73f74146bcf36013201d778) Importer(815301076,1909f56bfc062723c751e8b465ee728b)
Start importing Assets/Pixel Adventure 2/Assets/Enemies/Rino/Run (52x34).png using Guid(5f6e4279b73f74146bcf36013201d778) Importer(815301076,1909f56bfc062723c751e8b465ee728b)  -> (artifact id: 'e4760baaa79ab801eae567bd6227f023') in 0.021026 seconds
  Import took 0.023665 seconds .

========================================================================
Received Import Request.
  Time since last request: 0.000173 seconds.
  path: Packages/com.unity.2d.animation/Editor/Assets/SkinningModule/Icons/Dark/d_Generate_Geometry@3x.png
  artifactKey: Guid(d0c7c8e72b5fcf84e9478a13bd449ae6) Importer(815301076,1909f56bfc062723c751e8b465ee728b)
Start importing Packages/com.unity.2d.animation/Editor/Assets/SkinningModule/Icons/Dark/d_Generate_Geometry@3x.png using Guid(d0c7c8e72b5fcf84e9478a13bd449ae6) Importer(815301076,1909f56bfc062723c751e8b465ee728b)  -> (artifact id: '63fe3d10456ce1ce4633eeeba9792e34') in 0.021217 seconds
  Import took 0.023894 seconds .

========================================================================
Received Import Request.
  Time since last request: 0.000221 seconds.
  path: Packages/com.unity.2d.animation/Editor/Assets/SkinningModule/Icons/Dark/d_Edit_Pose@2x.png
  artifactKey: Guid(5df5eccb22181f040836da1ea19743e8) Importer(815301076,1909f56bfc062723c751e8b465ee728b)
Start importing Packages/com.unity.2d.animation/Editor/Assets/SkinningModule/Icons/Dark/d_Edit_Pose@2x.png using Guid(5df5eccb22181f040836da1ea19743e8) Importer(815301076,1909f56bfc062723c751e8b465ee728b)  -> (artifact id: 'aa9a60ca9bc4b16b8efc4d15c9e655af') in 0.021760 seconds
  Import took 0.024489 seconds .

========================================================================
Received Import Request.
  Time since last request: 0.000196 seconds.
  path: Assets/Knight Files/Effect & FireBalls/dashwind_02.png
  artifactKey: Guid(8bd3f967242f3e242a60feeb90c7b410) Importer(815301076,1909f56bfc062723c751e8b465ee728b)
Start importing Assets/Knight Files/Effect & FireBalls/dashwind_02.png using Guid(8bd3f967242f3e242a60feeb90c7b410) Importer(815301076,1909f56bfc062723c751e8b465ee728b)  -> (artifact id: '893d2672ec68acb19331ec63d4e5201f') in 0.013541 seconds
  Import took 0.016498 seconds .

========================================================================
Received Import Request.
  Time since last request: 0.000226 seconds.
  path: Packages/com.unity.2d.animation/Editor/Assets/SkinningModule/Icons/Dark/d_Sprite_Mode@2x.png
  artifactKey: Guid(269eee5bd0392044cb38fd13171b84f6) Importer(815301076,1909f56bfc062723c751e8b465ee728b)
Start importing Packages/com.unity.2d.animation/Editor/Assets/SkinningModule/Icons/Dark/d_Sprite_Mode@2x.png using Guid(269eee5bd0392044cb38fd13171b84f6) Importer(815301076,1909f56bfc062723c751e8b465ee728b)  -> (artifact id: 'ecd5e631ea0a7e2851a34d43c8bbd195') in 0.021848 seconds
  Import took 0.024648 seconds .

========================================================================
Received Import Request.
  Time since last request: 0.000224 seconds.
  path: Packages/com.unity.2d.animation/Editor/Assets/SkinningModule/Icons/Dark/d_Bone_Influence@3x.png
  artifactKey: Guid(56431fa7b1b21794baaf8d8e47c78bdb) Importer(815301076,1909f56bfc062723c751e8b465ee728b)
Start importing Packages/com.unity.2d.animation/Editor/Assets/SkinningModule/Icons/Dark/d_Bone_Influence@3x.png using Guid(56431fa7b1b21794baaf8d8e47c78bdb) Importer(815301076,1909f56bfc062723c751e8b465ee728b)  -> (artifact id: '8cea8bcac82fd4ead0bc29c3e4fd6305') in 0.022949 seconds
  Import took 0.025386 seconds .

========================================================================
Received Import Request.
  Time since last request: 0.000219 seconds.
  path: Assets/Pixel Adventure 2/Assets/Enemies/Snail/Shell Idle (38x24).png
  artifactKey: Guid(4c94a2511c19b0c4f99ce29c30d9ee7a) Importer(815301076,1909f56bfc062723c751e8b465ee728b)
Start importing Assets/Pixel Adventure 2/Assets/Enemies/Snail/Shell Idle (38x24).png using Guid(4c94a2511c19b0c4f99ce29c30d9ee7a) Importer(815301076,1909f56bfc062723c751e8b465ee728b)  -> (artifact id: '48192349c9048d11167e3686869df0c8') in 0.021080 seconds
  Import took 0.023882 seconds .

========================================================================
Received Import Request.
  Time since last request: 0.000311 seconds.
  path: Packages/com.unity.2d.animation/Editor/Assets/SkinningModule/Icons/Dark/d_Visibility_Hidded@2x.png
  artifactKey: Guid(03d0123afb5451345b88c605c86db28b) Importer(815301076,1909f56bfc062723c751e8b465ee728b)
Start importing Packages/com.unity.2d.animation/Editor/Assets/SkinningModule/Icons/Dark/d_Visibility_Hidded@2x.png using Guid(03d0123afb5451345b88c605c86db28b) Importer(815301076,1909f56bfc062723c751e8b465ee728b)  -> (artifact id: '98cfd733412dd17275f1dc46bf1b4441') in 0.023967 seconds
  Import took 0.026952 seconds .

========================================================================
Received Import Request.
  Time since last request: 0.000187 seconds.
  path: Packages/com.unity.2d.animation/Editor/Assets/SkinningModule/Icons/Selected/d_Visibility_Hidded.png
  artifactKey: Guid(53537648d368cf6459e256af3d925e09) Importer(815301076,1909f56bfc062723c751e8b465ee728b)
Start importing Packages/com.unity.2d.animation/Editor/Assets/SkinningModule/Icons/Selected/d_Visibility_Hidded.png using Guid(53537648d368cf6459e256af3d925e09) Importer(815301076,1909f56bfc062723c751e8b465ee728b)  -> (artifact id: '68c725fbb833e525222b90be6612bc84') in 0.023865 seconds
  Import took 0.026584 seconds .

========================================================================
Received Import Request.
  Time since last request: 0.000224 seconds.
  path: Packages/com.unity.2d.animation/Editor/Assets/SkinningModule/Icons/Dark/d_Copy@2x.png
  artifactKey: Guid(312df9440efd5df4ea8f6c98591d6b96) Importer(815301076,1909f56bfc062723c751e8b465ee728b)
Start importing Packages/com.unity.2d.animation/Editor/Assets/SkinningModule/Icons/Dark/d_Copy@2x.png using Guid(312df9440efd5df4ea8f6c98591d6b96) Importer(815301076,1909f56bfc062723c751e8b465ee728b)  -> (artifact id: 'a9b1f9ebfbd67344ed6ab63adf2a394f') in 0.024492 seconds
  Import took 0.027353 seconds .

========================================================================
Received Import Request.
  Time since last request: 0.000290 seconds.
  path: Packages/com.unity.2d.animation/Editor/Assets/SkinningModule/Icons/Selected/Create Bones@3x.png
  artifactKey: Guid(7835bec40f86c2c4fb3f91a6eb3b7034) Importer(815301076,1909f56bfc062723c751e8b465ee728b)
Start importing Packages/com.unity.2d.animation/Editor/Assets/SkinningModule/Icons/Selected/Create Bones@3x.png using Guid(7835bec40f86c2c4fb3f91a6eb3b7034) Importer(815301076,1909f56bfc062723c751e8b465ee728b)  -> (artifact id: '18c936fea325c38a98af02cdab52f6b9') in 0.024234 seconds
  Import took 0.027396 seconds .

========================================================================
Received Import Request.
  Time since last request: 0.000219 seconds.
  path: Assets/Pixel Adventure 2/Assets/Enemies/Bee/Bullet.png
  artifactKey: Guid(669ef922a468d184489d2a28b0f84bb0) Importer(815301076,1909f56bfc062723c751e8b465ee728b)
Start importing Assets/Pixel Adventure 2/Assets/Enemies/Bee/Bullet.png using Guid(669ef922a468d184489d2a28b0f84bb0) Importer(815301076,1909f56bfc062723c751e8b465ee728b)  -> (artifact id: '1ce4ae91a9fd3685f2feecce3ca9cedd') in 0.016607 seconds
  Import took 0.019344 seconds .

========================================================================
Received Import Request.
  Time since last request: 0.000200 seconds.
  path: Assets/Pixel Adventure 2/Assets/Enemies/Skull/Hit (52x54).png
  artifactKey: Guid(c389d719c1036984ea7ca0d1f8a62a93) Importer(815301076,1909f56bfc062723c751e8b465ee728b)
Start importing Assets/Pixel Adventure 2/Assets/Enemies/Skull/Hit (52x54).png using Guid(c389d719c1036984ea7ca0d1f8a62a93) Importer(815301076,1909f56bfc062723c751e8b465ee728b)  -> (artifact id: '456a1bc9342986689cc2c01fe0a04799') in 0.021090 seconds
  Import took 0.023581 seconds .

========================================================================
Received Import Request.
  Time since last request: 0.000195 seconds.
  path: Packages/com.unity.2d.animation/Editor/Assets/SkinningModule/Icons/Dark/d_Mesh@3x.png
  artifactKey: Guid(7a1683154a74c9d4e9f993bd6c54f947) Importer(815301076,1909f56bfc062723c751e8b465ee728b)
Start importing Packages/com.unity.2d.animation/Editor/Assets/SkinningModule/Icons/Dark/d_Mesh@3x.png using Guid(7a1683154a74c9d4e9f993bd6c54f947) Importer(815301076,1909f56bfc062723c751e8b465ee728b)  -> (artifact id: '69f6f62cf89b4e02cca603cc24e91fe3') in 0.024186 seconds
  Import took 0.027104 seconds .

========================================================================
Received Import Request.
  Time since last request: 0.000224 seconds.
  path: Packages/com.unity.2d.animation/Editor/Assets/SkinningModule/Icons/Selected/Parent_Bone@4x.png
  artifactKey: Guid(03b3f669dc5706a4592344c6385af858) Importer(815301076,1909f56bfc062723c751e8b465ee728b)
Start importing Packages/com.unity.2d.animation/Editor/Assets/SkinningModule/Icons/Selected/Parent_Bone@4x.png using Guid(03b3f669dc5706a4592344c6385af858) Importer(815301076,1909f56bfc062723c751e8b465ee728b)  -> (artifact id: '1e3e16417b8d38b1df43ec1b2e967745') in 0.022136 seconds
  Import took 0.024553 seconds .

========================================================================
Received Import Request.
  Time since last request: 0.000187 seconds.
  path: Packages/com.unity.2d.animation/Editor/Assets/SkinningModule/Icons/Selected/Create Bones@4x.png
  artifactKey: Guid(61ac40b257b3a994f841856ad38b2b6b) Importer(815301076,1909f56bfc062723c751e8b465ee728b)
Start importing Packages/com.unity.2d.animation/Editor/Assets/SkinningModule/Icons/Selected/Create Bones@4x.png using Guid(61ac40b257b3a994f841856ad38b2b6b) Importer(815301076,1909f56bfc062723c751e8b465ee728b)  -> (artifact id: 'bd2b9ae61f624e177b3d12136f1b3521') in 0.021657 seconds
  Import took 0.024163 seconds .

========================================================================
Received Import Request.
  Time since last request: 0.000183 seconds.
  path: Assets/Knight Files/Body Parts/Body lower.png
  artifactKey: Guid(76900228c746e3e408dd5948dafccc3c) Importer(815301076,1909f56bfc062723c751e8b465ee728b)
Start importing Assets/Knight Files/Body Parts/Body lower.png using Guid(76900228c746e3e408dd5948dafccc3c) Importer(815301076,1909f56bfc062723c751e8b465ee728b)  -> (artifact id: '3e9dde70f95350f5fd1f4bb6d9a5069e') in 0.015168 seconds
  Import took 0.017684 seconds .

========================================================================
Received Import Request.
  Time since last request: 0.000176 seconds.
  path: Packages/com.unity.2d.animation/Editor/Assets/SkinningModule/Icons/Light/Split Bones@4x.png
  artifactKey: Guid(e530623cd53f3ea46ac09b786f0c49ef) Importer(815301076,1909f56bfc062723c751e8b465ee728b)
Start importing Packages/com.unity.2d.animation/Editor/Assets/SkinningModule/Icons/Light/Split Bones@4x.png using Guid(e530623cd53f3ea46ac09b786f0c49ef) Importer(815301076,1909f56bfc062723c751e8b465ee728b)  -> (artifact id: '32afaa75c3c9f80db4b92bd913dfcc89') in 0.022690 seconds
  Import took 0.025532 seconds .

========================================================================
Received Import Request.
  Time since last request: 0.000230 seconds.
  path: Packages/com.unity.2d.animation/Editor/Assets/SkinningModule/Icons/Dark/d_Visibility_Tool 1.png
  artifactKey: Guid(8ce57331a725cc74d84af900f8f3c641) Importer(815301076,1909f56bfc062723c751e8b465ee728b)
Start importing Packages/com.unity.2d.animation/Editor/Assets/SkinningModule/Icons/Dark/d_Visibility_Tool 1.png using Guid(8ce57331a725cc74d84af900f8f3c641) Importer(815301076,1909f56bfc062723c751e8b465ee728b)  -> (artifact id: '4a067172da48c51520520472de810813') in 0.022228 seconds
  Import took 0.024696 seconds .

========================================================================
Received Import Request.
  Time since last request: 0.000321 seconds.
  path: Packages/com.unity.2d.animation/Editor/Assets/SkinningModule/Icons/Selected/Generate_Geometry@2x.png
  artifactKey: Guid(114d4aa7bb14433489b942bb28ff6183) Importer(815301076,1909f56bfc062723c751e8b465ee728b)
Start importing Packages/com.unity.2d.animation/Editor/Assets/SkinningModule/Icons/Selected/Generate_Geometry@2x.png using Guid(114d4aa7bb14433489b942bb28ff6183) Importer(815301076,1909f56bfc062723c751e8b465ee728b)  -> (artifact id: 'e26247c4ab001042c67796988e550e88') in 0.021223 seconds
  Import took 0.023797 seconds .

========================================================================
Received Import Request.
  Time since last request: 0.000192 seconds.
  path: Packages/com.unity.2d.animation/Editor/Assets/SkinningModule/Icons/Dark/d_Weight_Brush.png
  artifactKey: Guid(e41886f7c5271c74f9adbf719cbd3e67) Importer(815301076,1909f56bfc062723c751e8b465ee728b)
Start importing Packages/com.unity.2d.animation/Editor/Assets/SkinningModule/Icons/Dark/d_Weight_Brush.png using Guid(e41886f7c5271c74f9adbf719cbd3e67) Importer(815301076,1909f56bfc062723c751e8b465ee728b)  -> (artifact id: '32e3c5f56abf2dd9fbce8cfc6e61ca3a') in 0.021982 seconds
  Import took 0.024744 seconds .

========================================================================
Received Import Request.
  Time since last request: 0.000233 seconds.
  path: Packages/com.unity.2d.animation/Editor/Assets/SkinningModule/Icons/Dark/d_Generate_Geometry@2x.png
  artifactKey: Guid(80cc8d218dc9bee4091ecde845959866) Importer(815301076,1909f56bfc062723c751e8b465ee728b)
Start importing Packages/com.unity.2d.animation/Editor/Assets/SkinningModule/Icons/Dark/d_Generate_Geometry@2x.png using Guid(80cc8d218dc9bee4091ecde845959866) Importer(815301076,1909f56bfc062723c751e8b465ee728b)  -> (artifact id: 'd3196d2b9e5ad3c5c1d18aef10ffc09f') in 0.021941 seconds
  Import took 0.024863 seconds .

========================================================================
Received Import Request.
  Time since last request: 0.000236 seconds.
  path: Packages/com.unity.2d.animation/Editor/Assets/SkinningModule/Icons/Light/Parent_Bone.png
  artifactKey: Guid(2972f301b2bf3dd46989677197b9a34d) Importer(815301076,1909f56bfc062723c751e8b465ee728b)
Start importing Packages/com.unity.2d.animation/Editor/Assets/SkinningModule/Icons/Light/Parent_Bone.png using Guid(2972f301b2bf3dd46989677197b9a34d) Importer(815301076,1909f56bfc062723c751e8b465ee728b)  -> (artifact id: '4db093961d38b54ec35ca0de991515d2') in 0.022963 seconds
  Import took 0.025916 seconds .

========================================================================
Received Import Request.
  Time since last request: 0.000199 seconds.
  path: Packages/com.unity.2d.animation/Editor/Assets/SkinningModule/Icons/Dark/d_Weight_Slider@4x.png
  artifactKey: Guid(6816bbef55b2e9847b5e4f06c5475d8b) Importer(815301076,1909f56bfc062723c751e8b465ee728b)
Start importing Packages/com.unity.2d.animation/Editor/Assets/SkinningModule/Icons/Dark/d_Weight_Slider@4x.png using Guid(6816bbef55b2e9847b5e4f06c5475d8b) Importer(815301076,1909f56bfc062723c751e8b465ee728b)  -> (artifact id: 'fddad5d0e33299d89ba4560c256ffab1') in 0.021889 seconds
  Import took 0.025344 seconds .

========================================================================
Received Import Request.
  Time since last request: 0.000197 seconds.
  path: Assets/Pixel Adventure 2/Assets/Enemies/Rocks/Rock1_Idle (38x34).png
  artifactKey: Guid(419f1f3d5fcf8204389dd119348a56e1) Importer(815301076,1909f56bfc062723c751e8b465ee728b)
Start importing Assets/Pixel Adventure 2/Assets/Enemies/Rocks/Rock1_Idle (38x34).png using Guid(419f1f3d5fcf8204389dd119348a56e1) Importer(815301076,1909f56bfc062723c751e8b465ee728b)  -> (artifact id: '31c89dcd137e955fc5b8d66583a0d562') in 0.030257 seconds
  Import took 0.033412 seconds .

========================================================================
Received Import Request.
  Time since last request: 0.000184 seconds.
  path: Packages/com.unity.2d.animation/Editor/Assets/SkinningModule/Icons/Light/Bone.png
  artifactKey: Guid(62ce01ddca719d34ea9648c586a7cc94) Importer(815301076,1909f56bfc062723c751e8b465ee728b)
Start importing Packages/com.unity.2d.animation/Editor/Assets/SkinningModule/Icons/Light/Bone.png using Guid(62ce01ddca719d34ea9648c586a7cc94) Importer(815301076,1909f56bfc062723c751e8b465ee728b)  -> (artifact id: '9c899193f21231bd598075a564555971') in 0.021210 seconds
  Import took 0.023698 seconds .

========================================================================
Received Import Request.
  Time since last request: 0.000189 seconds.
  path: Assets/Sprites/Pixel Adventure 1/Assets/Items/Fruits/Collected.png
  artifactKey: Guid(be1a5bd13766ec048bab6f4c578baa0f) Importer(815301076,1909f56bfc062723c751e8b465ee728b)
Start importing Assets/Sprites/Pixel Adventure 1/Assets/Items/Fruits/Collected.png using Guid(be1a5bd13766ec048bab6f4c578baa0f) Importer(815301076,1909f56bfc062723c751e8b465ee728b)  -> (artifact id: 'ba464ce2222c3db3aed1ca559e0a9884') in 0.027997 seconds
  Import took 0.030577 seconds .

========================================================================
Received Import Request.
  Time since last request: 0.000184 seconds.
  path: Assets/Pixel Adventure 2/Assets/Enemies/Rocks/Rock3_Hit (22x18).png
  artifactKey: Guid(11a4033edaa2ca34ca1529d04f8ec106) Importer(815301076,1909f56bfc062723c751e8b465ee728b)
Start importing Assets/Pixel Adventure 2/Assets/Enemies/Rocks/Rock3_Hit (22x18).png using Guid(11a4033edaa2ca34ca1529d04f8ec106) Importer(815301076,1909f56bfc062723c751e8b465ee728b)  -> (artifact id: 'cd7b471a36bf3346bad8ae596521d27a') in 0.019099 seconds
  Import took 0.021516 seconds .

========================================================================
Received Import Request.
  Time since last request: 0.000204 seconds.
  path: Packages/com.unity.2d.spriteshape/Editor/ObjectMenuCreation/DefaultAssets/Textures/Sprite Shape Fill.png
  artifactKey: Guid(b281b91a70a624a0da1c43adc1c30c7b) Importer(815301076,1909f56bfc062723c751e8b465ee728b)
Start importing Packages/com.unity.2d.spriteshape/Editor/ObjectMenuCreation/DefaultAssets/Textures/Sprite Shape Fill.png using Guid(b281b91a70a624a0da1c43adc1c30c7b) Importer(815301076,1909f56bfc062723c751e8b465ee728b)  -> (artifact id: '2dc2851f7abb9822e573c7c654abe881') in 0.024597 seconds
  Import took 0.027024 seconds .

========================================================================
Received Import Request.
  Time since last request: 0.000197 seconds.
  path: Packages/com.unity.2d.animation/Editor/Assets/SkinningModule/Icons/Dark/d_Split Bones@3x.png
  artifactKey: Guid(64d1c4e3e3931d64880fdffaf2f4b938) Importer(815301076,1909f56bfc062723c751e8b465ee728b)
Start importing Packages/com.unity.2d.animation/Editor/Assets/SkinningModule/Icons/Dark/d_Split Bones@3x.png using Guid(64d1c4e3e3931d64880fdffaf2f4b938) Importer(815301076,1909f56bfc062723c751e8b465ee728b)  -> (artifact id: 'c3e24b6ce7dfd69134304009268ff24f') in 0.022456 seconds
  Import took 0.024971 seconds .

========================================================================
Received Import Request.
  Time since last request: 0.000183 seconds.
  path: Packages/com.unity.2d.animation/Editor/Assets/SkinningModule/Icons/Dark/d_Generate_Weights.png
  artifactKey: Guid(05c5f13370d29414b9489151a4f5c666) Importer(815301076,1909f56bfc062723c751e8b465ee728b)
Start importing Packages/com.unity.2d.animation/Editor/Assets/SkinningModule/Icons/Dark/d_Generate_Weights.png using Guid(05c5f13370d29414b9489151a4f5c666) Importer(815301076,1909f56bfc062723c751e8b465ee728b)  -> (artifact id: '90b4f3816be7be7c8b2bc464810f01c9') in 0.021218 seconds
  Import took 0.023648 seconds .

========================================================================
Received Import Request.
  Time since last request: 0.000161 seconds.
  path: Assets/Sprites/Pixel Adventure 1/Assets/Main Characters/Pink Man/Run (32x32).png
  artifactKey: Guid(cdb0cc8ca9aac2a4d84c6aa3c1cbf52b) Importer(815301076,1909f56bfc062723c751e8b465ee728b)
Start importing Assets/Sprites/Pixel Adventure 1/Assets/Main Characters/Pink Man/Run (32x32).png using Guid(cdb0cc8ca9aac2a4d84c6aa3c1cbf52b) Importer(815301076,1909f56bfc062723c751e8b465ee728b)  -> (artifact id: 'cc28b55d6edc695eff0b4ac86316f9b7') in 0.035833 seconds
  Import took 0.038382 seconds .

========================================================================
Received Import Request.
  Time since last request: 0.000206 seconds.
  path: Packages/com.unity.2d.animation/Editor/Assets/SkinningModule/Icons/Dark/d_Weight_Brush@4x.png
  artifactKey: Guid(f68f6cf24545d2f41b27323ca2b06a52) Importer(815301076,1909f56bfc062723c751e8b465ee728b)
Start importing Packages/com.unity.2d.animation/Editor/Assets/SkinningModule/Icons/Dark/d_Weight_Brush@4x.png using Guid(f68f6cf24545d2f41b27323ca2b06a52) Importer(815301076,1909f56bfc062723c751e8b465ee728b)  -> (artifact id: '116086790e9b65276ad1b55ab61a8ed5') in 0.022849 seconds
  Import took 0.025642 seconds .

========================================================================
Received Import Request.
  Time since last request: 0.000215 seconds.
  path: Packages/com.unity.2d.animation/Editor/Assets/SkinningModule/Icons/Dark/d_Bone@3x.png
  artifactKey: Guid(fe145a004cb46de488885e70d26cade0) Importer(815301076,1909f56bfc062723c751e8b465ee728b)
Start importing Packages/com.unity.2d.animation/Editor/Assets/SkinningModule/Icons/Dark/d_Bone@3x.png using Guid(fe145a004cb46de488885e70d26cade0) Importer(815301076,1909f56bfc062723c751e8b465ee728b)  -> (artifact id: '7d67bbfbe88669eadbbe676e85925959') in 0.023464 seconds
  Import took 0.025943 seconds .

========================================================================
Received Import Request.
  Time since last request: 0.000199 seconds.
  path: Packages/com.unity.2d.animation/Editor/Assets/SkinningModule/Icons/Dark/d_Bone@2x.png
  artifactKey: Guid(17d971605cfbaea47b0d10b0b5dbc406) Importer(815301076,1909f56bfc062723c751e8b465ee728b)
Start importing Packages/com.unity.2d.animation/Editor/Assets/SkinningModule/Icons/Dark/d_Bone@2x.png using Guid(17d971605cfbaea47b0d10b0b5dbc406) Importer(815301076,1909f56bfc062723c751e8b465ee728b)  -> (artifact id: '0da8eed128531d5792a88007a3774942') in 0.022807 seconds
  Import took 0.025254 seconds .

========================================================================
Received Import Request.
  Time since last request: 0.000185 seconds.
  path: Assets/Pixel Adventure 2/Assets/Enemies/Snail/Shell Wall Hit (38x24).png
  artifactKey: Guid(e7cc2fad4013ab448a4063d876b18a47) Importer(815301076,1909f56bfc062723c751e8b465ee728b)
Start importing Assets/Pixel Adventure 2/Assets/Enemies/Snail/Shell Wall Hit (38x24).png using Guid(e7cc2fad4013ab448a4063d876b18a47) Importer(815301076,1909f56bfc062723c751e8b465ee728b)  -> (artifact id: 'd3c189f92483edf6504040ab7c23b149') in 0.016845 seconds
  Import took 0.019216 seconds .

========================================================================
Received Import Request.
  Time since last request: 0.000223 seconds.
  path: Assets/Knight Files/Effect & FireBalls/explosion_01.png
  artifactKey: Guid(293276643bb2ddd408d9145f15db23e2) Importer(815301076,1909f56bfc062723c751e8b465ee728b)
Start importing Assets/Knight Files/Effect & FireBalls/explosion_01.png using Guid(293276643bb2ddd408d9145f15db23e2) Importer(815301076,1909f56bfc062723c751e8b465ee728b)  -> (artifact id: '400be1061ad125a2c4291925efeddfec') in 0.014901 seconds
  Import took 0.017792 seconds .

========================================================================
Received Import Request.
  Time since last request: 0.000222 seconds.
  path: Packages/com.unity.2d.animation/Editor/Assets/SkinningModule/Icons/Selected/Edit_Joints.png
  artifactKey: Guid(6fd5a08a269c8544095b5c02ab57696b) Importer(815301076,1909f56bfc062723c751e8b465ee728b)
Start importing Packages/com.unity.2d.animation/Editor/Assets/SkinningModule/Icons/Selected/Edit_Joints.png using Guid(6fd5a08a269c8544095b5c02ab57696b) Importer(815301076,1909f56bfc062723c751e8b465ee728b)  -> (artifact id: 'e2da0247b3edca3eb553d0dc8cb78a49') in 0.021679 seconds
  Import took 0.024520 seconds .

========================================================================
Received Import Request.
  Time since last request: 0.000182 seconds.
  path: Assets/Pixel Adventure 2/Assets/Enemies/Turtle/Spikes in (44x26).png
  artifactKey: Guid(e6fc6dc4e21030043abfa53d019c42ec) Importer(815301076,1909f56bfc062723c751e8b465ee728b)
Start importing Assets/Pixel Adventure 2/Assets/Enemies/Turtle/Spikes in (44x26).png using Guid(e6fc6dc4e21030043abfa53d019c42ec) Importer(815301076,1909f56bfc062723c751e8b465ee728b)  -> (artifact id: 'd6681bf155f663e1bb5954ea3050101b') in 0.022636 seconds
  Import took 0.025664 seconds .

========================================================================
Received Import Request.
  Time since last request: 0.000192 seconds.
  path: Packages/com.unity.2d.animation/Editor/Assets/SkinningModule/Icons/Dark/d_Split_Edge@4x.png
  artifactKey: Guid(ed130aac49764ad4f9d35454c297b75a) Importer(815301076,1909f56bfc062723c751e8b465ee728b)
Start importing Packages/com.unity.2d.animation/Editor/Assets/SkinningModule/Icons/Dark/d_Split_Edge@4x.png using Guid(ed130aac49764ad4f9d35454c297b75a) Importer(815301076,1909f56bfc062723c751e8b465ee728b)  -> (artifact id: 'a445a4448caa77ec2362e3d185ebc2ad') in 0.021281 seconds
  Import took 0.023715 seconds .

========================================================================
Received Import Request.
  Time since last request: 0.000207 seconds.
  path: Assets/Knight Files/Body Parts/sword.png
  artifactKey: Guid(722457268bcad2f4ebb4c3ee499643b3) Importer(815301076,1909f56bfc062723c751e8b465ee728b)
Start importing Assets/Knight Files/Body Parts/sword.png using Guid(722457268bcad2f4ebb4c3ee499643b3) Importer(815301076,1909f56bfc062723c751e8b465ee728b)  -> (artifact id: '7a8cfdd79f54d0e24b1b50c24601c873') in 0.015562 seconds
  Import took 0.019466 seconds .

========================================================================
Received Import Request.
  Time since last request: 0.000234 seconds.
  path: Packages/com.unity.2d.animation/Editor/Assets/SkinningModule/Icons/Selected/Create_Vertex.png
  artifactKey: Guid(e7ddb9213511d984f8b951a7c913d83a) Importer(815301076,1909f56bfc062723c751e8b465ee728b)
Start importing Packages/com.unity.2d.animation/Editor/Assets/SkinningModule/Icons/Selected/Create_Vertex.png using Guid(e7ddb9213511d984f8b951a7c913d83a) Importer(815301076,1909f56bfc062723c751e8b465ee728b)  -> (artifact id: '2c6d6227913e327add8398bcbf0d24ab') in 0.020552 seconds
  Import took 0.023515 seconds .

========================================================================
Received Import Request.
  Time since last request: 0.001744 seconds.
  path: Packages/com.unity.2d.animation/Editor/Assets/SkinningModule/Icons/Selected/Create_Vertex@2x.png
  artifactKey: Guid(8afb57fea8c4eea4a8085e91c810380b) Importer(815301076,1909f56bfc062723c751e8b465ee728b)
Start importing Packages/com.unity.2d.animation/Editor/Assets/SkinningModule/Icons/Selected/Create_Vertex@2x.png using Guid(8afb57fea8c4eea4a8085e91c810380b) Importer(815301076,1909f56bfc062723c751e8b465ee728b)  -> (artifact id: 'bae1c85c7c7f6d3baff8a6eb2b4a11cf') in 0.021389 seconds
  Import took 0.024320 seconds .

========================================================================
Received Import Request.
  Time since last request: 0.000190 seconds.
  path: Packages/com.unity.2d.animation/Editor/Assets/SkinningModule/Icons/Light/Paste@4x.png
  artifactKey: Guid(f53eca637c0194e4ab6729cf60753757) Importer(815301076,1909f56bfc062723c751e8b465ee728b)
Start importing Packages/com.unity.2d.animation/Editor/Assets/SkinningModule/Icons/Light/Paste@4x.png using Guid(f53eca637c0194e4ab6729cf60753757) Importer(815301076,1909f56bfc062723c751e8b465ee728b)  -> (artifact id: 'b0d2bdbc0143a306f925f829b08c8a48') in 0.021623 seconds
  Import took 0.024138 seconds .

========================================================================
Received Import Request.
  Time since last request: 0.000187 seconds.
  path: Assets/Knight Files/Body Parts/body upper.png
  artifactKey: Guid(131afc7c0c638d24f92ba75ccdab2b38) Importer(815301076,1909f56bfc062723c751e8b465ee728b)
Start importing Assets/Knight Files/Body Parts/body upper.png using Guid(131afc7c0c638d24f92ba75ccdab2b38) Importer(815301076,1909f56bfc062723c751e8b465ee728b)  -> (artifact id: 'f82804741d3cb571d3dd4c43a9db4e0e') in 0.015277 seconds
  Import took 0.017793 seconds .

========================================================================
Received Import Request.
  Time since last request: 0.000204 seconds.
  path: Assets/Pixel Adventure 2/Assets/Enemies/Rino/Hit (52x34).png
  artifactKey: Guid(0d45a0d8b949d0a4e9eafdc24f22ef64) Importer(815301076,1909f56bfc062723c751e8b465ee728b)
Start importing Assets/Pixel Adventure 2/Assets/Enemies/Rino/Hit (52x34).png using Guid(0d45a0d8b949d0a4e9eafdc24f22ef64) Importer(815301076,1909f56bfc062723c751e8b465ee728b)  -> (artifact id: 'e7074e56ab721642235378b85d6ca416') in 0.018836 seconds
  Import took 0.021781 seconds .

========================================================================
Received Import Request.
  Time since last request: 0.000172 seconds.
  path: Packages/com.unity.2d.animation/Editor/Assets/SkinningModule/Icons/Dark/d_Edit_Joints@3x.png
  artifactKey: Guid(e76bc39dceb8b72439432f8679056c92) Importer(815301076,1909f56bfc062723c751e8b465ee728b)
Start importing Packages/com.unity.2d.animation/Editor/Assets/SkinningModule/Icons/Dark/d_Edit_Joints@3x.png using Guid(e76bc39dceb8b72439432f8679056c92) Importer(815301076,1909f56bfc062723c751e8b465ee728b)  -> (artifact id: 'f71802bfba4e6008c9fd2d0007efa099') in 0.021955 seconds
  Import took 0.024593 seconds .

========================================================================
Received Import Request.
  Time since last request: 0.000214 seconds.
  path: Packages/com.unity.2d.animation/Editor/Assets/SkinningModule/Icons/Selected/Copy@3x.png
  artifactKey: Guid(bb51334c6930f864abac38001f7bdf6e) Importer(815301076,1909f56bfc062723c751e8b465ee728b)
Start importing Packages/com.unity.2d.animation/Editor/Assets/SkinningModule/Icons/Selected/Copy@3x.png using Guid(bb51334c6930f864abac38001f7bdf6e) Importer(815301076,1909f56bfc062723c751e8b465ee728b)  -> (artifact id: 'dce06f1355cab85ddecf22ebd72f0339') in 0.022177 seconds
  Import took 0.025017 seconds .

========================================================================
Received Import Request.
  Time since last request: 0.000190 seconds.
  path: Packages/com.unity.2d.animation/Editor/Assets/SkinningModule/Icons/Light/Generate_Geometry@3x.png
  artifactKey: Guid(902d611ab43afe940bd891d4a3a480f3) Importer(815301076,1909f56bfc062723c751e8b465ee728b)
Start importing Packages/com.unity.2d.animation/Editor/Assets/SkinningModule/Icons/Light/Generate_Geometry@3x.png using Guid(902d611ab43afe940bd891d4a3a480f3) Importer(815301076,1909f56bfc062723c751e8b465ee728b)  -> (artifact id: 'f1940e5c50ad41596b4bdeeb8c7453da') in 0.023179 seconds
  Import took 0.025919 seconds .

========================================================================
Received Import Request.
  Time since last request: 0.000222 seconds.
  path: Packages/com.unity.2d.animation/Editor/Assets/SkinningModule/Icons/Light/Paste.png
  artifactKey: Guid(94cc0d3ec6363a94c8802f10ef239744) Importer(815301076,1909f56bfc062723c751e8b465ee728b)
Start importing Packages/com.unity.2d.animation/Editor/Assets/SkinningModule/Icons/Light/Paste.png using Guid(94cc0d3ec6363a94c8802f10ef239744) Importer(815301076,1909f56bfc062723c751e8b465ee728b)  -> (artifact id: '154b7b4746bff2652d08e46f4ee35783') in 0.019807 seconds
  Import took 0.022412 seconds .

========================================================================
Received Import Request.
  Time since last request: 0.000264 seconds.
  path: Packages/com.unity.2d.animation/Editor/Assets/SkinningModule/Icons/Dark/d_Paste@2x.png
  artifactKey: Guid(6de1e8bb25ebf5c44b02b794de99154c) Importer(815301076,1909f56bfc062723c751e8b465ee728b)
Start importing Packages/com.unity.2d.animation/Editor/Assets/SkinningModule/Icons/Dark/d_Paste@2x.png using Guid(6de1e8bb25ebf5c44b02b794de99154c) Importer(815301076,1909f56bfc062723c751e8b465ee728b)  -> (artifact id: '72ff07ae8b4d5e618b340bc740b56cad') in 0.022125 seconds
  Import took 0.024948 seconds .

========================================================================
Received Import Request.
  Time since last request: 0.000186 seconds.
  path: Packages/com.unity.2d.animation/Editor/Assets/SkinningModule/Icons/Selected/Generate_Geometry@3x.png
  artifactKey: Guid(a581ff3810b2e0a4690cddcf7634ed22) Importer(815301076,1909f56bfc062723c751e8b465ee728b)
Start importing Packages/com.unity.2d.animation/Editor/Assets/SkinningModule/Icons/Selected/Generate_Geometry@3x.png using Guid(a581ff3810b2e0a4690cddcf7634ed22) Importer(815301076,1909f56bfc062723c751e8b465ee728b)  -> (artifact id: '292a54038a0af03b3a4e41a2e0d170f0') in 0.022610 seconds
  Import took 0.025392 seconds .

========================================================================
Received Import Request.
  Time since last request: 0.000185 seconds.
  path: Assets/Pixel Adventure 2/Assets/Enemies/Duck/Idle (36x36).png
  artifactKey: Guid(35e086690f09c9f46aa162a5be5a4133) Importer(815301076,1909f56bfc062723c751e8b465ee728b)
Start importing Assets/Pixel Adventure 2/Assets/Enemies/Duck/Idle (36x36).png using Guid(35e086690f09c9f46aa162a5be5a4133) Importer(815301076,1909f56bfc062723c751e8b465ee728b)  -> (artifact id: '8fadc23d9b6ff3b1ab6003cc8efee6fb') in 0.023522 seconds
  Import took 0.026242 seconds .

========================================================================
Received Import Request.
  Time since last request: 0.000189 seconds.
  path: Packages/com.unity.2d.animation/Editor/Assets/SkinningModule/Icons/Selected/Split_Edge@2x.png
  artifactKey: Guid(2f12c9758dad4e34ea8bc886f1fdb0dd) Importer(815301076,1909f56bfc062723c751e8b465ee728b)
Start importing Packages/com.unity.2d.animation/Editor/Assets/SkinningModule/Icons/Selected/Split_Edge@2x.png using Guid(2f12c9758dad4e34ea8bc886f1fdb0dd) Importer(815301076,1909f56bfc062723c751e8b465ee728b)  -> (artifact id: '3779e99f799a3462b29a22e044d2b530') in 0.020379 seconds
  Import took 0.022853 seconds .

========================================================================
Received Import Request.
  Time since last request: 0.000244 seconds.
  path: Packages/com.unity.2d.animation/Editor/Assets/SkinningModule/Icons/Light/Create_Edge@2x.png
  artifactKey: Guid(3b4e88f5705085042a95960cdcef2561) Importer(815301076,1909f56bfc062723c751e8b465ee728b)
Start importing Packages/com.unity.2d.animation/Editor/Assets/SkinningModule/Icons/Light/Create_Edge@2x.png using Guid(3b4e88f5705085042a95960cdcef2561) Importer(815301076,1909f56bfc062723c751e8b465ee728b)  -> (artifact id: '7541bf68f7863e909582c5397a455763') in 0.021429 seconds
  Import took 0.024289 seconds .

========================================================================
Received Import Request.
  Time since last request: 0.000198 seconds.
  path: Assets/Pixel Adventure 2/Assets/Enemies/Rocks/Rock1_Hit.png
  artifactKey: Guid(ecdfd8900a81d544cbd663d04322b012) Importer(815301076,1909f56bfc062723c751e8b465ee728b)
Start importing Assets/Pixel Adventure 2/Assets/Enemies/Rocks/Rock1_Hit.png using Guid(ecdfd8900a81d544cbd663d04322b012) Importer(815301076,1909f56bfc062723c751e8b465ee728b)  -> (artifact id: '38ef0cfe563299e750d81cda7f3a8b08') in 0.013661 seconds
  Import took 0.016213 seconds .

========================================================================
Received Import Request.
  Time since last request: 0.000237 seconds.
  path: Packages/com.unity.2d.animation/Editor/Assets/SkinningModule/Icons/Selected/d_Mesh@4x.png
  artifactKey: Guid(2b4752bce841cc74bb73820ce5212d34) Importer(815301076,1909f56bfc062723c751e8b465ee728b)
Start importing Packages/com.unity.2d.animation/Editor/Assets/SkinningModule/Icons/Selected/d_Mesh@4x.png using Guid(2b4752bce841cc74bb73820ce5212d34) Importer(815301076,1909f56bfc062723c751e8b465ee728b)  -> (artifact id: '3701127c5b9f22c42aa52486a4dee2cd') in 0.020896 seconds
  Import took 0.023419 seconds .

========================================================================
Received Import Request.
  Time since last request: 0.000224 seconds.
  path: Assets/Pixel Adventure 2/Assets/Enemies/Ghost/Idle (44x30).png
  artifactKey: Guid(d4f2f936f814df24fb7559370c465cdc) Importer(815301076,1909f56bfc062723c751e8b465ee728b)
Start importing Assets/Pixel Adventure 2/Assets/Enemies/Ghost/Idle (44x30).png using Guid(d4f2f936f814df24fb7559370c465cdc) Importer(815301076,1909f56bfc062723c751e8b465ee728b)  -> (artifact id: '2c2b192c8ca0ff9e010d55c48bd9234f') in 0.023044 seconds
  Import took 0.026083 seconds .

========================================================================
Received Import Request.
  Time since last request: 0.000221 seconds.
  path: Packages/com.unity.2d.animation/Editor/Assets/SkinningModule/Icons/Dark/d_Sprite_Mode.png
  artifactKey: Guid(c8294bd479889de41be97f5b6da01437) Importer(815301076,1909f56bfc062723c751e8b465ee728b)
Start importing Packages/com.unity.2d.animation/Editor/Assets/SkinningModule/Icons/Dark/d_Sprite_Mode.png using Guid(c8294bd479889de41be97f5b6da01437) Importer(815301076,1909f56bfc062723c751e8b465ee728b)  -> (artifact id: '72aba576f60f0ff34e2606f18b01dcb0') in 0.021105 seconds
  Import took 0.023733 seconds .

========================================================================
Received Import Request.
  Time since last request: 0.000250 seconds.
  path: Packages/com.unity.2d.animation/Editor/Assets/SkinningModule/Icons/Dark/d_Edit_Geometry@2x.png
  artifactKey: Guid(2d2e8c77fdf4f364c83224444f65fb4d) Importer(815301076,1909f56bfc062723c751e8b465ee728b)
Start importing Packages/com.unity.2d.animation/Editor/Assets/SkinningModule/Icons/Dark/d_Edit_Geometry@2x.png using Guid(2d2e8c77fdf4f364c83224444f65fb4d) Importer(815301076,1909f56bfc062723c751e8b465ee728b)  -> (artifact id: '7271bb8afe4f0ec2d52faa3ccd4afff9') in 0.021612 seconds
  Import took 0.024667 seconds .

========================================================================
Received Import Request.
  Time since last request: 0.000291 seconds.
  path: Packages/com.unity.2d.animation/Editor/Assets/SkinningModule/Icons/Selected/d_Visibility_Tool@3x.png
  artifactKey: Guid(46d5b7ee1aaae3c4d9fd3a54774428d5) Importer(815301076,1909f56bfc062723c751e8b465ee728b)
Start importing Packages/com.unity.2d.animation/Editor/Assets/SkinningModule/Icons/Selected/d_Visibility_Tool@3x.png using Guid(46d5b7ee1aaae3c4d9fd3a54774428d5) Importer(815301076,1909f56bfc062723c751e8b465ee728b)  -> (artifact id: '136084db448b7b59c379077f2617c60a') in 0.021341 seconds
  Import took 0.024063 seconds .

========================================================================
Received Import Request.
  Time since last request: 0.000198 seconds.
  path: Packages/com.unity.2d.animation/Editor/Assets/SkinningModule/Icons/Dark/d_Bone.png
  artifactKey: Guid(fc2eaf4b0441b7645960252182c27446) Importer(815301076,1909f56bfc062723c751e8b465ee728b)
Start importing Packages/com.unity.2d.animation/Editor/Assets/SkinningModule/Icons/Dark/d_Bone.png using Guid(fc2eaf4b0441b7645960252182c27446) Importer(815301076,1909f56bfc062723c751e8b465ee728b)  -> (artifact id: '9ca490ece8677d55b9a06dfad92d3e65') in 0.027443 seconds
  Import took 0.030455 seconds .

========================================================================
Received Import Request.
  Time since last request: 0.000195 seconds.
  path: Packages/com.unity.2d.animation/Editor/Assets/SkinningModule/Icons/Dark/d_Parent_Bone@3x.png
  artifactKey: Guid(ebda3a880d7c2f14999e6ef07ebbd37d) Importer(815301076,1909f56bfc062723c751e8b465ee728b)
Start importing Packages/com.unity.2d.animation/Editor/Assets/SkinningModule/Icons/Dark/d_Parent_Bone@3x.png using Guid(ebda3a880d7c2f14999e6ef07ebbd37d) Importer(815301076,1909f56bfc062723c751e8b465ee728b)  -> (artifact id: '9c58f73dac92c6966c773f8a45be2526') in 0.021914 seconds
  Import took 0.024436 seconds .

========================================================================
Received Import Request.
  Time since last request: 0.000179 seconds.
  path: Packages/com.unity.2d.animation/Editor/Assets/SkinningModule/Icons/Light/Split_Edge.png
  artifactKey: Guid(900065f34a33d2e478bf93a0191f68de) Importer(815301076,1909f56bfc062723c751e8b465ee728b)
Start importing Packages/com.unity.2d.animation/Editor/Assets/SkinningModule/Icons/Light/Split_Edge.png using Guid(900065f34a33d2e478bf93a0191f68de) Importer(815301076,1909f56bfc062723c751e8b465ee728b)  -> (artifact id: '436998bf0ab4d60ad71765f3ebc5fb40') in 0.021790 seconds
  Import took 0.024132 seconds .

========================================================================
Received Import Request.
  Time since last request: 0.000178 seconds.
  path: Packages/com.unity.2d.animation/Editor/Assets/SkinningModule/Icons/Selected/Split Bones@2x.png
  artifactKey: Guid(652f381007a2d2247a40aa63c91c2565) Importer(815301076,1909f56bfc062723c751e8b465ee728b)
Start importing Packages/com.unity.2d.animation/Editor/Assets/SkinningModule/Icons/Selected/Split Bones@2x.png using Guid(652f381007a2d2247a40aa63c91c2565) Importer(815301076,1909f56bfc062723c751e8b465ee728b)  -> (artifact id: 'fad0c05175e6b933f42a5c2f22d0b08e') in 0.021694 seconds
  Import took 0.024003 seconds .

========================================================================
Received Import Request.
  Time since last request: 0.000185 seconds.
  path: Packages/com.unity.2d.spriteshape/Editor/ObjectMenuCreation/DefaultAssets/Sprite Shapes/SpriteShapeEdge.png
  artifactKey: Guid(0ae2b74b1edd14bb18dd7b65ae916a54) Importer(815301076,1909f56bfc062723c751e8b465ee728b)
Start importing Packages/com.unity.2d.spriteshape/Editor/ObjectMenuCreation/DefaultAssets/Sprite Shapes/SpriteShapeEdge.png using Guid(0ae2b74b1edd14bb18dd7b65ae916a54) Importer(815301076,1909f56bfc062723c751e8b465ee728b)  -> (artifact id: 'ca91ac8753cee799bfcb2ca9c0dc4c53') in 0.021873 seconds
  Import took 0.024149 seconds .

========================================================================
Received Import Request.
  Time since last request: 0.000221 seconds.
  path: Packages/com.unity.2d.animation/Editor/Assets/SkinningModule/Icons/Dark/d_Visibility_Tool@3x.png
  artifactKey: Guid(8c3b52e1fbc36584d802ee0099c48682) Importer(815301076,1909f56bfc062723c751e8b465ee728b)
Start importing Packages/com.unity.2d.animation/Editor/Assets/SkinningModule/Icons/Dark/d_Visibility_Tool@3x.png using Guid(8c3b52e1fbc36584d802ee0099c48682) Importer(815301076,1909f56bfc062723c751e8b465ee728b)  -> (artifact id: '876761ec93a48465dc1ee2d2a5c97162') in 0.014464 seconds
  Import took 0.017048 seconds .

========================================================================
Received Import Request.
  Time since last request: 0.000180 seconds.
  path: Packages/com.unity.2d.animation/Editor/Assets/SkinningModule/Icons/Light/Split_Edge@4x.png
  artifactKey: Guid(21d43e7114c758c49886cb9fc604dd66) Importer(815301076,1909f56bfc062723c751e8b465ee728b)
Start importing Packages/com.unity.2d.animation/Editor/Assets/SkinningModule/Icons/Light/Split_Edge@4x.png using Guid(21d43e7114c758c49886cb9fc604dd66) Importer(815301076,1909f56bfc062723c751e8b465ee728b)  -> (artifact id: '8e53d1f300a164e20c8e128514f31f89') in 0.021130 seconds
  Import took 0.023935 seconds .

========================================================================
Received Import Request.
  Time since last request: 0.000259 seconds.
  path: Packages/com.unity.2d.animation/Editor/Assets/SkinningModule/Icons/Dark/d_Copy@3x.png
  artifactKey: Guid(3b5ad4dfc78124a489bb5c48a4b57195) Importer(815301076,1909f56bfc062723c751e8b465ee728b)
Start importing Packages/com.unity.2d.animation/Editor/Assets/SkinningModule/Icons/Dark/d_Copy@3x.png using Guid(3b5ad4dfc78124a489bb5c48a4b57195) Importer(815301076,1909f56bfc062723c751e8b465ee728b)  -> (artifact id: '1584100878d2fe9d70eac540959fca66') in 0.021994 seconds
  Import took 0.025051 seconds .

========================================================================
Received Import Request.
  Time since last request: 0.000177 seconds.
  path: Packages/com.unity.2d.animation/Editor/Assets/SkinningModule/Icons/Selected/Create Bones@2x.png
  artifactKey: Guid(5b7f664b515582d458717c354f6be292) Importer(815301076,1909f56bfc062723c751e8b465ee728b)
Start importing Packages/com.unity.2d.animation/Editor/Assets/SkinningModule/Icons/Selected/Create Bones@2x.png using Guid(5b7f664b515582d458717c354f6be292) Importer(815301076,1909f56bfc062723c751e8b465ee728b)  -> (artifact id: 'c84318c0fd810dc1af48e8bdbae8e072') in 0.021666 seconds
  Import took 0.024226 seconds .

========================================================================
Received Import Request.
  Time since last request: 0.000210 seconds.
  path: Packages/com.unity.2d.animation/Editor/Assets/SkinningModule/Icons/Light/Create_Edge@3x.png
  artifactKey: Guid(0da63bf69e254aa4a83c345c3de497c8) Importer(815301076,1909f56bfc062723c751e8b465ee728b)
Start importing Packages/com.unity.2d.animation/Editor/Assets/SkinningModule/Icons/Light/Create_Edge@3x.png using Guid(0da63bf69e254aa4a83c345c3de497c8) Importer(815301076,1909f56bfc062723c751e8b465ee728b)  -> (artifact id: 'df82af9bbe50cc3b168e24c46984d99a') in 0.021732 seconds
  Import took 0.024553 seconds .

========================================================================
Received Import Request.
  Time since last request: 0.000181 seconds.
  path: Assets/Pixel Adventure 2/Assets/Enemies/Trunk/Run (64x32).png
  artifactKey: Guid(daf3a34e52af9394d953d7b098baacc1) Importer(815301076,1909f56bfc062723c751e8b465ee728b)
Start importing Assets/Pixel Adventure 2/Assets/Enemies/Trunk/Run (64x32).png using Guid(daf3a34e52af9394d953d7b098baacc1) Importer(815301076,1909f56bfc062723c751e8b465ee728b)  -> (artifact id: 'daa1cfc916c9aeb416c66ae3e995a24e') in 0.029075 seconds
  Import took 0.031782 seconds .

========================================================================
Received Import Request.
  Time since last request: 0.000197 seconds.
  path: Packages/com.unity.2d.animation/Editor/Assets/SkinningModule/Icons/Selected/Sprite_Mode@2x.png
  artifactKey: Guid(ff2aa9ebc8aee604caa5f8459ac4ae43) Importer(815301076,1909f56bfc062723c751e8b465ee728b)
Start importing Packages/com.unity.2d.animation/Editor/Assets/SkinningModule/Icons/Selected/Sprite_Mode@2x.png using Guid(ff2aa9ebc8aee604caa5f8459ac4ae43) Importer(815301076,1909f56bfc062723c751e8b465ee728b)  -> (artifact id: '59af0f98455330dfe3d029a3d9ca83f9') in 0.022030 seconds
  Import took 0.024785 seconds .

========================================================================
Received Import Request.
  Time since last request: 0.000198 seconds.
  path: Packages/com.unity.2d.spriteshape/Editor/Handles/ss_playhead.png
  artifactKey: Guid(9ea72647c24be493ba6f15a9cd2a24ae) Importer(815301076,1909f56bfc062723c751e8b465ee728b)
Start importing Packages/com.unity.2d.spriteshape/Editor/Handles/ss_playhead.png using Guid(9ea72647c24be493ba6f15a9cd2a24ae) Importer(815301076,1909f56bfc062723c751e8b465ee728b)  -> (artifact id: '6776097c6101ba9e44d35f3d53fd6a89') in 0.022569 seconds
  Import took 0.025228 seconds .

========================================================================
Received Import Request.
  Time since last request: 0.000187 seconds.
  path: Assets/Sprites/Pixel Adventure 1/Assets/Main Characters/Ninja Frog/Run (32x32).png
  artifactKey: Guid(e362bc6a7c79fce4db16d145d43a5550) Importer(815301076,1909f56bfc062723c751e8b465ee728b)
Start importing Assets/Sprites/Pixel Adventure 1/Assets/Main Characters/Ninja Frog/Run (32x32).png using Guid(e362bc6a7c79fce4db16d145d43a5550) Importer(815301076,1909f56bfc062723c751e8b465ee728b)  -> (artifact id: '1efc5eca8ed363d6f079df8a5c342130') in 0.028841 seconds
  Import took 0.031591 seconds .

========================================================================
Received Import Request.
  Time since last request: 0.000190 seconds.
  path: Packages/com.unity.2d.animation/Editor/Assets/SkinningModule/Icons/Dark/d_Weight_Brush@2x.png
  artifactKey: Guid(fda4344db9f9d794698ed7487ca53957) Importer(815301076,1909f56bfc062723c751e8b465ee728b)
Start importing Packages/com.unity.2d.animation/Editor/Assets/SkinningModule/Icons/Dark/d_Weight_Brush@2x.png using Guid(fda4344db9f9d794698ed7487ca53957) Importer(815301076,1909f56bfc062723c751e8b465ee728b)  -> (artifact id: '38f8346bc37894e14c768b0d077bbc80') in 0.021300 seconds
  Import took 0.023737 seconds .

========================================================================
Received Import Request.
  Time since last request: 0.000189 seconds.
  path: Packages/com.unity.2d.animation/Editor/Assets/SkinningModule/Icons/Selected/Sprite_Mode@4x.png
  artifactKey: Guid(2223b0a570b66ee42b3e0a79f0789b2a) Importer(815301076,1909f56bfc062723c751e8b465ee728b)
Start importing Packages/com.unity.2d.animation/Editor/Assets/SkinningModule/Icons/Selected/Sprite_Mode@4x.png using Guid(2223b0a570b66ee42b3e0a79f0789b2a) Importer(815301076,1909f56bfc062723c751e8b465ee728b)  -> (artifact id: 'dd1b4cb99c4077ba8de6895cd0532f7f') in 0.020823 seconds
  Import took 0.023333 seconds .

========================================================================
Received Import Request.
  Time since last request: 0.000183 seconds.
  path: Packages/com.unity.2d.animation/Editor/Assets/SkinningModule/Icons/Light/Sprite_Mode@2x.png
  artifactKey: Guid(cfe99a1afb609b4488d6fc9224a62f74) Importer(815301076,1909f56bfc062723c751e8b465ee728b)
Start importing Packages/com.unity.2d.animation/Editor/Assets/SkinningModule/Icons/Light/Sprite_Mode@2x.png using Guid(cfe99a1afb609b4488d6fc9224a62f74) Importer(815301076,1909f56bfc062723c751e8b465ee728b)  -> (artifact id: '0c9c55768028d0f5282d28aaf98f2ec3') in 0.022457 seconds
  Import took 0.025059 seconds .

========================================================================
Received Import Request.
  Time since last request: 0.000298 seconds.
  path: Packages/com.unity.2d.animation/Editor/Assets/SkinningModule/Icons/Selected/d_Mesh@2x.png
  artifactKey: Guid(a14979d2b0467b14abf4467f248460fb) Importer(815301076,1909f56bfc062723c751e8b465ee728b)
Start importing Packages/com.unity.2d.animation/Editor/Assets/SkinningModule/Icons/Selected/d_Mesh@2x.png using Guid(a14979d2b0467b14abf4467f248460fb) Importer(815301076,1909f56bfc062723c751e8b465ee728b)  -> (artifact id: 'bead3c4f30ff47885de1ccc6de7d58fd') in 0.021690 seconds
  Import took 0.024421 seconds .

========================================================================
Received Import Request.
  Time since last request: 0.000181 seconds.
  path: Packages/com.unity.2d.animation/Editor/Assets/SkinningModule/Icons/Dark/d_Edit_Pose@4x.png
  artifactKey: Guid(4f3a106299767d146975053c7be09b97) Importer(815301076,1909f56bfc062723c751e8b465ee728b)
Start importing Packages/com.unity.2d.animation/Editor/Assets/SkinningModule/Icons/Dark/d_Edit_Pose@4x.png using Guid(4f3a106299767d146975053c7be09b97) Importer(815301076,1909f56bfc062723c751e8b465ee728b)  -> (artifact id: '98e9bed1c1cb8c8175cc426f726c21a2') in 0.022112 seconds
  Import took 0.024595 seconds .

========================================================================
Received Import Request.
  Time since last request: 0.000204 seconds.
  path: Packages/com.unity.2d.animation/Editor/Assets/SkinningModule/Icons/Selected/Parent_Bone.png
  artifactKey: Guid(1b8ac2bef8a060f4ca19b22a3720cb0e) Importer(815301076,1909f56bfc062723c751e8b465ee728b)
Start importing Packages/com.unity.2d.animation/Editor/Assets/SkinningModule/Icons/Selected/Parent_Bone.png using Guid(1b8ac2bef8a060f4ca19b22a3720cb0e) Importer(815301076,1909f56bfc062723c751e8b465ee728b)  -> (artifact id: '05f2f99b1adc8aa6c1beb293401e5b88') in 0.022108 seconds
  Import took 0.024756 seconds .

========================================================================
Received Import Request.
  Time since last request: 0.000210 seconds.
  path: Assets/Pixel Adventure 2/Assets/Enemies/Skull/Red Particle.png
  artifactKey: Guid(a9a2e792e09a33b428d70b813df6a1db) Importer(815301076,1909f56bfc062723c751e8b465ee728b)
Start importing Assets/Pixel Adventure 2/Assets/Enemies/Skull/Red Particle.png using Guid(a9a2e792e09a33b428d70b813df6a1db) Importer(815301076,1909f56bfc062723c751e8b465ee728b)  -> (artifact id: '7255c2ec1920f75c2d41a312bc0c0f00') in 0.013890 seconds
  Import took 0.016540 seconds .

========================================================================
Received Import Request.
  Time since last request: 0.000198 seconds.
  path: Assets/Pixel Adventure 2/Assets/Enemies/Duck/Fall (36x36).png
  artifactKey: Guid(b66d3ed271c328c4b9084c2e0bdb616b) Importer(815301076,1909f56bfc062723c751e8b465ee728b)
Start importing Assets/Pixel Adventure 2/Assets/Enemies/Duck/Fall (36x36).png using Guid(b66d3ed271c328c4b9084c2e0bdb616b) Importer(815301076,1909f56bfc062723c751e8b465ee728b)  -> (artifact id: 'ea01d1f5791ee5f852b6261ec0195656') in 0.014146 seconds
  Import took 0.016546 seconds .

========================================================================
Received Import Request.
  Time since last request: 0.000223 seconds.
  path: Packages/com.unity.2d.animation/Editor/Assets/SkinningModule/Icons/Light/Create_Vertex.png
  artifactKey: Guid(31f371f2dfe50c34081023094aed72c3) Importer(815301076,1909f56bfc062723c751e8b465ee728b)
Start importing Packages/com.unity.2d.animation/Editor/Assets/SkinningModule/Icons/Light/Create_Vertex.png using Guid(31f371f2dfe50c34081023094aed72c3) Importer(815301076,1909f56bfc062723c751e8b465ee728b)  -> (artifact id: '1ebf19b1d8166a71a4a70f6374da39b6') in 0.020357 seconds
  Import took 0.023100 seconds .

========================================================================
Received Import Request.
  Time since last request: 0.000198 seconds.
  path: Packages/com.unity.2d.animation/Editor/Assets/SkinningModule/Icons/Dark/d_Edit_Pose.png
  artifactKey: Guid(7a6cafa65c507e240b7293250b094e10) Importer(815301076,1909f56bfc062723c751e8b465ee728b)
Start importing Packages/com.unity.2d.animation/Editor/Assets/SkinningModule/Icons/Dark/d_Edit_Pose.png using Guid(7a6cafa65c507e240b7293250b094e10) Importer(815301076,1909f56bfc062723c751e8b465ee728b)  -> (artifact id: 'e5d5bbfbdaa16d4086d881546ce8f50e') in 0.023333 seconds
  Import took 0.025815 seconds .

========================================================================
Received Import Request.
  Time since last request: 0.000214 seconds.
  path: Packages/com.unity.2d.animation/Editor/Assets/SkinningModule/Icons/Selected/Create_Vertex@3x.png
  artifactKey: Guid(47fe565904dc6b1419e9acc62b99812e) Importer(815301076,1909f56bfc062723c751e8b465ee728b)
Start importing Packages/com.unity.2d.animation/Editor/Assets/SkinningModule/Icons/Selected/Create_Vertex@3x.png using Guid(47fe565904dc6b1419e9acc62b99812e) Importer(815301076,1909f56bfc062723c751e8b465ee728b)  -> (artifact id: 'cb7cad92ce28429e82bc64ffab0e60f7') in 0.021632 seconds
  Import took 0.024148 seconds .

========================================================================
Received Import Request.
  Time since last request: 0.000203 seconds.
  path: Packages/com.unity.2d.animation/Editor/Assets/SkinningModule/Icons/Light/Split Bones@3x.png
  artifactKey: Guid(6b35476d10ed5614a949de8f7c45b534) Importer(815301076,1909f56bfc062723c751e8b465ee728b)
Start importing Packages/com.unity.2d.animation/Editor/Assets/SkinningModule/Icons/Light/Split Bones@3x.png using Guid(6b35476d10ed5614a949de8f7c45b534) Importer(815301076,1909f56bfc062723c751e8b465ee728b)  -> (artifact id: 'd6679377061d34e553945ab670842639') in 0.022232 seconds
  Import took 0.024707 seconds .

========================================================================
Received Import Request.
  Time since last request: 0.000173 seconds.
  path: Packages/com.unity.2d.animation/Editor/Assets/SkinningModule/Icons/Dark/d_Weight_Brush@3x.png
  artifactKey: Guid(ba394dd6c02ba3b448659c8a346bf685) Importer(815301076,1909f56bfc062723c751e8b465ee728b)
Start importing Packages/com.unity.2d.animation/Editor/Assets/SkinningModule/Icons/Dark/d_Weight_Brush@3x.png using Guid(ba394dd6c02ba3b448659c8a346bf685) Importer(815301076,1909f56bfc062723c751e8b465ee728b)  -> (artifact id: 'f5c8dd42c7f2bd64c3399332901befc9') in 0.022007 seconds
  Import took 0.024467 seconds .

========================================================================
Received Import Request.
  Time since last request: 0.000177 seconds.
  path: Assets/Pixel Adventure 2/Assets/Enemies/Ghost/Desappear (44x30).png
  artifactKey: Guid(0aff58a705260724ba202eab0ca4f5f7) Importer(815301076,1909f56bfc062723c751e8b465ee728b)
Start importing Assets/Pixel Adventure 2/Assets/Enemies/Ghost/Desappear (44x30).png using Guid(0aff58a705260724ba202eab0ca4f5f7) Importer(815301076,1909f56bfc062723c751e8b465ee728b)  -> (artifact id: 'c74b2767f39f2c4c94d1ba07078c9b8e') in 0.017316 seconds
  Import took 0.019666 seconds .

========================================================================
Received Import Request.
  Time since last request: 0.000237 seconds.
  path: Packages/com.unity.2d.animation/Editor/Assets/SkinningModule/Icons/Selected/Split_Edge@3x.png
  artifactKey: Guid(7764b2bf79a49894e8ea10f3d661a4ed) Importer(815301076,1909f56bfc062723c751e8b465ee728b)
Start importing Packages/com.unity.2d.animation/Editor/Assets/SkinningModule/Icons/Selected/Split_Edge@3x.png using Guid(7764b2bf79a49894e8ea10f3d661a4ed) Importer(815301076,1909f56bfc062723c751e8b465ee728b)  -> (artifact id: 'e92ccf77eed60b18087bf99a6f2d9c57') in 0.022157 seconds
  Import took 0.024709 seconds .

========================================================================
Received Import Request.
  Time since last request: 0.000205 seconds.
  path: Packages/com.unity.2d.animation/Editor/Assets/SkinningModule/Icons/Selected/Copy@4x.png
  artifactKey: Guid(b6a96c7c65795c94abf54a62adbf5c38) Importer(815301076,1909f56bfc062723c751e8b465ee728b)
Start importing Packages/com.unity.2d.animation/Editor/Assets/SkinningModule/Icons/Selected/Copy@4x.png using Guid(b6a96c7c65795c94abf54a62adbf5c38) Importer(815301076,1909f56bfc062723c751e8b465ee728b)  -> (artifact id: 'd08bc92640b4f01c95234b725fffac25') in 0.021568 seconds
  Import took 0.024554 seconds .

========================================================================
Received Import Request.
  Time since last request: 0.000214 seconds.
  path: Assets/Pixel Adventure 2/Assets/Enemies/Rocks/Rock3_Idle (22x18).png
  artifactKey: Guid(061e846bd4a5ba449bf75b630b1a7dcb) Importer(815301076,1909f56bfc062723c751e8b465ee728b)
Start importing Assets/Pixel Adventure 2/Assets/Enemies/Rocks/Rock3_Idle (22x18).png using Guid(061e846bd4a5ba449bf75b630b1a7dcb) Importer(815301076,1909f56bfc062723c751e8b465ee728b)  -> (artifact id: '25aa16b4e0811f28e14a0640857a22e0') in 0.026451 seconds
  Import took 0.029140 seconds .

========================================================================
Received Import Request.
  Time since last request: 0.000195 seconds.
  path: Packages/com.unity.2d.spriteshape/Editor/Handles/ss_rightrange.png
  artifactKey: Guid(ee5df01235032491c8b180741ea820fe) Importer(815301076,1909f56bfc062723c751e8b465ee728b)
Start importing Packages/com.unity.2d.spriteshape/Editor/Handles/ss_rightrange.png using Guid(ee5df01235032491c8b180741ea820fe) Importer(815301076,1909f56bfc062723c751e8b465ee728b)  -> (artifact id: '9f0fc360c7759f036b02100d72a336ee') in 0.023772 seconds
  Import took 0.026209 seconds .

========================================================================
Received Import Request.
  Time since last request: 0.000202 seconds.
  path: Packages/com.unity.2d.animation/Editor/Assets/SkinningModule/Icons/Selected/d_Mesh.png
  artifactKey: Guid(1f9ef263156323d4dbaab5a1b41a61e6) Importer(815301076,1909f56bfc062723c751e8b465ee728b)
Start importing Packages/com.unity.2d.animation/Editor/Assets/SkinningModule/Icons/Selected/d_Mesh.png using Guid(1f9ef263156323d4dbaab5a1b41a61e6) Importer(815301076,1909f56bfc062723c751e8b465ee728b)  -> (artifact id: '39c44c71bf78c5233a28d00a7b658f90') in 0.020642 seconds
  Import took 0.023155 seconds .

========================================================================
Received Import Request.
  Time since last request: 0.000183 seconds.
  path: Assets/Knight Files/Body Parts/Right Arm.png
  artifactKey: Guid(034d324c158efbb49993409265a738d9) Importer(815301076,1909f56bfc062723c751e8b465ee728b)
Start importing Assets/Knight Files/Body Parts/Right Arm.png using Guid(034d324c158efbb49993409265a738d9) Importer(815301076,1909f56bfc062723c751e8b465ee728b)  -> (artifact id: '1e95482a756f029e4d6ea75e0fcc136e') in 0.015291 seconds
  Import took 0.017553 seconds .

========================================================================
Received Import Request.
  Time since last request: 0.000186 seconds.
  path: Packages/com.unity.2d.animation/Editor/Assets/SkinningModule/Icons/Selected/Create_Edge.png
  artifactKey: Guid(ad7b296d426713b4593ee1a19fcbf9d1) Importer(815301076,1909f56bfc062723c751e8b465ee728b)
Start importing Packages/com.unity.2d.animation/Editor/Assets/SkinningModule/Icons/Selected/Create_Edge.png using Guid(ad7b296d426713b4593ee1a19fcbf9d1) Importer(815301076,1909f56bfc062723c751e8b465ee728b)  -> (artifact id: 'fb9bd34fb298f00e74a221a22e0726f6') in 0.021226 seconds
  Import took 0.023555 seconds .

========================================================================
Received Import Request.
  Time since last request: 0.000183 seconds.
  path: Assets/Pixel Adventure 2/Assets/Enemies/Skull/Hit Wall 1 (52x54).png
  artifactKey: Guid(54aabc49583d77e4587c8ce5ed94edab) Importer(815301076,1909f56bfc062723c751e8b465ee728b)
Start importing Assets/Pixel Adventure 2/Assets/Enemies/Skull/Hit Wall 1 (52x54).png using Guid(54aabc49583d77e4587c8ce5ed94edab) Importer(815301076,1909f56bfc062723c751e8b465ee728b)  -> (artifact id: '0992f42add2c0efcbc1b0e5a4ef2a129') in 0.022451 seconds
  Import took 0.024938 seconds .

========================================================================
Received Import Request.
  Time since last request: 0.000196 seconds.
  path: Packages/com.unity.2d.animation/Editor/Assets/SkinningModule/Icons/Selected/Parent_Bone@3x.png
  artifactKey: Guid(6f4409ce938bf9447a36e531f7755ca7) Importer(815301076,1909f56bfc062723c751e8b465ee728b)
Start importing Packages/com.unity.2d.animation/Editor/Assets/SkinningModule/Icons/Selected/Parent_Bone@3x.png using Guid(6f4409ce938bf9447a36e531f7755ca7) Importer(815301076,1909f56bfc062723c751e8b465ee728b)  -> (artifact id: '342b9d3086bae4b63551a57bd879d814') in 0.021136 seconds
  Import took 0.023986 seconds .

========================================================================
Received Import Request.
  Time since last request: 0.000212 seconds.
  path: Assets/Pixel Adventure 2/Assets/Enemies/Chameleon/Hit (84x38).png
  artifactKey: Guid(879f42eb54eb4f8489bc40c802959898) Importer(815301076,1909f56bfc062723c751e8b465ee728b)
Start importing Assets/Pixel Adventure 2/Assets/Enemies/Chameleon/Hit (84x38).png using Guid(879f42eb54eb4f8489bc40c802959898) Importer(815301076,1909f56bfc062723c751e8b465ee728b)  -> (artifact id: '300da7ded2107261e7ea1b0b906e5958') in 0.020159 seconds
  Import took 0.022874 seconds .

========================================================================
Received Import Request.
  Time since last request: 0.000179 seconds.
  path: Assets/Pixel Adventure 2/Assets/Enemies/Rino/Hit Wall (52x34).png
  artifactKey: Guid(af986635e8356a644a7348f570cd3579) Importer(815301076,1909f56bfc062723c751e8b465ee728b)
Start importing Assets/Pixel Adventure 2/Assets/Enemies/Rino/Hit Wall (52x34).png using Guid(af986635e8356a644a7348f570cd3579) Importer(815301076,1909f56bfc062723c751e8b465ee728b)  -> (artifact id: 'e0f326e68b54ff2467275016d9b96f39') in 0.017604 seconds
  Import took 0.020182 seconds .

========================================================================
Received Import Request.
  Time since last request: 0.000172 seconds.
  path: Packages/com.unity.2d.animation/Editor/Assets/SkinningModule/Icons/Light/Create_Vertex@4x.png
  artifactKey: Guid(e6a6624ab013b8e44beddfa2668afb65) Importer(815301076,1909f56bfc062723c751e8b465ee728b)
Start importing Packages/com.unity.2d.animation/Editor/Assets/SkinningModule/Icons/Light/Create_Vertex@4x.png using Guid(e6a6624ab013b8e44beddfa2668afb65) Importer(815301076,1909f56bfc062723c751e8b465ee728b)  -> (artifact id: '085528d0918cf0566517bc2bca1dd16e') in 0.023489 seconds
  Import took 0.025762 seconds .

========================================================================
Received Import Request.
  Time since last request: 0.000187 seconds.
  path: Packages/com.unity.2d.animation/Editor/Assets/SkinningModule/Icons/Dark/d_Edit_Pose@3x.png
  artifactKey: Guid(334b0c5a2da656f4a9d2fe6b658cfd68) Importer(815301076,1909f56bfc062723c751e8b465ee728b)
Start importing Packages/com.unity.2d.animation/Editor/Assets/SkinningModule/Icons/Dark/d_Edit_Pose@3x.png using Guid(334b0c5a2da656f4a9d2fe6b658cfd68) Importer(815301076,1909f56bfc062723c751e8b465ee728b)  -> (artifact id: '622907016e86394e87c24d9c630d36f5') in 0.021875 seconds
  Import took 0.024327 seconds .

========================================================================
Received Import Request.
  Time since last request: 0.000189 seconds.
  path: Packages/com.unity.2d.animation/Editor/Assets/SkinningModule/Icons/Dark/d_Visibility_Tool@4x 1.png
  artifactKey: Guid(1748e795fc2216743b74f9f19e87888e) Importer(815301076,1909f56bfc062723c751e8b465ee728b)
Start importing Packages/com.unity.2d.animation/Editor/Assets/SkinningModule/Icons/Dark/d_Visibility_Tool@4x 1.png using Guid(1748e795fc2216743b74f9f19e87888e) Importer(815301076,1909f56bfc062723c751e8b465ee728b)  -> (artifact id: 'd551a08e0a3114eac4f3745a0c942e70') in 0.023727 seconds
  Import took 0.026086 seconds .

========================================================================
Received Import Request.
  Time since last request: 0.000202 seconds.
  path: Assets/Pixel Adventure 2/Assets/Enemies/Rocks/Rock2_Hit (32x28).png
  artifactKey: Guid(92efab9bd840360409c373740e5e3482) Importer(815301076,1909f56bfc062723c751e8b465ee728b)
Start importing Assets/Pixel Adventure 2/Assets/Enemies/Rocks/Rock2_Hit (32x28).png using Guid(92efab9bd840360409c373740e5e3482) Importer(815301076,1909f56bfc062723c751e8b465ee728b)  -> (artifact id: 'e09045ce9e8d489b0e8132828c4e0e89') in 0.013862 seconds
  Import took 0.016566 seconds .

========================================================================
Received Import Request.
  Time since last request: 0.000226 seconds.
  path: Packages/com.unity.2d.animation/Editor/Assets/SkinningModule/Icons/Light/Split_Edge@2x.png
  artifactKey: Guid(3c84cd9c7ddd51c4b959d02c41aced07) Importer(815301076,1909f56bfc062723c751e8b465ee728b)
Start importing Packages/com.unity.2d.animation/Editor/Assets/SkinningModule/Icons/Light/Split_Edge@2x.png using Guid(3c84cd9c7ddd51c4b959d02c41aced07) Importer(815301076,1909f56bfc062723c751e8b465ee728b)  -> (artifact id: '64457bc3288d6e44f5fce9c3141b0479') in 0.021278 seconds
  Import took 0.023937 seconds .

========================================================================
Received Import Request.
  Time since last request: 0.000218 seconds.
  path: Assets/Knight Files/Effect & FireBalls/explosion_04.png
  artifactKey: Guid(296ac19e2147e67408eed4611d3f93f4) Importer(815301076,1909f56bfc062723c751e8b465ee728b)
Start importing Assets/Knight Files/Effect & FireBalls/explosion_04.png using Guid(296ac19e2147e67408eed4611d3f93f4) Importer(815301076,1909f56bfc062723c751e8b465ee728b)  -> (artifact id: 'bfed492c0c1b523be309b7e7ac598daa') in 0.015033 seconds
  Import took 0.018179 seconds .

========================================================================
Received Import Request.
  Time since last request: 0.000203 seconds.
  path: Packages/com.unity.2d.animation/Editor/Assets/SkinningModule/Icons/Dark/d_Paste@4x.png
  artifactKey: Guid(35a3340b835c797478eb139353421953) Importer(815301076,1909f56bfc062723c751e8b465ee728b)
Start importing Packages/com.unity.2d.animation/Editor/Assets/SkinningModule/Icons/Dark/d_Paste@4x.png using Guid(35a3340b835c797478eb139353421953) Importer(815301076,1909f56bfc062723c751e8b465ee728b)  -> (artifact id: '574788dd7346181d003554167dc52f54') in 0.021476 seconds
  Import took 0.024337 seconds .

========================================================================
Received Import Request.
  Time since last request: 0.000183 seconds.
  path: Packages/com.unity.2d.animation/Editor/Assets/SkinningModule/Icons/Light/character_Mode@3x.png
  artifactKey: Guid(17fa84703485d314b8d6b5216987d4b1) Importer(815301076,1909f56bfc062723c751e8b465ee728b)
Start importing Packages/com.unity.2d.animation/Editor/Assets/SkinningModule/Icons/Light/character_Mode@3x.png using Guid(17fa84703485d314b8d6b5216987d4b1) Importer(815301076,1909f56bfc062723c751e8b465ee728b)  -> (artifact id: '0e1d1afbd71867f43b9bcf8174dc4a9a') in 0.021053 seconds
  Import took 0.023664 seconds .

========================================================================
Received Import Request.
  Time since last request: 0.000200 seconds.
  path: Packages/com.unity.2d.spriteshape/Editor/ObjectMenuCreation/DefaultAssets/Textures/Sprite Shape Corner.png
  artifactKey: Guid(608e61deb05c54660bebf5a4dd2ee02d) Importer(815301076,1909f56bfc062723c751e8b465ee728b)
Start importing Packages/com.unity.2d.spriteshape/Editor/ObjectMenuCreation/DefaultAssets/Textures/Sprite Shape Corner.png using Guid(608e61deb05c54660bebf5a4dd2ee02d) Importer(815301076,1909f56bfc062723c751e8b465ee728b)  -> (artifact id: '527a6e755b82d19d5c71441f5d60aa0a') in 0.023444 seconds
  Import took 0.026013 seconds .

========================================================================
Received Import Request.
  Time since last request: 0.000314 seconds.
  path: Assets/Pixel Adventure 2/Assets/Enemies/Rocks/Rock3_Run (22x18).png
  artifactKey: Guid(6fb78d296f546aa4680350fd6e8e3315) Importer(815301076,1909f56bfc062723c751e8b465ee728b)
Start importing Assets/Pixel Adventure 2/Assets/Enemies/Rocks/Rock3_Run (22x18).png using Guid(6fb78d296f546aa4680350fd6e8e3315) Importer(815301076,1909f56bfc062723c751e8b465ee728b)  -> (artifact id: '660f6a098e140c5be69bbb832c7c512d') in 0.026263 seconds
  Import took 0.029039 seconds .

========================================================================
Received Import Request.
  Time since last request: 0.000186 seconds.
  path: Packages/com.unity.2d.animation/Editor/Assets/SkinningModule/Icons/Selected/Split Bones@3x.png
  artifactKey: Guid(29f90cd6202745c448e74a1398b1c731) Importer(815301076,1909f56bfc062723c751e8b465ee728b)
Start importing Packages/com.unity.2d.animation/Editor/Assets/SkinningModule/Icons/Selected/Split Bones@3x.png using Guid(29f90cd6202745c448e74a1398b1c731) Importer(815301076,1909f56bfc062723c751e8b465ee728b)  -> (artifact id: '1a660c4ba7d10fbe1c45b7cf46579c2b') in 0.024176 seconds
  Import took 0.026656 seconds .

========================================================================
Received Import Request.
  Time since last request: 0.000229 seconds.
  path: Assets/Pixel Adventure 2/Assets/Enemies/Snail/Snail without shell.png
  artifactKey: Guid(3aad790845ea9f14a9e5da10a5d3f856) Importer(815301076,1909f56bfc062723c751e8b465ee728b)
Start importing Assets/Pixel Adventure 2/Assets/Enemies/Snail/Snail without shell.png using Guid(3aad790845ea9f14a9e5da10a5d3f856) Importer(815301076,1909f56bfc062723c751e8b465ee728b)  -> (artifact id: 'cfabd2e13fe8e14c96796d66aa2ae13d') in 0.014450 seconds
  Import took 0.016849 seconds .

========================================================================
Received Import Request.
  Time since last request: 0.000191 seconds.
  path: Packages/com.unity.2d.animation/Editor/Assets/SkinningModule/Icons/Light/Split Bones.png
  artifactKey: Guid(59bc7a7ca0683ac439e255a533670885) Importer(815301076,1909f56bfc062723c751e8b465ee728b)
Start importing Packages/com.unity.2d.animation/Editor/Assets/SkinningModule/Icons/Light/Split Bones.png using Guid(59bc7a7ca0683ac439e255a533670885) Importer(815301076,1909f56bfc062723c751e8b465ee728b)  -> (artifact id: '0397e633cafe9e71b4c18ca0a101b6d7') in 0.022668 seconds
  Import took 0.025122 seconds .

========================================================================
Received Import Request.
  Time since last request: 0.000208 seconds.
  path: Packages/com.unity.2d.animation/Editor/Assets/SkinningModule/Icons/Dark/d_Bone_Influence@2x.png
  artifactKey: Guid(045a46ed7fd32804eb02dc411be96859) Importer(815301076,1909f56bfc062723c751e8b465ee728b)
Start importing Packages/com.unity.2d.animation/Editor/Assets/SkinningModule/Icons/Dark/d_Bone_Influence@2x.png using Guid(045a46ed7fd32804eb02dc411be96859) Importer(815301076,1909f56bfc062723c751e8b465ee728b)  -> (artifact id: '4cae75bffcdd46cf0bd7d69c30555a8a') in 0.021470 seconds
  Import took 0.024234 seconds .

========================================================================
Received Import Request.
  Time since last request: 0.000177 seconds.
  path: Assets/Knight Files/Effect & FireBalls/fireball_01.png
  artifactKey: Guid(2c961366528f28c458c619797d0bbb2f) Importer(815301076,1909f56bfc062723c751e8b465ee728b)
Start importing Assets/Knight Files/Effect & FireBalls/fireball_01.png using Guid(2c961366528f28c458c619797d0bbb2f) Importer(815301076,1909f56bfc062723c751e8b465ee728b)  -> (artifact id: '1ee95913fe8e2010ce67fc758cdaa5aa') in 0.013490 seconds
  Import took 0.015924 seconds .

========================================================================
Received Import Request.
  Time since last request: 0.000192 seconds.
  path: Packages/com.unity.2d.animation/Editor/Assets/SkinningModule/Icons/Selected/Split_Edge.png
  artifactKey: Guid(8800032f7e7cdd544b74849c80ce05d4) Importer(815301076,1909f56bfc062723c751e8b465ee728b)
Start importing Packages/com.unity.2d.animation/Editor/Assets/SkinningModule/Icons/Selected/Split_Edge.png using Guid(8800032f7e7cdd544b74849c80ce05d4) Importer(815301076,1909f56bfc062723c751e8b465ee728b)  -> (artifact id: '600964efa5c3be6f0551e4d76590d298') in 0.021685 seconds
  Import took 0.024292 seconds .

========================================================================
Received Import Request.
  Time since last request: 0.000185 seconds.
  path: Packages/com.unity.2d.animation/Editor/Assets/SkinningModule/Icons/Light/Sprite_Mode.png
  artifactKey: Guid(2ad84ec7182471b4d8c44de568e22df4) Importer(815301076,1909f56bfc062723c751e8b465ee728b)
Start importing Packages/com.unity.2d.animation/Editor/Assets/SkinningModule/Icons/Light/Sprite_Mode.png using Guid(2ad84ec7182471b4d8c44de568e22df4) Importer(815301076,1909f56bfc062723c751e8b465ee728b)  -> (artifact id: 'b2c62651296ab6b6bef80541e9dd8203') in 0.021769 seconds
  Import took 0.024375 seconds .

========================================================================
Received Import Request.
  Time since last request: 0.000192 seconds.
  path: Packages/com.unity.2d.animation/Editor/Assets/SkinningModule/Icons/Dark/d_Bone@4x.png
  artifactKey: Guid(246d7c7c8e9e6cf43893ae13c5a81bdf) Importer(815301076,1909f56bfc062723c751e8b465ee728b)
Start importing Packages/com.unity.2d.animation/Editor/Assets/SkinningModule/Icons/Dark/d_Bone@4x.png using Guid(246d7c7c8e9e6cf43893ae13c5a81bdf) Importer(815301076,1909f56bfc062723c751e8b465ee728b)  -> (artifact id: 'a737b232ce7bd91fe81cbc0e197f9f7f') in 0.022106 seconds
  Import took 0.024764 seconds .

========================================================================
Received Import Request.
  Time since last request: 0.000178 seconds.
  path: Packages/com.unity.2d.animation/Editor/Assets/SkinningModule/Icons/Light/Bone@4x.png
  artifactKey: Guid(9125c204f566db048a92ebcb64d9d14a) Importer(815301076,1909f56bfc062723c751e8b465ee728b)
Start importing Packages/com.unity.2d.animation/Editor/Assets/SkinningModule/Icons/Light/Bone@4x.png using Guid(9125c204f566db048a92ebcb64d9d14a) Importer(815301076,1909f56bfc062723c751e8b465ee728b)  -> (artifact id: '3df986d1058957c95a73a6befc0a0cf2') in 0.022804 seconds
  Import took 0.025220 seconds .

========================================================================
Received Import Request.
  Time since last request: 0.000202 seconds.
  path: Packages/com.unity.2d.animation/Editor/Assets/SkinningModule/Icons/Light/Create Bones.png
  artifactKey: Guid(0e5ae7fe3a07e88429a3e90897c6ab82) Importer(815301076,1909f56bfc062723c751e8b465ee728b)
Start importing Packages/com.unity.2d.animation/Editor/Assets/SkinningModule/Icons/Light/Create Bones.png using Guid(0e5ae7fe3a07e88429a3e90897c6ab82) Importer(815301076,1909f56bfc062723c751e8b465ee728b)  -> (artifact id: 'efede49d85a1eb2629ee8b28ef492f20') in 0.024085 seconds
  Import took 0.026607 seconds .

========================================================================
Received Import Request.
  Time since last request: 0.000183 seconds.
  path: Packages/com.unity.2d.animation/Editor/Assets/SkinningModule/Icons/Dark/d_Visibility_Tool@2x.png
  artifactKey: Guid(debf043892056974eaec3b42dfdda5b3) Importer(815301076,1909f56bfc062723c751e8b465ee728b)
Start importing Packages/com.unity.2d.animation/Editor/Assets/SkinningModule/Icons/Dark/d_Visibility_Tool@2x.png using Guid(debf043892056974eaec3b42dfdda5b3) Importer(815301076,1909f56bfc062723c751e8b465ee728b)  -> (artifact id: '7343d48597031d7c0ec4db0ccc64834e') in 0.024267 seconds
  Import took 0.026913 seconds .

========================================================================
Received Import Request.
  Time since last request: 0.000185 seconds.
  path: Packages/com.unity.2d.animation/Editor/Assets/SkinningModule/Icons/Dark/d_character_Mode@4x.png
  artifactKey: Guid(395f6b9556f14704790df6035be6ee3a) Importer(815301076,1909f56bfc062723c751e8b465ee728b)
Start importing Packages/com.unity.2d.animation/Editor/Assets/SkinningModule/Icons/Dark/d_character_Mode@4x.png using Guid(395f6b9556f14704790df6035be6ee3a) Importer(815301076,1909f56bfc062723c751e8b465ee728b)  -> (artifact id: '403979b7b2d49ad7c258c1bbcb391cb5') in 0.020445 seconds
  Import took 0.022947 seconds .

========================================================================
Received Import Request.
  Time since last request: 0.000185 seconds.
  path: Packages/com.unity.2d.animation/Editor/Assets/SkinningModule/Icons/Light/Copy@3x.png
  artifactKey: Guid(55ad4b6109677be42b239f450ce98c29) Importer(815301076,1909f56bfc062723c751e8b465ee728b)
Start importing Packages/com.unity.2d.animation/Editor/Assets/SkinningModule/Icons/Light/Copy@3x.png using Guid(55ad4b6109677be42b239f450ce98c29) Importer(815301076,1909f56bfc062723c751e8b465ee728b)  -> (artifact id: '235f354f64ccedd6858b8c9f2470e9e1') in 0.018776 seconds
  Import took 0.020997 seconds .

========================================================================
Received Import Request.
  Time since last request: 0.000211 seconds.
  path: Assets/Knight Files/Effect & FireBalls/dashwind_04.png
  artifactKey: Guid(11b06cbf4f893364d9735dbb77333dd5) Importer(815301076,1909f56bfc062723c751e8b465ee728b)
Start importing Assets/Knight Files/Effect & FireBalls/dashwind_04.png using Guid(11b06cbf4f893364d9735dbb77333dd5) Importer(815301076,1909f56bfc062723c751e8b465ee728b)  -> (artifact id: '8e1d6bd37f0f41bab8aba62f0a9dffaf') in 0.012809 seconds
  Import took 0.015097 seconds .

========================================================================
Received Import Request.
  Time since last request: 0.000196 seconds.
  path: Assets/Pixel Adventure 2/Assets/Enemies/Trunk/Attack (64x32).png
  artifactKey: Guid(44f61062668c947418daa0363265b222) Importer(815301076,1909f56bfc062723c751e8b465ee728b)
Start importing Assets/Pixel Adventure 2/Assets/Enemies/Trunk/Attack (64x32).png using Guid(44f61062668c947418daa0363265b222) Importer(815301076,1909f56bfc062723c751e8b465ee728b)  -> (artifact id: 'b867ebac557620196d948835767f349b') in 0.020008 seconds
  Import took 0.022410 seconds .

========================================================================
Received Import Request.
  Time since last request: 0.000185 seconds.
  path: Assets/Pixel Adventure 2/Assets/Enemies/Bee/Idle (36x34).png
  artifactKey: Guid(8721cbbfe3ba6a8418cd21a8de3a410c) Importer(815301076,1909f56bfc062723c751e8b465ee728b)
Start importing Assets/Pixel Adventure 2/Assets/Enemies/Bee/Idle (36x34).png using Guid(8721cbbfe3ba6a8418cd21a8de3a410c) Importer(815301076,1909f56bfc062723c751e8b465ee728b)  -> (artifact id: 'c3cfa5374692097709ff5089a8e1b873') in 0.016533 seconds
  Import took 0.018722 seconds .

========================================================================
Received Import Request.
  Time since last request: 0.000193 seconds.
  path: Assets/Knight Files/Effect & FireBalls/explosion_02.png
  artifactKey: Guid(a8a81f7163fa29442b63b47d751d64dd) Importer(815301076,1909f56bfc062723c751e8b465ee728b)
Start importing Assets/Knight Files/Effect & FireBalls/explosion_02.png using Guid(a8a81f7163fa29442b63b47d751d64dd) Importer(815301076,1909f56bfc062723c751e8b465ee728b)  -> (artifact id: '04de0482663915db1011ba10476ec8f0') in 0.015108 seconds
  Import took 0.017570 seconds .

========================================================================
Received Import Request.
  Time since last request: 0.000217 seconds.
  path: Packages/com.unity.2d.animation/Editor/Assets/SkinningModule/Icons/Light/Paste@3x.png
  artifactKey: Guid(2b072f285a732f747b9be104aae155b2) Importer(815301076,1909f56bfc062723c751e8b465ee728b)
Start importing Packages/com.unity.2d.animation/Editor/Assets/SkinningModule/Icons/Light/Paste@3x.png using Guid(2b072f285a732f747b9be104aae155b2) Importer(815301076,1909f56bfc062723c751e8b465ee728b)  -> (artifact id: 'a0672fbb3541c1c2d694b098cac2c812') in 0.024191 seconds
  Import took 0.027423 seconds .

========================================================================
Received Import Request.
  Time since last request: 0.000195 seconds.
  path: Assets/Pixel Adventure 2/Assets/Enemies/Chicken/Run (32x34).png
  artifactKey: Guid(505531a920a60324aa02b4ed57eba7a3) Importer(815301076,1909f56bfc062723c751e8b465ee728b)
Start importing Assets/Pixel Adventure 2/Assets/Enemies/Chicken/Run (32x34).png using Guid(505531a920a60324aa02b4ed57eba7a3) Importer(815301076,1909f56bfc062723c751e8b465ee728b)  -> (artifact id: 'e1a5e620f4dd2db19bc03270792ea843') in 0.037703 seconds
  Import took 0.040467 seconds .

========================================================================
Received Import Request.
  Time since last request: 0.000231 seconds.
  path: Assets/Pixel Adventure 2/Assets/Enemies/Bat/Ceiling In (46x30).png
  artifactKey: Guid(9cfc0116f92113a459a7e02f469b0abf) Importer(815301076,1909f56bfc062723c751e8b465ee728b)
Start importing Assets/Pixel Adventure 2/Assets/Enemies/Bat/Ceiling In (46x30).png using Guid(9cfc0116f92113a459a7e02f469b0abf) Importer(815301076,1909f56bfc062723c751e8b465ee728b)  -> (artifact id: '818ba4dc7b490ccf5458bc8719f5759c') in 0.030217 seconds
  Import took 0.033355 seconds .

========================================================================
Received Import Request.
  Time since last request: 0.000189 seconds.
  path: Assets/Knight Files/Effect & FireBalls/fireball_02.png
  artifactKey: Guid(827412c064980044da53686fae1670db) Importer(815301076,1909f56bfc062723c751e8b465ee728b)
Start importing Assets/Knight Files/Effect & FireBalls/fireball_02.png using Guid(827412c064980044da53686fae1670db) Importer(815301076,1909f56bfc062723c751e8b465ee728b)  -> (artifact id: 'f177c64d5247a6cbb3bdb008a53c4bce') in 0.017860 seconds
  Import took 0.021302 seconds .

========================================================================
Received Import Request.
  Time since last request: 0.000229 seconds.
  path: Packages/com.unity.2d.animation/Editor/Assets/SkinningModule/Icons/Selected/character_Mode@4x.png
  artifactKey: Guid(0ccc508108fa6ed4fa11b4a467d7f609) Importer(815301076,1909f56bfc062723c751e8b465ee728b)
Start importing Packages/com.unity.2d.animation/Editor/Assets/SkinningModule/Icons/Selected/character_Mode@4x.png using Guid(0ccc508108fa6ed4fa11b4a467d7f609) Importer(815301076,1909f56bfc062723c751e8b465ee728b)  -> (artifact id: '4dae38af5dbe27f0c36a5428c2065120') in 0.026223 seconds
  Import took 0.029007 seconds .

========================================================================
Received Import Request.
  Time since last request: 0.000183 seconds.
  path: Assets/Knight Files/Effect & FireBalls/dashwind_03.png
  artifactKey: Guid(b5396be67fea11741b097c1481fb5352) Importer(815301076,1909f56bfc062723c751e8b465ee728b)
Start importing Assets/Knight Files/Effect & FireBalls/dashwind_03.png using Guid(b5396be67fea11741b097c1481fb5352) Importer(815301076,1909f56bfc062723c751e8b465ee728b)  -> (artifact id: '15ccbd73ad66b1ec56e4192f2e80c3a9') in 0.014746 seconds
  Import took 0.017598 seconds .

========================================================================
Received Import Request.
  Time since last request: 0.000261 seconds.
  path: Packages/com.unity.2d.animation/Editor/Assets/SkinningModule/Icons/Selected/Split_Edge@4x.png
  artifactKey: Guid(8272ea7c59da847458432e7c88bf7766) Importer(815301076,1909f56bfc062723c751e8b465ee728b)
Start importing Packages/com.unity.2d.animation/Editor/Assets/SkinningModule/Icons/Selected/Split_Edge@4x.png using Guid(8272ea7c59da847458432e7c88bf7766) Importer(815301076,1909f56bfc062723c751e8b465ee728b)  -> (artifact id: '751409c274a5c980f25abef3ca6cfadb') in 0.025158 seconds
  Import took 0.027950 seconds .

========================================================================
Received Import Request.
  Time since last request: 0.000190 seconds.
  path: Packages/com.unity.2d.animation/Editor/Assets/SkinningModule/Icons/Light/Sprite_Mode@4x.png
  artifactKey: Guid(554a30a45860f494ca38586c54b7e5d9) Importer(815301076,1909f56bfc062723c751e8b465ee728b)
Start importing Packages/com.unity.2d.animation/Editor/Assets/SkinningModule/Icons/Light/Sprite_Mode@4x.png using Guid(554a30a45860f494ca38586c54b7e5d9) Importer(815301076,1909f56bfc062723c751e8b465ee728b)  -> (artifact id: '3185e482799b5b0f9d5e1f99abdb1511') in 0.026991 seconds
  Import took 0.029631 seconds .

========================================================================
Received Import Request.
  Time since last request: 0.000348 seconds.
  path: Packages/com.unity.2d.spriteshape/Editor/Handles/ss_leftrange.png
  artifactKey: Guid(9417efc47083f4a1598c1966a6345cdb) Importer(815301076,1909f56bfc062723c751e8b465ee728b)
Start importing Packages/com.unity.2d.spriteshape/Editor/Handles/ss_leftrange.png using Guid(9417efc47083f4a1598c1966a6345cdb) Importer(815301076,1909f56bfc062723c751e8b465ee728b)  -> (artifact id: 'ff2adb6ab019e595759535a845419285') in 0.026997 seconds
  Import took 0.029850 seconds .

========================================================================
Received Import Request.
  Time since last request: 0.000194 seconds.
  path: Packages/com.unity.2d.animation/Editor/Assets/SkinningModule/Icons/Dark/d_Generate_Weights@2x.png
  artifactKey: Guid(f7e651b449fe96f42badf0e18b738c78) Importer(815301076,1909f56bfc062723c751e8b465ee728b)
Start importing Packages/com.unity.2d.animation/Editor/Assets/SkinningModule/Icons/Dark/d_Generate_Weights@2x.png using Guid(f7e651b449fe96f42badf0e18b738c78) Importer(815301076,1909f56bfc062723c751e8b465ee728b)  -> (artifact id: '01d4f3cb03b87bb799fd57fb830ee249') in 0.024309 seconds
  Import took 0.026832 seconds .

========================================================================
Received Import Request.
  Time since last request: 0.000177 seconds.
  path: Packages/com.unity.2d.animation/Editor/Assets/SkinningModule/Icons/Selected/Create Bones.png
  artifactKey: Guid(7b86a539750e1a44ca7ec5b7f690babd) Importer(815301076,1909f56bfc062723c751e8b465ee728b)
Start importing Packages/com.unity.2d.animation/Editor/Assets/SkinningModule/Icons/Selected/Create Bones.png using Guid(7b86a539750e1a44ca7ec5b7f690babd) Importer(815301076,1909f56bfc062723c751e8b465ee728b)  -> (artifact id: '2590800238a8ee817bed21fc0bd292dc') in 0.022787 seconds
  Import took 0.025061 seconds .

========================================================================
Received Import Request.
  Time since last request: 0.000181 seconds.
  path: Packages/com.unity.2d.animation/Editor/Assets/SkinningModule/Icons/Light/Generate_Weights@4x.png
  artifactKey: Guid(a56b84f780e8aef439e9a83d60ca7420) Importer(815301076,1909f56bfc062723c751e8b465ee728b)
Start importing Packages/com.unity.2d.animation/Editor/Assets/SkinningModule/Icons/Light/Generate_Weights@4x.png using Guid(a56b84f780e8aef439e9a83d60ca7420) Importer(815301076,1909f56bfc062723c751e8b465ee728b)  -> (artifact id: 'ef790b6bef5e5d674fe2a27468d02f21') in 0.022083 seconds
  Import took 0.024330 seconds .

========================================================================
Received Import Request.
  Time since last request: 0.000185 seconds.
  path: Assets/Pixel Adventure 2/Assets/Enemies/Rocks/Rock1_Run (38x34).png
  artifactKey: Guid(d1c070b3909c48f449d850c642705e8f) Importer(815301076,1909f56bfc062723c751e8b465ee728b)
Start importing Assets/Pixel Adventure 2/Assets/Enemies/Rocks/Rock1_Run (38x34).png using Guid(d1c070b3909c48f449d850c642705e8f) Importer(815301076,1909f56bfc062723c751e8b465ee728b)  -> (artifact id: '6c07e0972da2922aecff5d83293e75ea') in 0.028654 seconds
  Import took 0.031143 seconds .

========================================================================
Received Import Request.
  Time since last request: 0.000207 seconds.
  path: Packages/com.unity.2d.animation/Editor/Assets/SkinningModule/Icons/Selected/Create_Vertex@4x.png
  artifactKey: Guid(6a7ac9e8c26b12440bf2b1da2ca97794) Importer(815301076,1909f56bfc062723c751e8b465ee728b)
Start importing Packages/com.unity.2d.animation/Editor/Assets/SkinningModule/Icons/Selected/Create_Vertex@4x.png using Guid(6a7ac9e8c26b12440bf2b1da2ca97794) Importer(815301076,1909f56bfc062723c751e8b465ee728b)  -> (artifact id: '3f5cd7a71b3bb47bc2b1a50e862547ae') in 0.022865 seconds
  Import took 0.025470 seconds .

========================================================================
Received Import Request.
  Time since last request: 0.000177 seconds.
  path: Packages/com.unity.2d.animation/Editor/Assets/SkinningModule/Icons/Light/Edit_Pose.png
  artifactKey: Guid(9369d4108c727134a8f5a9618cfbbf18) Importer(815301076,1909f56bfc062723c751e8b465ee728b)
Start importing Packages/com.unity.2d.animation/Editor/Assets/SkinningModule/Icons/Light/Edit_Pose.png using Guid(9369d4108c727134a8f5a9618cfbbf18) Importer(815301076,1909f56bfc062723c751e8b465ee728b)  -> (artifact id: '9ab90907cb614be36a87bdd61375ba34') in 0.022850 seconds
  Import took 0.025139 seconds .

========================================================================
Received Import Request.
  Time since last request: 0.000200 seconds.
  path: Packages/com.unity.2d.animation/Editor/Assets/SkinningModule/Icons/Dark/d_Paste.png
  artifactKey: Guid(7e00d2a7fc6d13b49bacb9663abfa3ae) Importer(815301076,1909f56bfc062723c751e8b465ee728b)
Start importing Packages/com.unity.2d.animation/Editor/Assets/SkinningModule/Icons/Dark/d_Paste.png using Guid(7e00d2a7fc6d13b49bacb9663abfa3ae) Importer(815301076,1909f56bfc062723c751e8b465ee728b)  -> (artifact id: 'a5186ee22cc78434801ac74ec77fc31a') in 0.020753 seconds
  Import took 0.023250 seconds .

========================================================================
Received Import Request.
  Time since last request: 0.000190 seconds.
  path: Packages/com.unity.2d.animation/Editor/Assets/SkinningModule/Icons/Selected/Paste@3x.png
  artifactKey: Guid(e6fe7bda78bd09a46bb7f4a684a91927) Importer(815301076,1909f56bfc062723c751e8b465ee728b)
Start importing Packages/com.unity.2d.animation/Editor/Assets/SkinningModule/Icons/Selected/Paste@3x.png using Guid(e6fe7bda78bd09a46bb7f4a684a91927) Importer(815301076,1909f56bfc062723c751e8b465ee728b)  -> (artifact id: 'c8d0cf701d5d5a60ede9a25d849c5065') in 0.023179 seconds
  Import took 0.025677 seconds .

========================================================================
Received Import Request.
  Time since last request: 0.000230 seconds.
  path: Packages/com.unity.2d.animation/Editor/Assets/SkinningModule/Icons/Dark/d_Create Bones.png
  artifactKey: Guid(b4b58192a0265df4980d56bf9054df08) Importer(815301076,1909f56bfc062723c751e8b465ee728b)
Start importing Packages/com.unity.2d.animation/Editor/Assets/SkinningModule/Icons/Dark/d_Create Bones.png using Guid(b4b58192a0265df4980d56bf9054df08) Importer(815301076,1909f56bfc062723c751e8b465ee728b)  -> (artifact id: 'b352e62307b8315cad266f48c226b665') in 0.021022 seconds
  Import took 0.023569 seconds .

========================================================================
Received Import Request.
  Time since last request: 0.000205 seconds.
  path: Packages/com.unity.2d.animation/Editor/Assets/SkinningModule/Icons/Light/Paste@2x.png
  artifactKey: Guid(54b8604d8a7085842917d5b83ca73854) Importer(815301076,1909f56bfc062723c751e8b465ee728b)
Start importing Packages/com.unity.2d.animation/Editor/Assets/SkinningModule/Icons/Light/Paste@2x.png using Guid(54b8604d8a7085842917d5b83ca73854) Importer(815301076,1909f56bfc062723c751e8b465ee728b)  -> (artifact id: 'b7482aefbb3024cd1d30424f2079fa05') in 0.023750 seconds
  Import took 0.025958 seconds .

========================================================================
Received Import Request.
  Time since last request: 0.000182 seconds.
  path: Packages/com.unity.2d.animation/Editor/Assets/SkinningModule/Icons/Light/Edit_Geometry@4x.png
  artifactKey: Guid(088ce4ab56060504083daeb4556a09c1) Importer(815301076,1909f56bfc062723c751e8b465ee728b)
Start importing Packages/com.unity.2d.animation/Editor/Assets/SkinningModule/Icons/Light/Edit_Geometry@4x.png using Guid(088ce4ab56060504083daeb4556a09c1) Importer(815301076,1909f56bfc062723c751e8b465ee728b)  -> (artifact id: '35abaddee79985a340b74e6003fd91ba') in 0.021968 seconds
  Import took 0.024236 seconds .

========================================================================
Received Import Request.
  Time since last request: 0.000198 seconds.
  path: Assets/Pixel Adventure 2/Assets/Enemies/AngryPig/Idle (36x30).png
  artifactKey: Guid(bb22e9cd7a3f50c41aa55c47dd8c2975) Importer(815301076,1909f56bfc062723c751e8b465ee728b)
Start importing Assets/Pixel Adventure 2/Assets/Enemies/AngryPig/Idle (36x30).png using Guid(bb22e9cd7a3f50c41aa55c47dd8c2975) Importer(815301076,1909f56bfc062723c751e8b465ee728b)  -> (artifact id: '5f981571e04e6b10ccf5d84167faf1f2') in 0.026892 seconds
  Import took 0.029245 seconds .

========================================================================
Received Import Request.
  Time since last request: 0.000196 seconds.
  path: Packages/com.unity.2d.animation/Editor/Assets/SkinningModule/Icons/Dark/d_Parent_Bone@4x.png
  artifactKey: Guid(c6601234a3b63ef4a9386f8182db5849) Importer(815301076,1909f56bfc062723c751e8b465ee728b)
Start importing Packages/com.unity.2d.animation/Editor/Assets/SkinningModule/Icons/Dark/d_Parent_Bone@4x.png using Guid(c6601234a3b63ef4a9386f8182db5849) Importer(815301076,1909f56bfc062723c751e8b465ee728b)  -> (artifact id: '826d3735eef496e2e8aae03acfeb6863') in 0.024817 seconds
  Import took 0.027239 seconds .

========================================================================
Received Import Request.
  Time since last request: 0.000185 seconds.
  path: Assets/Pixel Adventure 2/Assets/Enemies/Ghost/Gost Particles (16x16).png
  artifactKey: Guid(14048ba4b41a50449a2a86a01088f5e2) Importer(815301076,1909f56bfc062723c751e8b465ee728b)
Start importing Assets/Pixel Adventure 2/Assets/Enemies/Ghost/Gost Particles (16x16).png using Guid(14048ba4b41a50449a2a86a01088f5e2) Importer(815301076,1909f56bfc062723c751e8b465ee728b)  -> (artifact id: '6112de761da1ac14008be699a555bedb') in 0.018925 seconds
  Import took 0.021494 seconds .

========================================================================
Received Import Request.
  Time since last request: 0.000194 seconds.
  path: Assets/Pixel Adventure 2/Assets/Enemies/Bunny/Run (34x44).png
  artifactKey: Guid(aec37b825939c4640ba5db40252ff5e7) Importer(815301076,1909f56bfc062723c751e8b465ee728b)
Start importing Assets/Pixel Adventure 2/Assets/Enemies/Bunny/Run (34x44).png using Guid(aec37b825939c4640ba5db40252ff5e7) Importer(815301076,1909f56bfc062723c751e8b465ee728b)  -> (artifact id: 'bbdb3e38718a91e21b2561ea2bac29b9') in 0.037838 seconds
  Import took 0.040679 seconds .

========================================================================
Received Import Request.
  Time since last request: 0.000209 seconds.
  path: Packages/com.unity.2d.animation/Editor/Assets/SkinningModule/Icons/Light/Parent_Bone@2x.png
  artifactKey: Guid(fc9e5a25e0610a347b46fd10daa3f0cd) Importer(815301076,1909f56bfc062723c751e8b465ee728b)
Start importing Packages/com.unity.2d.animation/Editor/Assets/SkinningModule/Icons/Light/Parent_Bone@2x.png using Guid(fc9e5a25e0610a347b46fd10daa3f0cd) Importer(815301076,1909f56bfc062723c751e8b465ee728b)  -> (artifact id: '7300969ec85d2d083486595376df702f') in 0.027860 seconds
  Import took 0.030427 seconds .

========================================================================
Received Import Request.
  Time since last request: 0.000198 seconds.
  path: Packages/com.unity.2d.animation/Editor/Assets/SkinningModule/Icons/Light/Sprite_Mode@3x.png
  artifactKey: Guid(71d8b2e508f1d9947ba51013600a5eac) Importer(815301076,1909f56bfc062723c751e8b465ee728b)
Start importing Packages/com.unity.2d.animation/Editor/Assets/SkinningModule/Icons/Light/Sprite_Mode@3x.png using Guid(71d8b2e508f1d9947ba51013600a5eac) Importer(815301076,1909f56bfc062723c751e8b465ee728b)  -> (artifact id: 'cf97e62712c39e859c4a3874fc9d36fd') in 0.025329 seconds
  Import took 0.027818 seconds .

========================================================================
Received Import Request.
  Time since last request: 0.000207 seconds.
  path: Assets/Pixel Adventure 2/Assets/Enemies/FatBird/Hit (40x48).png
  artifactKey: Guid(6800e71ba0f7fb540975b565c43a1930) Importer(815301076,1909f56bfc062723c751e8b465ee728b)
Start importing Assets/Pixel Adventure 2/Assets/Enemies/FatBird/Hit (40x48).png using Guid(6800e71ba0f7fb540975b565c43a1930) Importer(815301076,1909f56bfc062723c751e8b465ee728b)  -> (artifact id: '83692fa50007ef0dd7504e3882bf1eb4') in 0.018324 seconds
  Import took 0.020705 seconds .

========================================================================
Received Import Request.
  Time since last request: 0.000182 seconds.
  path: Packages/com.unity.2d.animation/Editor/Assets/SkinningModule/Icons/Selected/Sprite_Mode.png
  artifactKey: Guid(ca778bc7303b24948abf3e907abbf2a0) Importer(815301076,1909f56bfc062723c751e8b465ee728b)
Start importing Packages/com.unity.2d.animation/Editor/Assets/SkinningModule/Icons/Selected/Sprite_Mode.png using Guid(ca778bc7303b24948abf3e907abbf2a0) Importer(815301076,1909f56bfc062723c751e8b465ee728b)  -> (artifact id: 'b4a59b6fb5eea9f12c28f6d579f60616') in 0.022216 seconds
  Import took 0.024749 seconds .

========================================================================
Received Import Request.
  Time since last request: 0.000211 seconds.
  path: Assets/Pixel Adventure 2/Assets/Enemies/Trunk/Bullet.png
  artifactKey: Guid(f817ba5aabd773e4f914480bdd62d0c8) Importer(815301076,1909f56bfc062723c751e8b465ee728b)
Start importing Assets/Pixel Adventure 2/Assets/Enemies/Trunk/Bullet.png using Guid(f817ba5aabd773e4f914480bdd62d0c8) Importer(815301076,1909f56bfc062723c751e8b465ee728b)  -> (artifact id: '115cba890b462f7d996d3dd571b4b8a4') in 0.013439 seconds
  Import took 0.015962 seconds .

========================================================================
Received Import Request.
  Time since last request: 0.000194 seconds.
  path: Assets/Pixel Adventure 2/Assets/Enemies/AngryPig/Run (36x30).png
  artifactKey: Guid(6991e54fe8bb5724bafb4aba16583d49) Importer(815301076,1909f56bfc062723c751e8b465ee728b)
Start importing Assets/Pixel Adventure 2/Assets/Enemies/AngryPig/Run (36x30).png using Guid(6991e54fe8bb5724bafb4aba16583d49) Importer(815301076,1909f56bfc062723c751e8b465ee728b)  -> (artifact id: '3e11d361bfff855a49bf7be5a099e698') in 0.029852 seconds
  Import took 0.032116 seconds .

========================================================================
Received Import Request.
  Time since last request: 0.000228 seconds.
  path: Packages/com.unity.2d.animation/Editor/Assets/SkinningModule/Icons/Dark/d_Weight_Slider.png
  artifactKey: Guid(dce15ef65ee3c394cb6cc78d4d70b6d9) Importer(815301076,1909f56bfc062723c751e8b465ee728b)
Start importing Packages/com.unity.2d.animation/Editor/Assets/SkinningModule/Icons/Dark/d_Weight_Slider.png using Guid(dce15ef65ee3c394cb6cc78d4d70b6d9) Importer(815301076,1909f56bfc062723c751e8b465ee728b)  -> (artifact id: '81db1f55e893c3fa6178b200873cb016') in 0.022790 seconds
  Import took 0.025217 seconds .

========================================================================
Received Import Request.
  Time since last request: 0.000176 seconds.
  path: Assets/Sprites/Pixel Adventure 1/Assets/Items/Fruits/Cherries.png
  artifactKey: Guid(3d6be91968cb95546ac95aeff5e52f84) Importer(815301076,1909f56bfc062723c751e8b465ee728b)
Start importing Assets/Sprites/Pixel Adventure 1/Assets/Items/Fruits/Cherries.png using Guid(3d6be91968cb95546ac95aeff5e52f84) Importer(815301076,1909f56bfc062723c751e8b465ee728b)  -> (artifact id: 'ba4a894261e5ea0e3227bf37b8a875b6') in 0.040687 seconds
  Import took 0.042927 seconds .

========================================================================
Received Import Request.
  Time since last request: 0.000185 seconds.
  path: Packages/com.unity.2d.animation/Editor/Assets/SkinningModule/Icons/Light/Create_Edge.png
  artifactKey: Guid(1af9d2e44ecf3a2468601c9071df581f) Importer(815301076,1909f56bfc062723c751e8b465ee728b)
Start importing Packages/com.unity.2d.animation/Editor/Assets/SkinningModule/Icons/Light/Create_Edge.png using Guid(1af9d2e44ecf3a2468601c9071df581f) Importer(815301076,1909f56bfc062723c751e8b465ee728b)  -> (artifact id: 'd86284518b4d516fc255477381ae898d') in 0.020389 seconds
  Import took 0.022831 seconds .

========================================================================
Received Import Request.
  Time since last request: 0.000179 seconds.
  path: Packages/com.unity.2d.animation/Editor/Assets/SkinningModule/Icons/Dark/d_Split_Edge.png
  artifactKey: Guid(0530bfa18fbf4a140b3a604c988a9a4b) Importer(815301076,1909f56bfc062723c751e8b465ee728b)
Start importing Packages/com.unity.2d.animation/Editor/Assets/SkinningModule/Icons/Dark/d_Split_Edge.png using Guid(0530bfa18fbf4a140b3a604c988a9a4b) Importer(815301076,1909f56bfc062723c751e8b465ee728b)  -> (artifact id: 'd4f03f92d3ffeb5b1d915f5344a9a5c1') in 0.021767 seconds
  Import took 0.023953 seconds .

========================================================================
Received Import Request.
  Time since last request: 0.000179 seconds.
  path: Assets/Pixel Adventure 2/Assets/Enemies/AngryPig/Hit 2 (36x30).png
  artifactKey: Guid(2083775e9a6509343b255038448305be) Importer(815301076,1909f56bfc062723c751e8b465ee728b)
Start importing Assets/Pixel Adventure 2/Assets/Enemies/AngryPig/Hit 2 (36x30).png using Guid(2083775e9a6509343b255038448305be) Importer(815301076,1909f56bfc062723c751e8b465ee728b)  -> (artifact id: 'acdbd1b26e35096d82a4247ae1c5e813') in 0.019098 seconds
  Import took 0.021443 seconds .

========================================================================
Received Import Request.
  Time since last request: 0.000195 seconds.
  path: Packages/com.unity.2d.animation/Editor/Assets/SkinningModule/Icons/Dark/d_Mesh.png
  artifactKey: Guid(f4e90b0a1e5a5bc46897cdcf5a142111) Importer(815301076,1909f56bfc062723c751e8b465ee728b)
Start importing Packages/com.unity.2d.animation/Editor/Assets/SkinningModule/Icons/Dark/d_Mesh.png using Guid(f4e90b0a1e5a5bc46897cdcf5a142111) Importer(815301076,1909f56bfc062723c751e8b465ee728b)  -> (artifact id: '6a88d54f7111c32a8eb7395b9f363171') in 0.019512 seconds
  Import took 0.021954 seconds .

========================================================================
Received Import Request.
  Time since last request: 0.000185 seconds.
  path: Packages/com.unity.2d.animation/Editor/Assets/SkinningModule/Icons/Light/Bone@2x.png
  artifactKey: Guid(d6a44ab95b0def041a7929981a2c23a1) Importer(815301076,1909f56bfc062723c751e8b465ee728b)
Start importing Packages/com.unity.2d.animation/Editor/Assets/SkinningModule/Icons/Light/Bone@2x.png using Guid(d6a44ab95b0def041a7929981a2c23a1) Importer(815301076,1909f56bfc062723c751e8b465ee728b)  -> (artifact id: 'a3d3aeb6db0ba5db7200271f1b2f4858') in 0.023064 seconds
  Import took 0.025569 seconds .

========================================================================
Received Import Request.
  Time since last request: 0.000170 seconds.
  path: Packages/com.unity.2d.animation/Editor/Assets/SkinningModule/Icons/Dark/d_Bone_Influence.png
  artifactKey: Guid(c037c4c58e8d8c34ca9bf121abb7ee49) Importer(815301076,1909f56bfc062723c751e8b465ee728b)
Start importing Packages/com.unity.2d.animation/Editor/Assets/SkinningModule/Icons/Dark/d_Bone_Influence.png using Guid(c037c4c58e8d8c34ca9bf121abb7ee49) Importer(815301076,1909f56bfc062723c751e8b465ee728b)  -> (artifact id: 'e43aa8ee090f127d18388089ff814102') in 0.021733 seconds
  Import took 0.023962 seconds .

========================================================================
Received Import Request.
  Time since last request: 0.000194 seconds.
  path: Packages/com.unity.2d.animation/Editor/Assets/SkinningModule/Icons/Dark/d_Create_Vertex@4x.png
  artifactKey: Guid(2ced226d9df062547882002f633ab6ee) Importer(815301076,1909f56bfc062723c751e8b465ee728b)
Start importing Packages/com.unity.2d.animation/Editor/Assets/SkinningModule/Icons/Dark/d_Create_Vertex@4x.png using Guid(2ced226d9df062547882002f633ab6ee) Importer(815301076,1909f56bfc062723c751e8b465ee728b)  -> (artifact id: 'bf459836d9e2956606e1808645b022dd') in 0.022512 seconds
  Import took 0.024920 seconds .

========================================================================
Received Import Request.
  Time since last request: 0.000186 seconds.
  path: Packages/com.unity.2d.animation/Editor/Assets/SkinningModule/Icons/Light/Copy@4x.png
  artifactKey: Guid(5430b5412bcac5b4986be0a875a5e978) Importer(815301076,1909f56bfc062723c751e8b465ee728b)
Start importing Packages/com.unity.2d.animation/Editor/Assets/SkinningModule/Icons/Light/Copy@4x.png using Guid(5430b5412bcac5b4986be0a875a5e978) Importer(815301076,1909f56bfc062723c751e8b465ee728b)  -> (artifact id: '669f2c12a2d5d66e6c05d4c2f0f19636') in 0.022216 seconds
  Import took 0.024422 seconds .

========================================================================
Received Import Request.
  Time since last request: 0.000208 seconds.
  path: Packages/com.unity.2d.animation/Editor/Assets/SkinningModule/Icons/Light/Parent_Bone@3x.png
  artifactKey: Guid(a316f87205656c949a135f4c7ae8d5f2) Importer(815301076,1909f56bfc062723c751e8b465ee728b)
Start importing Packages/com.unity.2d.animation/Editor/Assets/SkinningModule/Icons/Light/Parent_Bone@3x.png using Guid(a316f87205656c949a135f4c7ae8d5f2) Importer(815301076,1909f56bfc062723c751e8b465ee728b)  -> (artifact id: '48da7f30587ea4e45578e55b5fe05d9e') in 0.021318 seconds
  Import took 0.023832 seconds .

========================================================================
Received Import Request.
  Time since last request: 0.000188 seconds.
  path: Packages/com.unity.2d.animation/Editor/Assets/SkinningModule/Icons/Light/Edit_Joints.png
  artifactKey: Guid(e7b30dca77466b8478690c280b0010ea) Importer(815301076,1909f56bfc062723c751e8b465ee728b)
Start importing Packages/com.unity.2d.animation/Editor/Assets/SkinningModule/Icons/Light/Edit_Joints.png using Guid(e7b30dca77466b8478690c280b0010ea) Importer(815301076,1909f56bfc062723c751e8b465ee728b)  -> (artifact id: 'f736d405dec67984c90526ee912db698') in 0.021875 seconds
  Import took 0.024206 seconds .

========================================================================
Received Import Request.
  Time since last request: 0.000189 seconds.
  path: Packages/com.unity.2d.animation/Editor/Assets/SkinningModule/Icons/Light/Parent_Bone@4x.png
  artifactKey: Guid(d0604e80537a4ff4881a6182ae5afe7c) Importer(815301076,1909f56bfc062723c751e8b465ee728b)
Start importing Packages/com.unity.2d.animation/Editor/Assets/SkinningModule/Icons/Light/Parent_Bone@4x.png using Guid(d0604e80537a4ff4881a6182ae5afe7c) Importer(815301076,1909f56bfc062723c751e8b465ee728b)  -> (artifact id: '924b0de799a27f89f6184e6aaac5a855') in 0.022245 seconds
  Import took 0.024512 seconds .

========================================================================
Received Import Request.
  Time since last request: 0.000168 seconds.
  path: Packages/com.unity.2d.animation/Editor/Assets/SkinningModule/Icons/Selected/Generate_Weights@2x.png
  artifactKey: Guid(ba75d79a1a0723e488112808560789b7) Importer(815301076,1909f56bfc062723c751e8b465ee728b)
Start importing Packages/com.unity.2d.animation/Editor/Assets/SkinningModule/Icons/Selected/Generate_Weights@2x.png using Guid(ba75d79a1a0723e488112808560789b7) Importer(815301076,1909f56bfc062723c751e8b465ee728b)  -> (artifact id: 'e51b8c81da90bc690123655e3fab5caf') in 0.021322 seconds
  Import took 0.023831 seconds .

========================================================================
Received Import Request.
  Time since last request: 0.000443 seconds.
  path: Packages/com.unity.2d.animation/Editor/Assets/SkinningModule/Icons/Selected/Sprite_Mode@3x.png
  artifactKey: Guid(ea833d779996e3244b3b567764be9cf0) Importer(815301076,1909f56bfc062723c751e8b465ee728b)
Start importing Packages/com.unity.2d.animation/Editor/Assets/SkinningModule/Icons/Selected/Sprite_Mode@3x.png using Guid(ea833d779996e3244b3b567764be9cf0) Importer(815301076,1909f56bfc062723c751e8b465ee728b)  -> (artifact id: 'a29a64f17bd7fb2300955eb631baa000') in 0.022156 seconds
  Import took 0.024742 seconds .

========================================================================
Received Import Request.
  Time since last request: 0.000187 seconds.
  path: Packages/com.unity.2d.animation/Editor/Assets/SkinningModule/Icons/Selected/d_Visibility_Hidded@4x.png
  artifactKey: Guid(8008767850e870a4e8baaf5a6fc8b35c) Importer(815301076,1909f56bfc062723c751e8b465ee728b)
Start importing Packages/com.unity.2d.animation/Editor/Assets/SkinningModule/Icons/Selected/d_Visibility_Hidded@4x.png using Guid(8008767850e870a4e8baaf5a6fc8b35c) Importer(815301076,1909f56bfc062723c751e8b465ee728b)  -> (artifact id: '1683e70950aeaf2090dde75351f3fa7a') in 0.022015 seconds
  Import took 0.024396 seconds .

========================================================================
Received Import Request.
  Time since last request: 0.000197 seconds.
  path: Packages/com.unity.2d.animation/Editor/Assets/SkinningModule/Icons/Dark/d_Split Bones.png
  artifactKey: Guid(3e98b5bf8fbc84d4bafe25706ebcde8a) Importer(815301076,1909f56bfc062723c751e8b465ee728b)
Start importing Packages/com.unity.2d.animation/Editor/Assets/SkinningModule/Icons/Dark/d_Split Bones.png using Guid(3e98b5bf8fbc84d4bafe25706ebcde8a) Importer(815301076,1909f56bfc062723c751e8b465ee728b)  -> (artifact id: '6d2e743298fa4b406516a227738ba4fe') in 0.021492 seconds
  Import took 0.023753 seconds .

========================================================================
Received Import Request.
  Time since last request: 0.000204 seconds.
  path: Packages/com.unity.2d.animation/Editor/Assets/SkinningModule/Icons/Light/Create Bones@4x.png
  artifactKey: Guid(f618c5fe13b18994aa5aee8b97d8dca1) Importer(815301076,1909f56bfc062723c751e8b465ee728b)
Start importing Packages/com.unity.2d.animation/Editor/Assets/SkinningModule/Icons/Light/Create Bones@4x.png using Guid(f618c5fe13b18994aa5aee8b97d8dca1) Importer(815301076,1909f56bfc062723c751e8b465ee728b)  -> (artifact id: '1d68d4aba629a10aab312534236000ad') in 0.021866 seconds
  Import took 0.024253 seconds .

========================================================================
Received Import Request.
  Time since last request: 0.000211 seconds.
  path: Assets/Knight Files/Effect & FireBalls/explosion_05.png
  artifactKey: Guid(82e10937dee60ac49aab93107e008888) Importer(815301076,1909f56bfc062723c751e8b465ee728b)
Start importing Assets/Knight Files/Effect & FireBalls/explosion_05.png using Guid(82e10937dee60ac49aab93107e008888) Importer(815301076,1909f56bfc062723c751e8b465ee728b)  -> (artifact id: '37c678bd9122a0d08d4b331fb20ba385') in 0.015054 seconds
  Import took 0.017472 seconds .

========================================================================
Received Import Request.
  Time since last request: 0.000193 seconds.
  path: Packages/com.unity.2d.animation/Editor/Assets/SkinningModule/Icons/Selected/Edit_Pose.png
  artifactKey: Guid(9844a6aa871b23547892e819f4dd55c3) Importer(815301076,1909f56bfc062723c751e8b465ee728b)
Start importing Packages/com.unity.2d.animation/Editor/Assets/SkinningModule/Icons/Selected/Edit_Pose.png using Guid(9844a6aa871b23547892e819f4dd55c3) Importer(815301076,1909f56bfc062723c751e8b465ee728b)  -> (artifact id: '1e5362d26498dcf459d3272fd12334ed') in 0.022050 seconds
  Import took 0.024549 seconds .

========================================================================
Received Import Request.
  Time since last request: 0.000222 seconds.
  path: Packages/com.unity.2d.animation/Editor/Assets/SkinningModule/Icons/Light/Edit_Pose@3x.png
  artifactKey: Guid(32854586e42553846b24646ce18cf625) Importer(815301076,1909f56bfc062723c751e8b465ee728b)
Start importing Packages/com.unity.2d.animation/Editor/Assets/SkinningModule/Icons/Light/Edit_Pose@3x.png using Guid(32854586e42553846b24646ce18cf625) Importer(815301076,1909f56bfc062723c751e8b465ee728b)  -> (artifact id: '6fbe8eec3c9f2316a52cf94522092571') in 0.022351 seconds
  Import took 0.024789 seconds .

========================================================================
Received Import Request.
  Time since last request: 0.000185 seconds.
  path: Packages/com.unity.2d.animation/Editor/Assets/SkinningModule/Icons/Dark/d_Copy.png
  artifactKey: Guid(69fdfe6d8e206134a83223383472ff48) Importer(815301076,1909f56bfc062723c751e8b465ee728b)
Start importing Packages/com.unity.2d.animation/Editor/Assets/SkinningModule/Icons/Dark/d_Copy.png using Guid(69fdfe6d8e206134a83223383472ff48) Importer(815301076,1909f56bfc062723c751e8b465ee728b)  -> (artifact id: '4a758800ed733dacc847d4473a7a28ec') in 0.020145 seconds
  Import took 0.022467 seconds .

========================================================================
Received Import Request.
  Time since last request: 0.000195 seconds.
  path: Packages/com.unity.2d.animation/Editor/Assets/SkinningModule/Icons/Selected/d_Visibility_Tool@2x.png
  artifactKey: Guid(a9e89ee3f041fa5459a4e78b37d1e58e) Importer(815301076,1909f56bfc062723c751e8b465ee728b)
Start importing Packages/com.unity.2d.animation/Editor/Assets/SkinningModule/Icons/Selected/d_Visibility_Tool@2x.png using Guid(a9e89ee3f041fa5459a4e78b37d1e58e) Importer(815301076,1909f56bfc062723c751e8b465ee728b)  -> (artifact id: '9e4b58a93b1d888ea0e550378959c4f7') in 0.022312 seconds
  Import took 0.024719 seconds .

========================================================================
Received Import Request.
  Time since last request: 0.000204 seconds.
  path: Assets/Sprites/Pixel Adventure 1/Assets/Items/Fruits/Strawberry.png
  artifactKey: Guid(a2c110585eb710b408972fbc3b96136d) Importer(815301076,1909f56bfc062723c751e8b465ee728b)
Start importing Assets/Sprites/Pixel Adventure 1/Assets/Items/Fruits/Strawberry.png using Guid(a2c110585eb710b408972fbc3b96136d) Importer(815301076,1909f56bfc062723c751e8b465ee728b)  -> (artifact id: '3bf617a4212c2ac36d569091e5f1cc39') in 0.040308 seconds
  Import took 0.042883 seconds .

========================================================================
Received Import Request.
  Time since last request: 0.000190 seconds.
  path: Assets/Sprites/Pixel Adventure 1/Assets/Main Characters/Virtual Guy/Run (32x32).png
  artifactKey: Guid(552146dbb8bac6f449493bca4b69540f) Importer(815301076,1909f56bfc062723c751e8b465ee728b)
Start importing Assets/Sprites/Pixel Adventure 1/Assets/Main Characters/Virtual Guy/Run (32x32).png using Guid(552146dbb8bac6f449493bca4b69540f) Importer(815301076,1909f56bfc062723c751e8b465ee728b)  -> (artifact id: 'cf0fd5aae4319483bcdd5d3d7a1a1a27') in 0.032143 seconds
  Import took 0.034476 seconds .

========================================================================
Received Import Request.
  Time since last request: 0.000209 seconds.
  path: Assets/Pixel Adventure 2/Assets/Enemies/Plant/Bullet.png
  artifactKey: Guid(d700391178f61c3488cd257e7e7a81bf) Importer(815301076,1909f56bfc062723c751e8b465ee728b)
Start importing Assets/Pixel Adventure 2/Assets/Enemies/Plant/Bullet.png using Guid(d700391178f61c3488cd257e7e7a81bf) Importer(815301076,1909f56bfc062723c751e8b465ee728b)  -> (artifact id: '5bea2aa87590e6f9af15dc9d30242fd6') in 0.012591 seconds
  Import took 0.015138 seconds .

========================================================================
Received Import Request.
  Time since last request: 0.000213 seconds.
  path: Assets/Sprites/Pixel Adventure 1/Assets/Main Characters/Mask Dude/Run (32x32).png
  artifactKey: Guid(97d5ce53f3ac76e4888319c6a53c7ff3) Importer(815301076,1909f56bfc062723c751e8b465ee728b)
Start importing Assets/Sprites/Pixel Adventure 1/Assets/Main Characters/Mask Dude/Run (32x32).png using Guid(97d5ce53f3ac76e4888319c6a53c7ff3) Importer(815301076,1909f56bfc062723c751e8b465ee728b)  -> (artifact id: '26f7bd9396210c6a0aa8f87b5d43de0e') in 0.035692 seconds
  Import took 0.038426 seconds .

========================================================================
Received Import Request.
  Time since last request: 0.000188 seconds.
  path: Assets/Pixel Adventure 2/Assets/Enemies/Radish/Run (30x38).png
  artifactKey: Guid(3714f31227c136a4ab2e9544f5e109d4) Importer(815301076,1909f56bfc062723c751e8b465ee728b)
Start importing Assets/Pixel Adventure 2/Assets/Enemies/Radish/Run (30x38).png using Guid(3714f31227c136a4ab2e9544f5e109d4) Importer(815301076,1909f56bfc062723c751e8b465ee728b)  -> (artifact id: '3149e50239eacee3157e094cc0217b50') in 0.027548 seconds
  Import took 0.030053 seconds .

========================================================================
Received Import Request.
  Time since last request: 0.000231 seconds.
  path: Packages/com.unity.2d.animation/Editor/Assets/SkinningModule/Icons/Dark/d_Mesh@4x.png
  artifactKey: Guid(39b89ea328c2cad4abef27aedb17a4a3) Importer(815301076,1909f56bfc062723c751e8b465ee728b)
Start importing Packages/com.unity.2d.animation/Editor/Assets/SkinningModule/Icons/Dark/d_Mesh@4x.png using Guid(39b89ea328c2cad4abef27aedb17a4a3) Importer(815301076,1909f56bfc062723c751e8b465ee728b)  -> (artifact id: '51535bf857782292ee390190458ae094') in 0.021973 seconds
  Import took 0.024490 seconds .

========================================================================
Received Import Request.
  Time since last request: 0.000272 seconds.
  path: Packages/com.unity.2d.animation/Editor/Assets/SkinningModule/Icons/Light/Edit_Joints@2x.png
  artifactKey: Guid(2fc7298673dedaa4a9f850a8ca46e299) Importer(815301076,1909f56bfc062723c751e8b465ee728b)
Start importing Packages/com.unity.2d.animation/Editor/Assets/SkinningModule/Icons/Light/Edit_Joints@2x.png using Guid(2fc7298673dedaa4a9f850a8ca46e299) Importer(815301076,1909f56bfc062723c751e8b465ee728b)  -> (artifact id: '47d5ebcbb73ec398b945e86d2dc827ee') in 0.021007 seconds
  Import took 0.023418 seconds .

========================================================================
Received Import Request.
  Time since last request: 0.000187 seconds.
  path: Assets/Pixel Adventure 2/Assets/Enemies/Bee/Hit (36x34).png
  artifactKey: Guid(2ee221a4e4a19ac479fcbde053eb8d60) Importer(815301076,1909f56bfc062723c751e8b465ee728b)
Start importing Assets/Pixel Adventure 2/Assets/Enemies/Bee/Hit (36x34).png using Guid(2ee221a4e4a19ac479fcbde053eb8d60) Importer(815301076,1909f56bfc062723c751e8b465ee728b)  -> (artifact id: 'c304cc3f5d24e472329684277c119878') in 0.020014 seconds
  Import took 0.022968 seconds .

========================================================================
Received Import Request.
  Time since last request: 0.000238 seconds.
  path: Packages/com.unity.2d.animation/Editor/Assets/SkinningModule/Icons/Selected/Split Bones.png
  artifactKey: Guid(f723a6284838af1429bbb544ecf4015d) Importer(815301076,1909f56bfc062723c751e8b465ee728b)
Start importing Packages/com.unity.2d.animation/Editor/Assets/SkinningModule/Icons/Selected/Split Bones.png using Guid(f723a6284838af1429bbb544ecf4015d) Importer(815301076,1909f56bfc062723c751e8b465ee728b)  -> (artifact id: 'bd2eb64d7e0b85f6839c5a28b28766e9') in 0.021612 seconds
  Import took 0.024522 seconds .

========================================================================
Received Import Request.
  Time since last request: 0.000186 seconds.
  path: Packages/com.unity.2d.animation/Editor/Assets/SkinningModule/Icons/Dark/d_Create_Edge@3x.png
  artifactKey: Guid(9d68cf945428ac2448d4c657f30b31cc) Importer(815301076,1909f56bfc062723c751e8b465ee728b)
Start importing Packages/com.unity.2d.animation/Editor/Assets/SkinningModule/Icons/Dark/d_Create_Edge@3x.png using Guid(9d68cf945428ac2448d4c657f30b31cc) Importer(815301076,1909f56bfc062723c751e8b465ee728b)  -> (artifact id: '158af124b0354966dd1f2210bbb14228') in 0.021375 seconds
  Import took 0.023578 seconds .

========================================================================
Received Import Request.
  Time since last request: 0.000219 seconds.
  path: Packages/com.unity.2d.animation/Editor/Assets/SkinningModule/Icons/Selected/Create_Edge@4x.png
  artifactKey: Guid(3458c119c69e9bc4f9647599c2901dee) Importer(815301076,1909f56bfc062723c751e8b465ee728b)
Start importing Packages/com.unity.2d.animation/Editor/Assets/SkinningModule/Icons/Selected/Create_Edge@4x.png using Guid(3458c119c69e9bc4f9647599c2901dee) Importer(815301076,1909f56bfc062723c751e8b465ee728b)  -> (artifact id: '148336c7ba884744c27177b57201535e') in 0.021121 seconds
  Import took 0.023587 seconds .

========================================================================
Received Import Request.
  Time since last request: 0.000197 seconds.
  path: Packages/com.unity.2d.animation/Editor/Assets/SkinningModule/Icons/Light/character_Mode@4x.png
  artifactKey: Guid(748ae8b33df036b46a86e0387f1602cf) Importer(815301076,1909f56bfc062723c751e8b465ee728b)
Start importing Packages/com.unity.2d.animation/Editor/Assets/SkinningModule/Icons/Light/character_Mode@4x.png using Guid(748ae8b33df036b46a86e0387f1602cf) Importer(815301076,1909f56bfc062723c751e8b465ee728b)  -> (artifact id: 'd48f75af8581a79474756fba03a74c1c') in 0.021288 seconds
  Import took 0.023621 seconds .

========================================================================
Received Import Request.
  Time since last request: 0.000209 seconds.
  path: Assets/Pixel Adventure 2/Assets/Enemies/Rocks/Rock2_Run (32x28).png
  artifactKey: Guid(341181c8b3919d64b850c988c806bd91) Importer(815301076,1909f56bfc062723c751e8b465ee728b)
Start importing Assets/Pixel Adventure 2/Assets/Enemies/Rocks/Rock2_Run (32x28).png using Guid(341181c8b3919d64b850c988c806bd91) Importer(815301076,1909f56bfc062723c751e8b465ee728b)  -> (artifact id: '74d81e063d365c3b276db9b6dfec3a3a') in 0.029191 seconds
  Import took 0.031625 seconds .

========================================================================
Received Import Request.
  Time since last request: 0.000176 seconds.
  path: Packages/com.unity.2d.animation/Editor/Assets/SkinningModule/Icons/Selected/d_Bone@2x.png
  artifactKey: Guid(24cf210708c57674b894af3341b1738b) Importer(815301076,1909f56bfc062723c751e8b465ee728b)
Start importing Packages/com.unity.2d.animation/Editor/Assets/SkinningModule/Icons/Selected/d_Bone@2x.png using Guid(24cf210708c57674b894af3341b1738b) Importer(815301076,1909f56bfc062723c751e8b465ee728b)  -> (artifact id: '6fe8bf4baa000f3bebcaf4cb452a040a') in 0.021529 seconds
  Import took 0.023938 seconds .

========================================================================
Received Import Request.
  Time since last request: 0.000170 seconds.
  path: Assets/Pixel Adventure 2/Assets/Enemies/Slime/Particles (16x16).png
  artifactKey: Guid(f2327ba2ad755d74682ebf3174417e5c) Importer(815301076,1909f56bfc062723c751e8b465ee728b)
Start importing Assets/Pixel Adventure 2/Assets/Enemies/Slime/Particles (16x16).png using Guid(f2327ba2ad755d74682ebf3174417e5c) Importer(815301076,1909f56bfc062723c751e8b465ee728b)  -> (artifact id: 'a5285b608ee957ef046c631564c13c48') in 0.016459 seconds
  Import took 0.018673 seconds .

========================================================================
Received Import Request.
  Time since last request: 13.258961 seconds.
  path: Assets/Pixel Adventure 2
  artifactKey: Guid(a794999390cc4374ab6fc7d88bd38dac) Importer(815301076,1909f56bfc062723c751e8b465ee728b)
Start importing Assets/Pixel Adventure 2 using Guid(a794999390cc4374ab6fc7d88bd38dac) Importer(815301076,1909f56bfc062723c751e8b465ee728b)  -> (artifact id: '3f0ad5dc5ab85e4540c310f70068c1e3') in 0.009608 seconds
  Import took 0.012460 seconds .

========================================================================
Received Import Request.
  Time since last request: 166.129784 seconds.
  path: Assets/Pixel Adventure 2/Assets/Enemies/AngryPig/Walk (36x30).png
  artifactKey: Guid(3315bdad18a105d49a220419bb2c813f) Importer(815301076,1909f56bfc062723c751e8b465ee728b)
Start importing Assets/Pixel Adventure 2/Assets/Enemies/AngryPig/Walk (36x30).png using Guid(3315bdad18a105d49a220419bb2c813f) Importer(815301076,1909f56bfc062723c751e8b465ee728b)  -> (artifact id: 'd81bd4c4f182ad74bf4efcbc67055369') in 0.032962 seconds
  Import took 0.035752 seconds .

========================================================================
Received Import Request.
  Time since last request: 0.000196 seconds.
  path: Assets/Pixel Adventure 2/Assets/Enemies/Snail/Walk (38x24).png
  artifactKey: Guid(505391a19bb05954ea44a8929a7104ec) Importer(815301076,1909f56bfc062723c751e8b465ee728b)
Start importing Assets/Pixel Adventure 2/Assets/Enemies/Snail/Walk (38x24).png using Guid(505391a19bb05954ea44a8929a7104ec) Importer(815301076,1909f56bfc062723c751e8b465ee728b)  -> (artifact id: 'e10de1a3d2a68fcc2713b3d62ef6cbbf') in 0.031216 seconds
  Import took 0.033745 seconds .

========================================================================
Received Import Request.
  Time since last request: 522.134584 seconds.
  path: Assets/Scripts/PlayerAttack.cs
  artifactKey: Guid(483a09769e6012e45a61c4a4319e6797) Importer(815301076,1909f56bfc062723c751e8b465ee728b)
Start importing Assets/Scripts/PlayerAttack.cs using Guid(483a09769e6012e45a61c4a4319e6797) Importer(815301076,1909f56bfc062723c751e8b465ee728b)  -> (artifact id: '095c270c66f16fee7420af1de130fc82') in 0.017832 seconds
  Import took 0.020931 seconds .

========================================================================
Received Import Request.
  Time since last request: 75.691929 seconds.
  path: Assets/Scripts/Projectile.cs
  artifactKey: Guid(32e913dcd5f08a3428e76e3ad1f4bb13) Importer(815301076,1909f56bfc062723c751e8b465ee728b)
Start importing Assets/Scripts/Projectile.cs using Guid(32e913dcd5f08a3428e76e3ad1f4bb13) Importer(815301076,1909f56bfc062723c751e8b465ee728b)  -> (artifact id: '40867d560960b5330133d417c6d1a47e') in 0.013616 seconds
  Import took 0.016279 seconds .

========================================================================
Received Import Request.
  Time since last request: 44.540040 seconds.
  path: Assets/Scripts/CameraController.cs
  artifactKey: Guid(151c86a2b1dd51d418f8eee03f6af324) Importer(815301076,1909f56bfc062723c751e8b465ee728b)
Start importing Assets/Scripts/CameraController.cs using Guid(151c86a2b1dd51d418f8eee03f6af324) Importer(815301076,1909f56bfc062723c751e8b465ee728b)  -> (artifact id: 'c840ba070e807bd01238c2013731e02f') in 0.010993 seconds
  Import took 0.013903 seconds .

========================================================================
Received Import Request.
  Time since last request: 78.671626 seconds.
  path: Assets/Scripts/Door.cs
  artifactKey: Guid(3ae00d9d3c53b2241b9aa004268f0c4a) Importer(815301076,1909f56bfc062723c751e8b465ee728b)
Start importing Assets/Scripts/Door.cs using Guid(3ae00d9d3c53b2241b9aa004268f0c4a) Importer(815301076,1909f56bfc062723c751e8b465ee728b)  -> (artifact id: 'bd604aada5994b2aedd9b09d96dcf80a') in 0.011017 seconds
  Import took 0.013775 seconds .

========================================================================
Received Prepare
Registering precompiled user dll's ...
Registered in 0.001139 seconds.
Begin MonoManager ReloadAssembly
Native extension for WindowsStandalone target not found
Refreshing native plugins compatible for Editor in 0.58 ms, found 1 plugins.
Preloading 0 native plugins for Editor in 0.00 ms.
Invoked RoslynAnalysisRunner static constructor.
RoslynAnalysisRunner will not be running.
RoslynAnalysisRunner has terminated.
Mono: successfully reloaded assembly
- Completed reload, in  0.588 seconds
Platform modules already initialized, skipping
Refreshing native plugins compatible for Editor in 0.71 ms, found 1 plugins.
Preloading 0 native plugins for Editor in 0.00 ms.
Unloading 1769 Unused Serialized files (Serialized files now loaded: 0)
System memory in use before: 87.5 MB.
System memory in use after: 87.7 MB.

Unloading 8 unused Assets to reduce memory usage. Loaded Objects now: 2345.
Total: 1.859100 ms (FindLiveObjects: 0.194700 ms CreateObjectMapping: 0.053200 ms MarkObjects: 1.597200 ms  DeleteObjects: 0.013300 ms)

========================================================================
Received Import Request.
  Time since last request: 31.120565 seconds.
  path: Assets/Scripts/Saw.cs
  artifactKey: Guid(7bda4f89cc36211488c4cf668b5a53b4) Importer(815301076,1909f56bfc062723c751e8b465ee728b)
Start importing Assets/Scripts/Saw.cs using Guid(7bda4f89cc36211488c4cf668b5a53b4) Importer(815301076,1909f56bfc062723c751e8b465ee728b)  -> (artifact id: '7a396a6ebd124c1d96a2733b693f2369') in 0.013293 seconds
  Import took 0.016020 seconds .

========================================================================
Received Import Request.
  Time since last request: 0.001278 seconds.
  path: Assets/Scripts/Saw.cs
  artifactKey: Guid(7bda4f89cc36211488c4cf668b5a53b4) Importer(815301076,1909f56bfc062723c751e8b465ee728b)
Start importing Assets/Scripts/Saw.cs using Guid(7bda4f89cc36211488c4cf668b5a53b4) Importer(815301076,1909f56bfc062723c751e8b465ee728b)  -> (artifact id: '7a396a6ebd124c1d96a2733b693f2369') in 0.002183 seconds
  Import took 0.005224 seconds .

========================================================================
Received Prepare
Registering precompiled user dll's ...
Registered in 0.000842 seconds.
Begin MonoManager ReloadAssembly
Native extension for WindowsStandalone target not found
Refreshing native plugins compatible for Editor in 0.38 ms, found 1 plugins.
Preloading 0 native plugins for Editor in 0.00 ms.
Invoked RoslynAnalysisRunner static constructor.
RoslynAnalysisRunner will not be running.
RoslynAnalysisRunner has terminated.
Mono: successfully reloaded assembly
- Completed reload, in  0.601 seconds
Platform modules already initialized, skipping
Refreshing native plugins compatible for Editor in 0.74 ms, found 1 plugins.
Preloading 0 native plugins for Editor in 0.00 ms.
Unloading 1769 Unused Serialized files (Serialized files now loaded: 0)
System memory in use before: 87.6 MB.
System memory in use after: 87.7 MB.

Unloading 8 unused Assets to reduce memory usage. Loaded Objects now: 2347.
Total: 1.941000 ms (FindLiveObjects: 0.223400 ms CreateObjectMapping: 0.056400 ms MarkObjects: 1.644900 ms  DeleteObjects: 0.015400 ms)

========================================================================
Received Prepare
Registering precompiled user dll's ...
Registered in 0.000944 seconds.
Begin MonoManager ReloadAssembly
Native extension for WindowsStandalone target not found
Refreshing native plugins compatible for Editor in 0.46 ms, found 1 plugins.
Preloading 0 native plugins for Editor in 0.00 ms.
Invoked RoslynAnalysisRunner static constructor.
RoslynAnalysisRunner will not be running.
RoslynAnalysisRunner has terminated.
Mono: successfully reloaded assembly
- Completed reload, in  0.630 seconds
Platform modules already initialized, skipping
Refreshing native plugins compatible for Editor in 0.89 ms, found 1 plugins.
Preloading 0 native plugins for Editor in 0.00 ms.
Unloading 1769 Unused Serialized files (Serialized files now loaded: 0)
System memory in use before: 87.6 MB.
System memory in use after: 87.7 MB.

Unloading 8 unused Assets to reduce memory usage. Loaded Objects now: 2349.
Total: 1.809000 ms (FindLiveObjects: 0.311100 ms CreateObjectMapping: 0.052800 ms MarkObjects: 1.429300 ms  DeleteObjects: 0.014900 ms)

========================================================================
Received Prepare
Registering precompiled user dll's ...
Registered in 0.001031 seconds.
Begin MonoManager ReloadAssembly
Native extension for WindowsStandalone target not found
Refreshing native plugins compatible for Editor in 0.38 ms, found 1 plugins.
Preloading 0 native plugins for Editor in 0.00 ms.
Invoked RoslynAnalysisRunner static constructor.
RoslynAnalysisRunner will not be running.
RoslynAnalysisRunner has terminated.
Mono: successfully reloaded assembly
- Completed reload, in  0.591 seconds
Platform modules already initialized, skipping
Refreshing native plugins compatible for Editor in 0.68 ms, found 1 plugins.
Preloading 0 native plugins for Editor in 0.00 ms.
Unloading 1769 Unused Serialized files (Serialized files now loaded: 0)
System memory in use before: 87.6 MB.
System memory in use after: 87.7 MB.

Unloading 8 unused Assets to reduce memory usage. Loaded Objects now: 2351.
Total: 1.966900 ms (FindLiveObjects: 0.316300 ms CreateObjectMapping: 0.079800 ms MarkObjects: 1.554700 ms  DeleteObjects: 0.015100 ms)

========================================================================
Received Prepare
Registering precompiled user dll's ...
Registered in 0.001113 seconds.
Begin MonoManager ReloadAssembly
Native extension for WindowsStandalone target not found
Refreshing native plugins compatible for Editor in 0.40 ms, found 1 plugins.
Preloading 0 native plugins for Editor in 0.00 ms.
Invoked RoslynAnalysisRunner static constructor.
RoslynAnalysisRunner will not be running.
RoslynAnalysisRunner has terminated.
Mono: successfully reloaded assembly
- Completed reload, in  0.636 seconds
Platform modules already initialized, skipping
Refreshing native plugins compatible for Editor in 0.75 ms, found 1 plugins.
Preloading 0 native plugins for Editor in 0.00 ms.
Unloading 1769 Unused Serialized files (Serialized files now loaded: 0)
System memory in use before: 87.6 MB.
System memory in use after: 87.7 MB.

Unloading 8 unused Assets to reduce memory usage. Loaded Objects now: 2353.
Total: 1.905700 ms (FindLiveObjects: 0.221400 ms CreateObjectMapping: 0.050300 ms MarkObjects: 1.617100 ms  DeleteObjects: 0.016000 ms)

========================================================================
Received Import Request.
  Time since last request: 64.151345 seconds.
  path: Assets/Scripts/saw.cs
  artifactKey: Guid(7bda4f89cc36211488c4cf668b5a53b4) Importer(815301076,1909f56bfc062723c751e8b465ee728b)
Start importing Assets/Scripts/saw.cs using Guid(7bda4f89cc36211488c4cf668b5a53b4) Importer(815301076,1909f56bfc062723c751e8b465ee728b)  -> (artifact id: '9a54e3ce409a8baef006f9ce39f19862') in 0.012008 seconds
  Import took 0.014923 seconds .

========================================================================
Received Prepare
Registering precompiled user dll's ...
Registered in 0.000822 seconds.
Begin MonoManager ReloadAssembly
Native extension for WindowsStandalone target not found
Refreshing native plugins compatible for Editor in 0.51 ms, found 1 plugins.
Preloading 0 native plugins for Editor in 0.00 ms.
Invoked RoslynAnalysisRunner static constructor.
RoslynAnalysisRunner will not be running.
RoslynAnalysisRunner has terminated.
Mono: successfully reloaded assembly
- Completed reload, in  0.591 seconds
Platform modules already initialized, skipping
Refreshing native plugins compatible for Editor in 0.78 ms, found 1 plugins.
Preloading 0 native plugins for Editor in 0.00 ms.
Unloading 1769 Unused Serialized files (Serialized files now loaded: 0)
System memory in use before: 87.6 MB.
System memory in use after: 87.7 MB.

Unloading 8 unused Assets to reduce memory usage. Loaded Objects now: 2355.
Total: 1.754500 ms (FindLiveObjects: 0.216300 ms CreateObjectMapping: 0.048500 ms MarkObjects: 1.475300 ms  DeleteObjects: 0.013500 ms)

========================================================================
Received Prepare
Registering precompiled user dll's ...
Registered in 0.000833 seconds.
Begin MonoManager ReloadAssembly
Native extension for WindowsStandalone target not found
Refreshing native plugins compatible for Editor in 0.54 ms, found 1 plugins.
Preloading 0 native plugins for Editor in 0.00 ms.
Invoked RoslynAnalysisRunner static constructor.
RoslynAnalysisRunner will not be running.
RoslynAnalysisRunner has terminated.
Mono: successfully reloaded assembly
- Completed reload, in  0.587 seconds
Platform modules already initialized, skipping
Refreshing native plugins compatible for Editor in 0.76 ms, found 1 plugins.
Preloading 0 native plugins for Editor in 0.00 ms.
Unloading 1769 Unused Serialized files (Serialized files now loaded: 0)
System memory in use before: 87.6 MB.
System memory in use after: 87.8 MB.

Unloading 8 unused Assets to reduce memory usage. Loaded Objects now: 2357.
Total: 1.709500 ms (FindLiveObjects: 0.187800 ms CreateObjectMapping: 0.056600 ms MarkObjects: 1.450700 ms  DeleteObjects: 0.013700 ms)

========================================================================
Received Import Request.
  Time since last request: 159.841276 seconds.
  path: Assets/Pixel Adventure 2/Assets
  artifactKey: Guid(071d787a6f60c1b4ab902be3a5c0bb27) Importer(815301076,1909f56bfc062723c751e8b465ee728b)
Start importing Assets/Pixel Adventure 2/Assets using Guid(071d787a6f60c1b4ab902be3a5c0bb27) Importer(815301076,1909f56bfc062723c751e8b465ee728b)  -> (artifact id: '01a16f5ed3f0da713d098b31103e1a83') in 0.012645 seconds
  Import took 0.015269 seconds .

========================================================================
Received Import Request.
  Time since last request: 1.181735 seconds.
  path: Assets/Pixel Adventure 2/Assets/Enemies
  artifactKey: Guid(e5805f60560d8ea4e833edc54fd915f4) Importer(815301076,1909f56bfc062723c751e8b465ee728b)
Start importing Assets/Pixel Adventure 2/Assets/Enemies using Guid(e5805f60560d8ea4e833edc54fd915f4) Importer(815301076,1909f56bfc062723c751e8b465ee728b)  -> (artifact id: '3d386425302a3e3285ef6e41caaa7d34') in 0.010456 seconds
  Import took 0.013249 seconds .

========================================================================
Received Import Request.
  Time since last request: 106.469658 seconds.
  path: Assets/Pixel Adventure 2/Scenes
  artifactKey: Guid(498a99416a4d0f446b32d688a3f2867c) Importer(815301076,1909f56bfc062723c751e8b465ee728b)
Start importing Assets/Pixel Adventure 2/Scenes using Guid(498a99416a4d0f446b32d688a3f2867c) Importer(815301076,1909f56bfc062723c751e8b465ee728b)  -> (artifact id: 'e224ac56994720b10807c5c66eecef63') in 0.011375 seconds
  Import took 0.014371 seconds .

========================================================================
Received Import Request.
  Time since last request: 2.114051 seconds.
  path: Assets/Pixel Adventure 2/Scenes/Demo.unity
  artifactKey: Guid(08d5689e6281c2b41a5f8b7d4b79db0b) Importer(815301076,1909f56bfc062723c751e8b465ee728b)
Start importing Assets/Pixel Adventure 2/Scenes/Demo.unity using Guid(08d5689e6281c2b41a5f8b7d4b79db0b) Importer(815301076,1909f56bfc062723c751e8b465ee728b)  -> (artifact id: '5e234e146d72d26121d25eb3c2befd25') in 0.017038 seconds
  Import took 0.019746 seconds .

========================================================================
Received Import Request.
  Time since last request: 17.180378 seconds.
  path: Assets/Levels
  artifactKey: Guid(03a1f8fd97b80c74eaa0ab430fcee663) Importer(815301076,1909f56bfc062723c751e8b465ee728b)
Start importing Assets/Levels using Guid(03a1f8fd97b80c74eaa0ab430fcee663) Importer(815301076,1909f56bfc062723c751e8b465ee728b)  -> (artifact id: 'c59bd336c305447e4a4db95508aee416') in 0.010318 seconds
  Import took 0.012968 seconds .

========================================================================
Received Import Request.
  Time since last request: 162.151526 seconds.
  path: Assets/Pixel Adventure 1
  artifactKey: Guid(20922c72937e6e740813731b4541a948) Importer(815301076,1909f56bfc062723c751e8b465ee728b)
Start importing Assets/Pixel Adventure 1 using Guid(20922c72937e6e740813731b4541a948) Importer(815301076,1909f56bfc062723c751e8b465ee728b)  -> (artifact id: 'fbd9864e7a55dc3176e63ee581396bc9') in 0.010187 seconds
  Import took 0.013286 seconds .

========================================================================
Received Import Request.
  Time since last request: 5.822379 seconds.
  path: Assets/Pixel Adventure 1/Assets/Background
  artifactKey: Guid(e2c5ef056991e3c4b902833ce4b5c2f9) Importer(815301076,1909f56bfc062723c751e8b465ee728b)
Start importing Assets/Pixel Adventure 1/Assets/Background using Guid(e2c5ef056991e3c4b902833ce4b5c2f9) Importer(815301076,1909f56bfc062723c751e8b465ee728b)  -> (artifact id: 'c02b03c549dbeee52845d484a3d95229') in 0.009340 seconds
  Import took 0.011924 seconds .

========================================================================
Received Import Request.
  Time since last request: 0.001046 seconds.
  path: Assets/Pixel Adventure 1/Assets/Background
  artifactKey: Guid(e2c5ef056991e3c4b902833ce4b5c2f9) Importer(815301076,1909f56bfc062723c751e8b465ee728b)
Start importing Assets/Pixel Adventure 1/Assets/Background using Guid(e2c5ef056991e3c4b902833ce4b5c2f9) Importer(815301076,1909f56bfc062723c751e8b465ee728b)  -> (artifact id: 'c02b03c549dbeee52845d484a3d95229') in 0.001931 seconds
  Import took 0.004464 seconds .

========================================================================
Received Import Request.
  Time since last request: 127.634910 seconds.
  path: Assets/Pixel Adventure 1/Assets/Terrain/Terrain (16x16) 1.png
  artifactKey: Guid(413986c4a668c374d8de72a47621b531) Importer(815301076,1909f56bfc062723c751e8b465ee728b)
Start importing Assets/Pixel Adventure 1/Assets/Terrain/Terrain (16x16) 1.png using Guid(413986c4a668c374d8de72a47621b531) Importer(815301076,1909f56bfc062723c751e8b465ee728b)  -> (artifact id: 'df24deb89c05495057029f39532a0048') in 0.037885 seconds
  Import took 0.040684 seconds .

========================================================================
Received Import Request.
  Time since last request: 89.596954 seconds.
  path: Assets/Pixel Adventure 1/Assets/Terrain/Terrain Sliced (16x16).png
  artifactKey: Guid(fc584d329b77b9545b9c9c8bb829e553) Importer(815301076,1909f56bfc062723c751e8b465ee728b)
Start importing Assets/Pixel Adventure 1/Assets/Terrain/Terrain Sliced (16x16).png using Guid(fc584d329b77b9545b9c9c8bb829e553) Importer(815301076,1909f56bfc062723c751e8b465ee728b)  -> (artifact id: 'daa2a7f797b2435875e0df02f03b82f8') in 0.043021 seconds
  Import took 0.045858 seconds .

========================================================================
Received Prepare
Registering precompiled user dll's ...
Registered in 0.000941 seconds.
Begin MonoManager ReloadAssembly
Native extension for WindowsStandalone target not found
Refreshing native plugins compatible for Editor in 0.39 ms, found 1 plugins.
Preloading 0 native plugins for Editor in 0.00 ms.
Invoked RoslynAnalysisRunner static constructor.
RoslynAnalysisRunner will not be running.
RoslynAnalysisRunner has terminated.
Mono: successfully reloaded assembly
- Completed reload, in  0.621 seconds
Platform modules already initialized, skipping
Refreshing native plugins compatible for Editor in 0.75 ms, found 1 plugins.
Preloading 0 native plugins for Editor in 0.00 ms.
Unloading 1769 Unused Serialized files (Serialized files now loaded: 0)
System memory in use before: 87.7 MB.
System memory in use after: 87.8 MB.

Unloading 8 unused Assets to reduce memory usage. Loaded Objects now: 2370.
Total: 1.953300 ms (FindLiveObjects: 0.293200 ms CreateObjectMapping: 0.061700 ms MarkObjects: 1.581700 ms  DeleteObjects: 0.013400 ms)

========================================================================
Received Prepare
Registering precompiled user dll's ...
Registered in 0.000833 seconds.
Begin MonoManager ReloadAssembly
Native extension for WindowsStandalone target not found
Refreshing native plugins compatible for Editor in 0.60 ms, found 1 plugins.
Preloading 0 native plugins for Editor in 0.00 ms.
Invoked RoslynAnalysisRunner static constructor.
RoslynAnalysisRunner will not be running.
RoslynAnalysisRunner has terminated.
Mono: successfully reloaded assembly
- Completed reload, in  0.625 seconds
Platform modules already initialized, skipping
Refreshing native plugins compatible for Editor in 0.75 ms, found 1 plugins.
Preloading 0 native plugins for Editor in 0.00 ms.
Unloading 1769 Unused Serialized files (Serialized files now loaded: 0)
System memory in use before: 87.7 MB.
System memory in use after: 87.8 MB.

Unloading 8 unused Assets to reduce memory usage. Loaded Objects now: 2372.
Total: 2.195000 ms (FindLiveObjects: 0.313900 ms CreateObjectMapping: 0.055000 ms MarkObjects: 1.805200 ms  DeleteObjects: 0.019100 ms)

========================================================================
Received Prepare
Registering precompiled user dll's ...
Registered in 0.000949 seconds.
Begin MonoManager ReloadAssembly
Native extension for WindowsStandalone target not found
Refreshing native plugins compatible for Editor in 0.43 ms, found 1 plugins.
Preloading 0 native plugins for Editor in 0.00 ms.
Invoked RoslynAnalysisRunner static constructor.
RoslynAnalysisRunner will not be running.
RoslynAnalysisRunner has terminated.
Mono: successfully reloaded assembly
- Completed reload, in  0.614 seconds
Platform modules already initialized, skipping
Refreshing native plugins compatible for Editor in 0.86 ms, found 1 plugins.
Preloading 0 native plugins for Editor in 0.00 ms.
Unloading 1769 Unused Serialized files (Serialized files now loaded: 0)
System memory in use before: 87.7 MB.
System memory in use after: 87.8 MB.

Unloading 8 unused Assets to reduce memory usage. Loaded Objects now: 2374.
Total: 1.816900 ms (FindLiveObjects: 0.214100 ms CreateObjectMapping: 0.052400 ms MarkObjects: 1.534100 ms  DeleteObjects: 0.015500 ms)

========================================================================
Received Prepare
Registering precompiled user dll's ...
Registered in 0.001089 seconds.
Begin MonoManager ReloadAssembly
Native extension for WindowsStandalone target not found
Refreshing native plugins compatible for Editor in 0.43 ms, found 1 plugins.
Preloading 0 native plugins for Editor in 0.00 ms.
Invoked RoslynAnalysisRunner static constructor.
RoslynAnalysisRunner will not be running.
RoslynAnalysisRunner has terminated.
Mono: successfully reloaded assembly
- Completed reload, in  0.638 seconds
Platform modules already initialized, skipping
Refreshing native plugins compatible for Editor in 0.89 ms, found 1 plugins.
Preloading 0 native plugins for Editor in 0.00 ms.
Unloading 1769 Unused Serialized files (Serialized files now loaded: 0)
System memory in use before: 87.7 MB.
System memory in use after: 87.8 MB.

Unloading 8 unused Assets to reduce memory usage. Loaded Objects now: 2376.
Total: 2.028100 ms (FindLiveObjects: 0.250300 ms CreateObjectMapping: 0.051300 ms MarkObjects: 1.708800 ms  DeleteObjects: 0.016800 ms)

========================================================================
Received Import Request.
  Time since last request: 1051.584098 seconds.
  path: Assets/Pixel Adventure 1/Assets/Traps
  artifactKey: Guid(031922c10d5cf6441a097003bc1e0c72) Importer(815301076,1909f56bfc062723c751e8b465ee728b)
Start importing Assets/Pixel Adventure 1/Assets/Traps using Guid(031922c10d5cf6441a097003bc1e0c72) Importer(815301076,1909f56bfc062723c751e8b465ee728b)  -> (artifact id: '5dbebb9745ab55a72323652e763ae628') in 0.011804 seconds
  Import took 0.014700 seconds .

========================================================================
Received Prepare
Registering precompiled user dll's ...
Registered in 0.001064 seconds.
Begin MonoManager ReloadAssembly
Native extension for WindowsStandalone target not found
Refreshing native plugins compatible for Editor in 0.41 ms, found 1 plugins.
Preloading 0 native plugins for Editor in 0.00 ms.
Invoked RoslynAnalysisRunner static constructor.
RoslynAnalysisRunner will not be running.
RoslynAnalysisRunner has terminated.
Mono: successfully reloaded assembly
- Completed reload, in  0.607 seconds
Platform modules already initialized, skipping
Refreshing native plugins compatible for Editor in 0.78 ms, found 1 plugins.
Preloading 0 native plugins for Editor in 0.00 ms.
Unloading 1769 Unused Serialized files (Serialized files now loaded: 0)
System memory in use before: 87.7 MB.
System memory in use after: 87.8 MB.

Unloading 8 unused Assets to reduce memory usage. Loaded Objects now: 2378.
Total: 1.795200 ms (FindLiveObjects: 0.219500 ms CreateObjectMapping: 0.055900 ms MarkObjects: 1.504600 ms  DeleteObjects: 0.014300 ms)

========================================================================
Received Import Request.
  Time since last request: 119.825716 seconds.
  path: Assets/Scripts/camera.cs
  artifactKey: Guid(ca47ebbac4a37fd47bea6518190035e7) Importer(815301076,1909f56bfc062723c751e8b465ee728b)
Start importing Assets/Scripts/camera.cs using Guid(ca47ebbac4a37fd47bea6518190035e7) Importer(815301076,1909f56bfc062723c751e8b465ee728b)  -> (artifact id: 'b4cbfdb89570cfa434015a08b08bf35b') in 0.013489 seconds
  Import took 0.016173 seconds .

========================================================================
Received Prepare
Registering precompiled user dll's ...
Registered in 0.000873 seconds.
Begin MonoManager ReloadAssembly
Native extension for WindowsStandalone target not found
Refreshing native plugins compatible for Editor in 0.43 ms, found 1 plugins.
Preloading 0 native plugins for Editor in 0.00 ms.
Invoked RoslynAnalysisRunner static constructor.
RoslynAnalysisRunner will not be running.
RoslynAnalysisRunner has terminated.
Mono: successfully reloaded assembly
- Completed reload, in  0.711 seconds
Platform modules already initialized, skipping
Refreshing native plugins compatible for Editor in 0.88 ms, found 1 plugins.
Preloading 0 native plugins for Editor in 0.00 ms.
Unloading 1770 Unused Serialized files (Serialized files now loaded: 0)
System memory in use before: 87.7 MB.
System memory in use after: 87.9 MB.

Unloading 8 unused Assets to reduce memory usage. Loaded Objects now: 2381.
Total: 1.977100 ms (FindLiveObjects: 0.225300 ms CreateObjectMapping: 0.044200 ms MarkObjects: 1.686800 ms  DeleteObjects: 0.019700 ms)

========================================================================
Received Prepare
Registering precompiled user dll's ...
Registered in 0.001000 seconds.
Begin MonoManager ReloadAssembly
Native extension for WindowsStandalone target not found
Refreshing native plugins compatible for Editor in 0.38 ms, found 1 plugins.
Preloading 0 native plugins for Editor in 0.00 ms.
Invoked RoslynAnalysisRunner static constructor.
RoslynAnalysisRunner will not be running.
RoslynAnalysisRunner has terminated.
Mono: successfully reloaded assembly
- Completed reload, in  0.589 seconds
Platform modules already initialized, skipping
Refreshing native plugins compatible for Editor in 0.72 ms, found 1 plugins.
Preloading 0 native plugins for Editor in 0.00 ms.
Unloading 1770 Unused Serialized files (Serialized files now loaded: 0)
System memory in use before: 87.7 MB.
System memory in use after: 87.9 MB.

Unloading 8 unused Assets to reduce memory usage. Loaded Objects now: 2383.
Total: 1.758000 ms (FindLiveObjects: 0.221200 ms CreateObjectMapping: 0.049900 ms MarkObjects: 1.472400 ms  DeleteObjects: 0.013600 ms)

========================================================================
Received Import Request.
  Time since last request: 23.625606 seconds.
  path: Assets/Scripts/camera.cs
  artifactKey: Guid(ca47ebbac4a37fd47bea6518190035e7) Importer(815301076,1909f56bfc062723c751e8b465ee728b)
Start importing Assets/Scripts/camera.cs using Guid(ca47ebbac4a37fd47bea6518190035e7) Importer(815301076,1909f56bfc062723c751e8b465ee728b)  -> (artifact id: '8370787b3824b5b3dd93e90e2db40738') in 0.004475 seconds
  Import took 0.007080 seconds .

========================================================================
Received Import Request.
  Time since last request: 129.328865 seconds.
  path: Assets/Scripts/FollowCamera.cs
  artifactKey: Guid(ca47ebbac4a37fd47bea6518190035e7) Importer(815301076,1909f56bfc062723c751e8b465ee728b)
Start importing Assets/Scripts/FollowCamera.cs using Guid(ca47ebbac4a37fd47bea6518190035e7) Importer(815301076,1909f56bfc062723c751e8b465ee728b)  -> (artifact id: 'cd16f10744af327fc136e81c84ef4503') in 0.010464 seconds
  Import took 0.013496 seconds .

========================================================================
Received Prepare
Registering precompiled user dll's ...
Registered in 0.001034 seconds.
Begin MonoManager ReloadAssembly
Native extension for WindowsStandalone target not found
Refreshing native plugins compatible for Editor in 0.38 ms, found 1 plugins.
Preloading 0 native plugins for Editor in 0.00 ms.
Invoked RoslynAnalysisRunner static constructor.
RoslynAnalysisRunner will not be running.
RoslynAnalysisRunner has terminated.
Mono: successfully reloaded assembly
- Completed reload, in  0.602 seconds
Platform modules already initialized, skipping
Refreshing native plugins compatible for Editor in 0.88 ms, found 1 plugins.
Preloading 0 native plugins for Editor in 0.00 ms.
Unloading 1770 Unused Serialized files (Serialized files now loaded: 0)
System memory in use before: 87.8 MB.
System memory in use after: 87.9 MB.

Unloading 8 unused Assets to reduce memory usage. Loaded Objects now: 2385.
Total: 1.963900 ms (FindLiveObjects: 0.218500 ms CreateObjectMapping: 0.054500 ms MarkObjects: 1.675100 ms  DeleteObjects: 0.014900 ms)

========================================================================
Received Prepare
Registering precompiled user dll's ...
Registered in 0.000911 seconds.
Begin MonoManager ReloadAssembly
Native extension for WindowsStandalone target not found
Refreshing native plugins compatible for Editor in 0.38 ms, found 1 plugins.
Preloading 0 native plugins for Editor in 0.00 ms.
Invoked RoslynAnalysisRunner static constructor.
RoslynAnalysisRunner will not be running.
RoslynAnalysisRunner has terminated.
Mono: successfully reloaded assembly
- Completed reload, in  0.605 seconds
Platform modules already initialized, skipping
Refreshing native plugins compatible for Editor in 0.74 ms, found 1 plugins.
Preloading 0 native plugins for Editor in 0.00 ms.
Unloading 1771 Unused Serialized files (Serialized files now loaded: 0)
System memory in use before: 87.8 MB.
System memory in use after: 87.9 MB.

Unloading 8 unused Assets to reduce memory usage. Loaded Objects now: 2388.
Total: 1.762700 ms (FindLiveObjects: 0.236800 ms CreateObjectMapping: 0.061700 ms MarkObjects: 1.448700 ms  DeleteObjects: 0.014800 ms)

========================================================================
Received Import Request.
  Time since last request: 98.191494 seconds.
  path: Assets/scrip.cs
  artifactKey: Guid(560fb2cff18e2a94d875caf117833b1b) Importer(815301076,1909f56bfc062723c751e8b465ee728b)
Start importing Assets/scrip.cs using Guid(560fb2cff18e2a94d875caf117833b1b) Importer(815301076,1909f56bfc062723c751e8b465ee728b)  -> (artifact id: '8be0a51e1fed92ae6a5c3e35d92913bf') in 0.013059 seconds
  Import took 0.016255 seconds .

========================================================================
Received Import Request.
  Time since last request: 0.001012 seconds.
  path: Assets/scrip.cs
  artifactKey: Guid(560fb2cff18e2a94d875caf117833b1b) Importer(815301076,1909f56bfc062723c751e8b465ee728b)
Start importing Assets/scrip.cs using Guid(560fb2cff18e2a94d875caf117833b1b) Importer(815301076,1909f56bfc062723c751e8b465ee728b)  -> (artifact id: '8be0a51e1fed92ae6a5c3e35d92913bf') in 0.001938 seconds
  Import took 0.004540 seconds .

========================================================================
Received Prepare
Registering precompiled user dll's ...
Registered in 0.000978 seconds.
Begin MonoManager ReloadAssembly
Native extension for WindowsStandalone target not found
Refreshing native plugins compatible for Editor in 0.40 ms, found 1 plugins.
Preloading 0 native plugins for Editor in 0.00 ms.
Invoked RoslynAnalysisRunner static constructor.
RoslynAnalysisRunner will not be running.
RoslynAnalysisRunner has terminated.
Mono: successfully reloaded assembly
- Completed reload, in  0.594 seconds
Platform modules already initialized, skipping
Refreshing native plugins compatible for Editor in 0.76 ms, found 1 plugins.
Preloading 0 native plugins for Editor in 0.00 ms.
Unloading 1770 Unused Serialized files (Serialized files now loaded: 0)
System memory in use before: 87.8 MB.
System memory in use after: 87.9 MB.

Unloading 8 unused Assets to reduce memory usage. Loaded Objects now: 2390.
Total: 1.935600 ms (FindLiveObjects: 0.247900 ms CreateObjectMapping: 0.059200 ms MarkObjects: 1.609900 ms  DeleteObjects: 0.017800 ms)

========================================================================
Received Prepare
Registering precompiled user dll's ...
Registered in 0.000893 seconds.
Begin MonoManager ReloadAssembly
Native extension for WindowsStandalone target not found
Refreshing native plugins compatible for Editor in 0.42 ms, found 1 plugins.
Preloading 0 native plugins for Editor in 0.00 ms.
Invoked RoslynAnalysisRunner static constructor.
RoslynAnalysisRunner will not be running.
RoslynAnalysisRunner has terminated.
Mono: successfully reloaded assembly
- Completed reload, in  0.642 seconds
Platform modules already initialized, skipping
Refreshing native plugins compatible for Editor in 0.82 ms, found 1 plugins.
Preloading 0 native plugins for Editor in 0.00 ms.
Unloading 1770 Unused Serialized files (Serialized files now loaded: 0)
System memory in use before: 87.8 MB.
System memory in use after: 87.9 MB.

Unloading 8 unused Assets to reduce memory usage. Loaded Objects now: 2392.
Total: 2.055100 ms (FindLiveObjects: 0.392900 ms CreateObjectMapping: 0.068100 ms MarkObjects: 1.574100 ms  DeleteObjects: 0.018400 ms)

========================================================================
Received Prepare
Registering precompiled user dll's ...
Registered in 0.000917 seconds.
Begin MonoManager ReloadAssembly
Native extension for WindowsStandalone target not found
Refreshing native plugins compatible for Editor in 0.38 ms, found 1 plugins.
Preloading 0 native plugins for Editor in 0.00 ms.
Invoked RoslynAnalysisRunner static constructor.
RoslynAnalysisRunner will not be running.
RoslynAnalysisRunner has terminated.
Mono: successfully reloaded assembly
- Completed reload, in  0.578 seconds
Platform modules already initialized, skipping
Refreshing native plugins compatible for Editor in 0.79 ms, found 1 plugins.
Preloading 0 native plugins for Editor in 0.00 ms.
Unloading 1770 Unused Serialized files (Serialized files now loaded: 0)
System memory in use before: 87.8 MB.
System memory in use after: 87.9 MB.

Unloading 8 unused Assets to reduce memory usage. Loaded Objects now: 2394.
Total: 1.851500 ms (FindLiveObjects: 0.288000 ms CreateObjectMapping: 0.054700 ms MarkObjects: 1.492900 ms  DeleteObjects: 0.014400 ms)

========================================================================
Received Import Request.
  Time since last request: 75.717506 seconds.
  path: Assets/Scripts/camera.cs
  artifactKey: Guid(ca47ebbac4a37fd47bea6518190035e7) Importer(815301076,1909f56bfc062723c751e8b465ee728b)
Start importing Assets/Scripts/camera.cs using Guid(ca47ebbac4a37fd47bea6518190035e7) Importer(815301076,1909f56bfc062723c751e8b465ee728b)  -> (artifact id: '84ea8fd157723ae7e7977197ae5b8d6b') in 0.004654 seconds
  Import took 0.007484 seconds .

========================================================================
Received Prepare
Registering precompiled user dll's ...
Registered in 0.000994 seconds.
Begin MonoManager ReloadAssembly
Native extension for WindowsStandalone target not found
Refreshing native plugins compatible for Editor in 0.38 ms, found 1 plugins.
Preloading 0 native plugins for Editor in 0.00 ms.
Invoked RoslynAnalysisRunner static constructor.
RoslynAnalysisRunner will not be running.
RoslynAnalysisRunner has terminated.
Mono: successfully reloaded assembly
- Completed reload, in  0.593 seconds
Platform modules already initialized, skipping
Refreshing native plugins compatible for Editor in 0.94 ms, found 1 plugins.
Preloading 0 native plugins for Editor in 0.00 ms.
Unloading 1770 Unused Serialized files (Serialized files now loaded: 0)
System memory in use before: 87.8 MB.
System memory in use after: 87.9 MB.

Unloading 8 unused Assets to reduce memory usage. Loaded Objects now: 2396.
Total: 1.939400 ms (FindLiveObjects: 0.263400 ms CreateObjectMapping: 0.048200 ms MarkObjects: 1.609900 ms  DeleteObjects: 0.017000 ms)

========================================================================
Received Import Request.
  Time since last request: 193.927623 seconds.
  path: Assets/Scripts/camera.cs
  artifactKey: Guid(ca47ebbac4a37fd47bea6518190035e7) Importer(815301076,1909f56bfc062723c751e8b465ee728b)
Start importing Assets/Scripts/camera.cs using Guid(ca47ebbac4a37fd47bea6518190035e7) Importer(815301076,1909f56bfc062723c751e8b465ee728b)  -> (artifact id: 'efc361fb3ce1db8049e0caf8323c5f7e') in 0.004873 seconds
  Import took 0.007520 seconds .

========================================================================
Received Import Request.
  Time since last request: 153.128339 seconds.
  path: Assets/Scripts/CameraFollow.cs
  artifactKey: Guid(ca47ebbac4a37fd47bea6518190035e7) Importer(815301076,1909f56bfc062723c751e8b465ee728b)
Start importing Assets/Scripts/CameraFollow.cs using Guid(ca47ebbac4a37fd47bea6518190035e7) Importer(815301076,1909f56bfc062723c751e8b465ee728b)  -> (artifact id: 'a1f23a34f8d2355eb75a69cfaa1d882e') in 0.013182 seconds
  Import took 0.016413 seconds .

========================================================================
Received Prepare
Registering precompiled user dll's ...
Registered in 0.000879 seconds.
Begin MonoManager ReloadAssembly
Native extension for WindowsStandalone target not found
Refreshing native plugins compatible for Editor in 0.38 ms, found 1 plugins.
Preloading 0 native plugins for Editor in 0.00 ms.
Invoked RoslynAnalysisRunner static constructor.
RoslynAnalysisRunner will not be running.
RoslynAnalysisRunner has terminated.
Mono: successfully reloaded assembly
- Completed reload, in  0.619 seconds
Platform modules already initialized, skipping
Refreshing native plugins compatible for Editor in 0.75 ms, found 1 plugins.
Preloading 0 native plugins for Editor in 0.00 ms.
Unloading 1770 Unused Serialized files (Serialized files now loaded: 0)
System memory in use before: 87.8 MB.
System memory in use after: 87.9 MB.

Unloading 8 unused Assets to reduce memory usage. Loaded Objects now: 2398.
Total: 1.960100 ms (FindLiveObjects: 0.240700 ms CreateObjectMapping: 0.053700 ms MarkObjects: 1.644300 ms  DeleteObjects: 0.020300 ms)

========================================================================
Received Prepare
Registering precompiled user dll's ...
Registered in 0.000869 seconds.
Begin MonoManager ReloadAssembly
Native extension for WindowsStandalone target not found
Refreshing native plugins compatible for Editor in 0.39 ms, found 1 plugins.
Preloading 0 native plugins for Editor in 0.00 ms.
Invoked RoslynAnalysisRunner static constructor.
RoslynAnalysisRunner will not be running.
RoslynAnalysisRunner has terminated.
Mono: successfully reloaded assembly
- Completed reload, in  0.581 seconds
Platform modules already initialized, skipping
Refreshing native plugins compatible for Editor in 0.78 ms, found 1 plugins.
Preloading 0 native plugins for Editor in 0.00 ms.
Unloading 1770 Unused Serialized files (Serialized files now loaded: 0)
System memory in use before: 87.8 MB.
System memory in use after: 87.9 MB.

Unloading 8 unused Assets to reduce memory usage. Loaded Objects now: 2400.
Total: 1.965200 ms (FindLiveObjects: 0.246500 ms CreateObjectMapping: 0.056200 ms MarkObjects: 1.646400 ms  DeleteObjects: 0.014900 ms)

========================================================================
Received Import Request.
  Time since last request: 25.540859 seconds.
  path: Assets/Scripts/CameraFollow.cs
  artifactKey: Guid(ca47ebbac4a37fd47bea6518190035e7) Importer(815301076,1909f56bfc062723c751e8b465ee728b)
Start importing Assets/Scripts/CameraFollow.cs using Guid(ca47ebbac4a37fd47bea6518190035e7) Importer(815301076,1909f56bfc062723c751e8b465ee728b)  -> (artifact id: '8e24a6c0fa6a311a84d9ff5cf947a7cf') in 0.004564 seconds
  Import took 0.007075 seconds .

========================================================================
Received Prepare
Registering precompiled user dll's ...
Registered in 0.000906 seconds.
Begin MonoManager ReloadAssembly
Native extension for WindowsStandalone target not found
Refreshing native plugins compatible for Editor in 0.38 ms, found 1 plugins.
Preloading 0 native plugins for Editor in 0.00 ms.
Invoked RoslynAnalysisRunner static constructor.
RoslynAnalysisRunner will not be running.
RoslynAnalysisRunner has terminated.
Mono: successfully reloaded assembly
- Completed reload, in  0.600 seconds
Platform modules already initialized, skipping
Refreshing native plugins compatible for Editor in 1.06 ms, found 1 plugins.
Preloading 0 native plugins for Editor in 0.00 ms.
Unloading 1770 Unused Serialized files (Serialized files now loaded: 0)
System memory in use before: 87.8 MB.
System memory in use after: 87.9 MB.

Unloading 8 unused Assets to reduce memory usage. Loaded Objects now: 2402.
Total: 1.816500 ms (FindLiveObjects: 0.327800 ms CreateObjectMapping: 0.064600 ms MarkObjects: 1.408800 ms  DeleteObjects: 0.014200 ms)

========================================================================
Received Prepare
Registering precompiled user dll's ...
Registered in 0.001301 seconds.
Begin MonoManager ReloadAssembly
Native extension for WindowsStandalone target not found
Refreshing native plugins compatible for Editor in 0.63 ms, found 1 plugins.
Preloading 0 native plugins for Editor in 0.00 ms.
Invoked RoslynAnalysisRunner static constructor.
RoslynAnalysisRunner will not be running.
RoslynAnalysisRunner has terminated.
Mono: successfully reloaded assembly
- Completed reload, in  0.606 seconds
Platform modules already initialized, skipping
Refreshing native plugins compatible for Editor in 0.77 ms, found 1 plugins.
Preloading 0 native plugins for Editor in 0.00 ms.
Unloading 1770 Unused Serialized files (Serialized files now loaded: 0)
System memory in use before: 87.8 MB.
System memory in use after: 87.9 MB.

Unloading 8 unused Assets to reduce memory usage. Loaded Objects now: 2404.
Total: 1.997800 ms (FindLiveObjects: 0.228400 ms CreateObjectMapping: 0.050200 ms MarkObjects: 1.697800 ms  DeleteObjects: 0.020300 ms)

========================================================================
Received Prepare
Registering precompiled user dll's ...
Registered in 0.001067 seconds.
Begin MonoManager ReloadAssembly
Native extension for WindowsStandalone target not found
Refreshing native plugins compatible for Editor in 0.43 ms, found 1 plugins.
Preloading 0 native plugins for Editor in 0.00 ms.
Invoked RoslynAnalysisRunner static constructor.
RoslynAnalysisRunner will not be running.
RoslynAnalysisRunner has terminated.
Mono: successfully reloaded assembly
- Completed reload, in  0.598 seconds
Platform modules already initialized, skipping
Refreshing native plugins compatible for Editor in 1.39 ms, found 1 plugins.
Preloading 0 native plugins for Editor in 0.00 ms.
Unloading 1770 Unused Serialized files (Serialized files now loaded: 0)
System memory in use before: 87.8 MB.
System memory in use after: 87.9 MB.

Unloading 8 unused Assets to reduce memory usage. Loaded Objects now: 2406.
Total: 2.715700 ms (FindLiveObjects: 0.470100 ms CreateObjectMapping: 0.094900 ms MarkObjects: 2.126600 ms  DeleteObjects: 0.021600 ms)

========================================================================
Received Prepare
Registering precompiled user dll's ...
Registered in 0.001044 seconds.
Begin MonoManager ReloadAssembly
Native extension for WindowsStandalone target not found
Refreshing native plugins compatible for Editor in 0.38 ms, found 1 plugins.
Preloading 0 native plugins for Editor in 0.00 ms.
Invoked RoslynAnalysisRunner static constructor.
RoslynAnalysisRunner will not be running.
RoslynAnalysisRunner has terminated.
Mono: successfully reloaded assembly
- Completed reload, in  0.576 seconds
Platform modules already initialized, skipping
Refreshing native plugins compatible for Editor in 0.75 ms, found 1 plugins.
Preloading 0 native plugins for Editor in 0.00 ms.
Unloading 1768 Unused Serialized files (Serialized files now loaded: 0)
System memory in use before: 87.8 MB.
System memory in use after: 87.9 MB.

Unloading 8 unused Assets to reduce memory usage. Loaded Objects now: 2408.
Total: 2.001400 ms (FindLiveObjects: 0.307600 ms CreateObjectMapping: 0.060500 ms MarkObjects: 1.615300 ms  DeleteObjects: 0.016200 ms)

========================================================================
Received Prepare
Registering precompiled user dll's ...
Registered in 0.128943 seconds.
Begin MonoManager ReloadAssembly
Native extension for WindowsStandalone target not found
Refreshing native plugins compatible for Editor in 0.39 ms, found 1 plugins.
Preloading 0 native plugins for Editor in 0.00 ms.
Invoked RoslynAnalysisRunner static constructor.
RoslynAnalysisRunner will not be running.
RoslynAnalysisRunner has terminated.
Mono: successfully reloaded assembly
- Completed reload, in  3.915 seconds
Platform modules already initialized, skipping
Refreshing native plugins compatible for Editor in 0.40 ms, found 1 plugins.
Preloading 0 native plugins for Editor in 0.00 ms.
Unloading 1768 Unused Serialized files (Serialized files now loaded: 0)
System memory in use before: 87.8 MB.
System memory in use after: 87.9 MB.

Unloading 8 unused Assets to reduce memory usage. Loaded Objects now: 2410.
Total: 1.868600 ms (FindLiveObjects: 0.197500 ms CreateObjectMapping: 0.058300 ms MarkObjects: 1.597200 ms  DeleteObjects: 0.014800 ms)

========================================================================
Received Import Request.
  Time since last request: 1117.423250 seconds.
  path: Assets/Pixel Adventure 1/Assets/Traps/Spikes
  artifactKey: Guid(1fd2c68c21079b748906c3da01195e68) Importer(815301076,1909f56bfc062723c751e8b465ee728b)
Start importing Assets/Pixel Adventure 1/Assets/Traps/Spikes using Guid(1fd2c68c21079b748906c3da01195e68) Importer(815301076,1909f56bfc062723c751e8b465ee728b)  -> (artifact id: '9b08fe9de0cffae4cfa23bf2deef490f') in 0.016068 seconds
  Import took 0.019597 seconds .

========================================================================
Received Import Request.
  Time since last request: 88.913330 seconds.
  path: Assets/Scripts/Traps Damage.cs
  artifactKey: Guid(e3fe797330dc27d49b666246d09da003) Importer(815301076,1909f56bfc062723c751e8b465ee728b)
Start importing Assets/Scripts/Traps Damage.cs using Guid(e3fe797330dc27d49b666246d09da003) Importer(815301076,1909f56bfc062723c751e8b465ee728b)  -> (artifact id: '6c8a958f8d9899bae2feac153f25fbb1') in 0.009811 seconds
  Import took 0.013525 seconds .

========================================================================
Received Prepare
Registering precompiled user dll's ...
Registered in 0.000922 seconds.
Begin MonoManager ReloadAssembly
Native extension for WindowsStandalone target not found
Refreshing native plugins compatible for Editor in 0.38 ms, found 1 plugins.
Preloading 0 native plugins for Editor in 0.00 ms.
Invoked RoslynAnalysisRunner static constructor.
RoslynAnalysisRunner will not be running.
RoslynAnalysisRunner has terminated.
Mono: successfully reloaded assembly
- Completed reload, in  0.579 seconds
Platform modules already initialized, skipping
Refreshing native plugins compatible for Editor in 0.75 ms, found 1 plugins.
Preloading 0 native plugins for Editor in 0.00 ms.
Unloading 1769 Unused Serialized files (Serialized files now loaded: 0)
System memory in use before: 87.8 MB.
System memory in use after: 87.9 MB.

Unloading 8 unused Assets to reduce memory usage. Loaded Objects now: 2413.
Total: 2.011800 ms (FindLiveObjects: 0.370600 ms CreateObjectMapping: 0.065100 ms MarkObjects: 1.558300 ms  DeleteObjects: 0.016300 ms)

========================================================================
Received Prepare
Registering precompiled user dll's ...
Registered in 0.000911 seconds.
Begin MonoManager ReloadAssembly
Native extension for WindowsStandalone target not found
Refreshing native plugins compatible for Editor in 1.02 ms, found 1 plugins.
Preloading 0 native plugins for Editor in 0.00 ms.
Invoked RoslynAnalysisRunner static constructor.
RoslynAnalysisRunner will not be running.
RoslynAnalysisRunner has terminated.
Mono: successfully reloaded assembly
- Completed reload, in  0.583 seconds
Platform modules already initialized, skipping
Refreshing native plugins compatible for Editor in 0.84 ms, found 1 plugins.
Preloading 0 native plugins for Editor in 0.00 ms.
Unloading 1769 Unused Serialized files (Serialized files now loaded: 0)
System memory in use before: 87.8 MB.
System memory in use after: 87.9 MB.

Unloading 8 unused Assets to reduce memory usage. Loaded Objects now: 2415.
Total: 2.454400 ms (FindLiveObjects: 0.383800 ms CreateObjectMapping: 0.125800 ms MarkObjects: 1.928000 ms  DeleteObjects: 0.015800 ms)

========================================================================
Received Import Request.
  Time since last request: 331.062840 seconds.
  path: Assets/Scripts/Traps Damage.cs
  artifactKey: Guid(e3fe797330dc27d49b666246d09da003) Importer(815301076,1909f56bfc062723c751e8b465ee728b)
Start importing Assets/Scripts/Traps Damage.cs using Guid(e3fe797330dc27d49b666246d09da003) Importer(815301076,1909f56bfc062723c751e8b465ee728b)  -> (artifact id: 'c10b17d0bac5fbf6dbc6f133fcc08124') in 0.004492 seconds
  Import took 0.007358 seconds .

========================================================================
Received Import Request.
  Time since last request: 5.764766 seconds.
  path: Assets/Scripts/EnemyDamage.cs
  artifactKey: Guid(e3fe797330dc27d49b666246d09da003) Importer(815301076,1909f56bfc062723c751e8b465ee728b)
Start importing Assets/Scripts/EnemyDamage.cs using Guid(e3fe797330dc27d49b666246d09da003) Importer(815301076,1909f56bfc062723c751e8b465ee728b)  -> (artifact id: '2753e665d339590249f08538a3be2802') in 0.009926 seconds
  Import took 0.013594 seconds .

========================================================================
Received Prepare
Registering precompiled user dll's ...
Registered in 0.000909 seconds.
Begin MonoManager ReloadAssembly
Native extension for WindowsStandalone target not found
Refreshing native plugins compatible for Editor in 0.40 ms, found 1 plugins.
Preloading 0 native plugins for Editor in 0.00 ms.
Invoked RoslynAnalysisRunner static constructor.
RoslynAnalysisRunner will not be running.
RoslynAnalysisRunner has terminated.
Mono: successfully reloaded assembly
- Completed reload, in  0.605 seconds
Platform modules already initialized, skipping
Refreshing native plugins compatible for Editor in 0.75 ms, found 1 plugins.
Preloading 0 native plugins for Editor in 0.00 ms.
Unloading 1769 Unused Serialized files (Serialized files now loaded: 0)
System memory in use before: 87.8 MB.
System memory in use after: 88.0 MB.

Unloading 8 unused Assets to reduce memory usage. Loaded Objects now: 2417.
Total: 2.143700 ms (FindLiveObjects: 0.399800 ms CreateObjectMapping: 0.055300 ms MarkObjects: 1.670600 ms  DeleteObjects: 0.016800 ms)

========================================================================
Received Prepare
Registering precompiled user dll's ...
Registered in 0.001307 seconds.
Begin MonoManager ReloadAssembly
Native extension for WindowsStandalone target not found
Refreshing native plugins compatible for Editor in 0.39 ms, found 1 plugins.
Preloading 0 native plugins for Editor in 0.00 ms.
Invoked RoslynAnalysisRunner static constructor.
RoslynAnalysisRunner will not be running.
RoslynAnalysisRunner has terminated.
Mono: successfully reloaded assembly
- Completed reload, in  0.611 seconds
Platform modules already initialized, skipping
Refreshing native plugins compatible for Editor in 0.72 ms, found 1 plugins.
Preloading 0 native plugins for Editor in 0.00 ms.
Unloading 1769 Unused Serialized files (Serialized files now loaded: 0)
System memory in use before: 87.9 MB.
System memory in use after: 88.0 MB.

Unloading 8 unused Assets to reduce memory usage. Loaded Objects now: 2419.
Total: 1.850500 ms (FindLiveObjects: 0.262900 ms CreateObjectMapping: 0.052300 ms MarkObjects: 1.516900 ms  DeleteObjects: 0.017300 ms)

========================================================================
Received Prepare
Registering precompiled user dll's ...
Registered in 0.000933 seconds.
Begin MonoManager ReloadAssembly
Native extension for WindowsStandalone target not found
Refreshing native plugins compatible for Editor in 0.40 ms, found 1 plugins.
Preloading 0 native plugins for Editor in 0.00 ms.
Invoked RoslynAnalysisRunner static constructor.
RoslynAnalysisRunner will not be running.
RoslynAnalysisRunner has terminated.
Mono: successfully reloaded assembly
- Completed reload, in  0.706 seconds
Platform modules already initialized, skipping
Refreshing native plugins compatible for Editor in 0.86 ms, found 1 plugins.
Preloading 0 native plugins for Editor in 0.00 ms.
Unloading 1769 Unused Serialized files (Serialized files now loaded: 0)
System memory in use before: 87.9 MB.
System memory in use after: 88.0 MB.

Unloading 8 unused Assets to reduce memory usage. Loaded Objects now: 2421.
Total: 1.748700 ms (FindLiveObjects: 0.235100 ms CreateObjectMapping: 0.055900 ms MarkObjects: 1.441100 ms  DeleteObjects: 0.015600 ms)

========================================================================
Received Prepare
Registering precompiled user dll's ...
Registered in 0.000827 seconds.
Begin MonoManager ReloadAssembly
Native extension for WindowsStandalone target not found
Refreshing native plugins compatible for Editor in 0.43 ms, found 1 plugins.
Preloading 0 native plugins for Editor in 0.00 ms.
Invoked RoslynAnalysisRunner static constructor.
RoslynAnalysisRunner will not be running.
RoslynAnalysisRunner has terminated.
Mono: successfully reloaded assembly
- Completed reload, in  0.620 seconds
Platform modules already initialized, skipping
Refreshing native plugins compatible for Editor in 0.69 ms, found 1 plugins.
Preloading 0 native plugins for Editor in 0.00 ms.
Unloading 1769 Unused Serialized files (Serialized files now loaded: 0)
System memory in use before: 87.9 MB.
System memory in use after: 88.0 MB.

Unloading 8 unused Assets to reduce memory usage. Loaded Objects now: 2423.
Total: 1.934700 ms (FindLiveObjects: 0.287600 ms CreateObjectMapping: 0.060700 ms MarkObjects: 1.569100 ms  DeleteObjects: 0.016000 ms)

========================================================================
Received Prepare
Registering precompiled user dll's ...
Registered in 0.000847 seconds.
Begin MonoManager ReloadAssembly
Native extension for WindowsStandalone target not found
Refreshing native plugins compatible for Editor in 0.39 ms, found 1 plugins.
Preloading 0 native plugins for Editor in 0.00 ms.
Invoked RoslynAnalysisRunner static constructor.
RoslynAnalysisRunner will not be running.
RoslynAnalysisRunner has terminated.
Mono: successfully reloaded assembly
- Completed reload, in  0.608 seconds
Platform modules already initialized, skipping
Refreshing native plugins compatible for Editor in 0.79 ms, found 1 plugins.
Preloading 0 native plugins for Editor in 0.00 ms.
Unloading 1769 Unused Serialized files (Serialized files now loaded: 0)
System memory in use before: 87.9 MB.
System memory in use after: 88.0 MB.

Unloading 8 unused Assets to reduce memory usage. Loaded Objects now: 2425.
Total: 1.822600 ms (FindLiveObjects: 0.245200 ms CreateObjectMapping: 0.057400 ms MarkObjects: 1.498000 ms  DeleteObjects: 0.021100 ms)

========================================================================
Received Prepare
Registering precompiled user dll's ...
Registered in 0.000857 seconds.
Begin MonoManager ReloadAssembly
Native extension for WindowsStandalone target not found
Refreshing native plugins compatible for Editor in 0.40 ms, found 1 plugins.
Preloading 0 native plugins for Editor in 0.00 ms.
Invoked RoslynAnalysisRunner static constructor.
RoslynAnalysisRunner will not be running.
RoslynAnalysisRunner has terminated.
Mono: successfully reloaded assembly
- Completed reload, in  0.618 seconds
Platform modules already initialized, skipping
Refreshing native plugins compatible for Editor in 0.77 ms, found 1 plugins.
Preloading 0 native plugins for Editor in 0.00 ms.
Unloading 1769 Unused Serialized files (Serialized files now loaded: 0)
System memory in use before: 87.9 MB.
System memory in use after: 88.0 MB.

Unloading 8 unused Assets to reduce memory usage. Loaded Objects now: 2427.
Total: 2.045500 ms (FindLiveObjects: 0.338100 ms CreateObjectMapping: 0.085300 ms MarkObjects: 1.605500 ms  DeleteObjects: 0.015700 ms)

========================================================================
Received Prepare
Registering precompiled user dll's ...
Registered in 0.000895 seconds.
Begin MonoManager ReloadAssembly
Native extension for WindowsStandalone target not found
Refreshing native plugins compatible for Editor in 0.38 ms, found 1 plugins.
Preloading 0 native plugins for Editor in 0.00 ms.
Invoked RoslynAnalysisRunner static constructor.
RoslynAnalysisRunner will not be running.
RoslynAnalysisRunner has terminated.
Mono: successfully reloaded assembly
- Completed reload, in  0.602 seconds
Platform modules already initialized, skipping
Refreshing native plugins compatible for Editor in 0.75 ms, found 1 plugins.
Preloading 0 native plugins for Editor in 0.00 ms.
Unloading 1769 Unused Serialized files (Serialized files now loaded: 0)
System memory in use before: 87.9 MB.
System memory in use after: 88.0 MB.

Unloading 8 unused Assets to reduce memory usage. Loaded Objects now: 2429.
Total: 1.880100 ms (FindLiveObjects: 0.251900 ms CreateObjectMapping: 0.050600 ms MarkObjects: 1.560400 ms  DeleteObjects: 0.016200 ms)

========================================================================
Received Import Request.
  Time since last request: 1622.593355 seconds.
  path: Assets/Pixel Adventure 2/Assets/Enemies/Bat
  artifactKey: Guid(126e96ff42a726241b72186e47589c93) Importer(815301076,1909f56bfc062723c751e8b465ee728b)
Start importing Assets/Pixel Adventure 2/Assets/Enemies/Bat using Guid(126e96ff42a726241b72186e47589c93) Importer(815301076,1909f56bfc062723c751e8b465ee728b)  -> (artifact id: 'a7a91ee42e5d111494c0036e982719a8') in 0.013865 seconds
  Import took 0.017043 seconds .

========================================================================
Received Import Request.
  Time since last request: 254.496331 seconds.
  path: Assets/Scripts/Arrowtrap.cs
  artifactKey: Guid(905c97554eb5b93468bd7b861ef58f62) Importer(815301076,1909f56bfc062723c751e8b465ee728b)
Start importing Assets/Scripts/Arrowtrap.cs using Guid(905c97554eb5b93468bd7b861ef58f62) Importer(815301076,1909f56bfc062723c751e8b465ee728b)  -> (artifact id: '25ac5c8c6f28ad4d3823ad5067c0f95f') in 0.010006 seconds
  Import took 0.013461 seconds .

========================================================================
Received Prepare
Registering precompiled user dll's ...
Registered in 0.000851 seconds.
Begin MonoManager ReloadAssembly
Native extension for WindowsStandalone target not found
Refreshing native plugins compatible for Editor in 0.43 ms, found 1 plugins.
Preloading 0 native plugins for Editor in 0.00 ms.
Invoked RoslynAnalysisRunner static constructor.
RoslynAnalysisRunner will not be running.
RoslynAnalysisRunner has terminated.
Mono: successfully reloaded assembly
- Completed reload, in  0.619 seconds
Platform modules already initialized, skipping
Refreshing native plugins compatible for Editor in 0.75 ms, found 1 plugins.
Preloading 0 native plugins for Editor in 0.00 ms.
Unloading 1770 Unused Serialized files (Serialized files now loaded: 0)
System memory in use before: 87.9 MB.
System memory in use after: 88.0 MB.

Unloading 8 unused Assets to reduce memory usage. Loaded Objects now: 2432.
Total: 1.837400 ms (FindLiveObjects: 0.233500 ms CreateObjectMapping: 0.051800 ms MarkObjects: 1.534600 ms  DeleteObjects: 0.016600 ms)

========================================================================
Received Import Request.
  Time since last request: 38.424601 seconds.
  path: Assets/Scripts/Arrowtrap.cs
  artifactKey: Guid(905c97554eb5b93468bd7b861ef58f62) Importer(815301076,1909f56bfc062723c751e8b465ee728b)
Start importing Assets/Scripts/Arrowtrap.cs using Guid(905c97554eb5b93468bd7b861ef58f62) Importer(815301076,1909f56bfc062723c751e8b465ee728b)  -> (artifact id: '0bab6e319db8ec4dcd316d26962c8718') in 0.005300 seconds
  Import took 0.008633 seconds .

========================================================================
Received Import Request.
  Time since last request: 7.531977 seconds.
  path: Assets/Scripts/ArrowTrap.cs
  artifactKey: Guid(905c97554eb5b93468bd7b861ef58f62) Importer(815301076,1909f56bfc062723c751e8b465ee728b)
Start importing Assets/Scripts/ArrowTrap.cs using Guid(905c97554eb5b93468bd7b861ef58f62) Importer(815301076,1909f56bfc062723c751e8b465ee728b)  -> (artifact id: '2228a5ba085b811c829d6c8cbfdf12b5') in 0.010224 seconds
  Import took 0.013303 seconds .

========================================================================
Received Prepare
Registering precompiled user dll's ...
Registered in 0.000949 seconds.
Begin MonoManager ReloadAssembly
Native extension for WindowsStandalone target not found
Refreshing native plugins compatible for Editor in 0.39 ms, found 1 plugins.
Preloading 0 native plugins for Editor in 0.00 ms.
Invoked RoslynAnalysisRunner static constructor.
RoslynAnalysisRunner will not be running.
RoslynAnalysisRunner has terminated.
Mono: successfully reloaded assembly
- Completed reload, in  0.593 seconds
Platform modules already initialized, skipping
Refreshing native plugins compatible for Editor in 0.81 ms, found 1 plugins.
Preloading 0 native plugins for Editor in 0.00 ms.
Unloading 1769 Unused Serialized files (Serialized files now loaded: 0)
System memory in use before: 87.9 MB.
System memory in use after: 88.0 MB.

Unloading 8 unused Assets to reduce memory usage. Loaded Objects now: 2434.
Total: 1.977500 ms (FindLiveObjects: 0.313300 ms CreateObjectMapping: 0.058100 ms MarkObjects: 1.590900 ms  DeleteObjects: 0.014300 ms)

========================================================================
Received Prepare
Registering precompiled user dll's ...
Registered in 0.000873 seconds.
Begin MonoManager ReloadAssembly
Native extension for WindowsStandalone target not found
Refreshing native plugins compatible for Editor in 0.40 ms, found 1 plugins.
Preloading 0 native plugins for Editor in 0.00 ms.
Invoked RoslynAnalysisRunner static constructor.
RoslynAnalysisRunner will not be running.
RoslynAnalysisRunner has terminated.
Mono: successfully reloaded assembly
- Completed reload, in  0.594 seconds
Platform modules already initialized, skipping
Refreshing native plugins compatible for Editor in 0.75 ms, found 1 plugins.
Preloading 0 native plugins for Editor in 0.00 ms.
Unloading 1769 Unused Serialized files (Serialized files now loaded: 0)
System memory in use before: 87.9 MB.
System memory in use after: 88.0 MB.

Unloading 8 unused Assets to reduce memory usage. Loaded Objects now: 2436.
Total: 1.930800 ms (FindLiveObjects: 0.286700 ms CreateObjectMapping: 0.044300 ms MarkObjects: 1.582700 ms  DeleteObjects: 0.016000 ms)

========================================================================
Received Prepare
Registering precompiled user dll's ...
Registered in 0.000912 seconds.
Begin MonoManager ReloadAssembly
Native extension for WindowsStandalone target not found
Refreshing native plugins compatible for Editor in 0.39 ms, found 1 plugins.
Preloading 0 native plugins for Editor in 0.00 ms.
Invoked RoslynAnalysisRunner static constructor.
RoslynAnalysisRunner will not be running.
RoslynAnalysisRunner has terminated.
Mono: successfully reloaded assembly
- Completed reload, in  0.598 seconds
Platform modules already initialized, skipping
Refreshing native plugins compatible for Editor in 0.77 ms, found 1 plugins.
Preloading 0 native plugins for Editor in 0.00 ms.
Unloading 1769 Unused Serialized files (Serialized files now loaded: 0)
System memory in use before: 87.9 MB.
System memory in use after: 88.0 MB.

Unloading 8 unused Assets to reduce memory usage. Loaded Objects now: 2438.
Total: 1.743000 ms (FindLiveObjects: 0.237300 ms CreateObjectMapping: 0.043800 ms MarkObjects: 1.446200 ms  DeleteObjects: 0.014700 ms)

========================================================================
Received Prepare
Registering precompiled user dll's ...
Registered in 0.000854 seconds.
Begin MonoManager ReloadAssembly
Native extension for WindowsStandalone target not found
Refreshing native plugins compatible for Editor in 0.43 ms, found 1 plugins.
Preloading 0 native plugins for Editor in 0.00 ms.
Invoked RoslynAnalysisRunner static constructor.
RoslynAnalysisRunner will not be running.
RoslynAnalysisRunner has terminated.
Mono: successfully reloaded assembly
- Completed reload, in  0.603 seconds
Platform modules already initialized, skipping
Refreshing native plugins compatible for Editor in 0.74 ms, found 1 plugins.
Preloading 0 native plugins for Editor in 0.00 ms.
Unloading 1769 Unused Serialized files (Serialized files now loaded: 0)
System memory in use before: 87.9 MB.
System memory in use after: 88.0 MB.

Unloading 8 unused Assets to reduce memory usage. Loaded Objects now: 2440.
Total: 1.916600 ms (FindLiveObjects: 0.219100 ms CreateObjectMapping: 0.051500 ms MarkObjects: 1.629400 ms  DeleteObjects: 0.015900 ms)

========================================================================
Received Import Request.
  Time since last request: 445.714982 seconds.
  path: Assets/Pixel Adventure 1/Scenes
  artifactKey: Guid(dbc7f956d9ee8744ba00759404b21d27) Importer(815301076,1909f56bfc062723c751e8b465ee728b)
Start importing Assets/Pixel Adventure 1/Scenes using Guid(dbc7f956d9ee8744ba00759404b21d27) Importer(815301076,1909f56bfc062723c751e8b465ee728b)  -> (artifact id: 'a55b310aaa892256b7af8d2d18a6e030') in 0.012799 seconds
  Import took 0.015977 seconds .

========================================================================
Received Import Request.
  Time since last request: 2.960558 seconds.
  path: Assets/Pixel Adventure 1/Scenes/Demo.unity
  artifactKey: Guid(2cda990e2423bbf4892e6590ba056729) Importer(815301076,1909f56bfc062723c751e8b465ee728b)
Start importing Assets/Pixel Adventure 1/Scenes/Demo.unity using Guid(2cda990e2423bbf4892e6590ba056729) Importer(815301076,1909f56bfc062723c751e8b465ee728b)  -> (artifact id: '267801a8dcbf38484a80ce002b04e0c7') in 0.015046 seconds
  Import took 0.017910 seconds .

========================================================================
Received Prepare
Registering precompiled user dll's ...
Registered in 0.000939 seconds.
Begin MonoManager ReloadAssembly
Native extension for WindowsStandalone target not found
Refreshing native plugins compatible for Editor in 0.38 ms, found 1 plugins.
Preloading 0 native plugins for Editor in 0.00 ms.
Invoked RoslynAnalysisRunner static constructor.
RoslynAnalysisRunner will not be running.
RoslynAnalysisRunner has terminated.
Mono: successfully reloaded assembly
- Completed reload, in  0.578 seconds
Platform modules already initialized, skipping
Refreshing native plugins compatible for Editor in 0.67 ms, found 1 plugins.
Preloading 0 native plugins for Editor in 0.00 ms.
Unloading 1769 Unused Serialized files (Serialized files now loaded: 0)
System memory in use before: 87.9 MB.
System memory in use after: 88.1 MB.

Unloading 8 unused Assets to reduce memory usage. Loaded Objects now: 2442.
Total: 1.818800 ms (FindLiveObjects: 0.222500 ms CreateObjectMapping: 0.056000 ms MarkObjects: 1.524900 ms  DeleteObjects: 0.014600 ms)

========================================================================
Received Import Request.
  Time since last request: 11.581569 seconds.
  path: Assets/Pixel Adventure 1/Assets/Items/Fruits
  artifactKey: Guid(d8c3b8ef4ce4d06449ed14a7e7f164fd) Importer(815301076,1909f56bfc062723c751e8b465ee728b)
Start importing Assets/Pixel Adventure 1/Assets/Items/Fruits using Guid(d8c3b8ef4ce4d06449ed14a7e7f164fd) Importer(815301076,1909f56bfc062723c751e8b465ee728b)  -> (artifact id: 'eaab10d49577a795bb51e7383915d0aa') in 0.013215 seconds
  Import took 0.016133 seconds .

========================================================================
Received Import Request.
  Time since last request: 11.247868 seconds.
  path: Assets/Pixel Adventure 1/Assets/Main Characters
  artifactKey: Guid(c674b6697fb2a834d9379dc2411ddde1) Importer(815301076,1909f56bfc062723c751e8b465ee728b)
Start importing Assets/Pixel Adventure 1/Assets/Main Characters using Guid(c674b6697fb2a834d9379dc2411ddde1) Importer(815301076,1909f56bfc062723c751e8b465ee728b)  -> (artifact id: '3c994e56746d879756c3976f57cbc857') in 0.013010 seconds
  Import took 0.015872 seconds .

========================================================================
Received Prepare
Registering precompiled user dll's ...
Registered in 0.001321 seconds.
Begin MonoManager ReloadAssembly
Native extension for WindowsStandalone target not found
Refreshing native plugins compatible for Editor in 0.39 ms, found 1 plugins.
Preloading 0 native plugins for Editor in 0.00 ms.
Invoked RoslynAnalysisRunner static constructor.
RoslynAnalysisRunner will not be running.
RoslynAnalysisRunner has terminated.
Mono: successfully reloaded assembly
- Completed reload, in  0.620 seconds
Platform modules already initialized, skipping
Refreshing native plugins compatible for Editor in 0.71 ms, found 1 plugins.
Preloading 0 native plugins for Editor in 0.00 ms.
Unloading 1769 Unused Serialized files (Serialized files now loaded: 0)
System memory in use before: 87.9 MB.
System memory in use after: 88.1 MB.

Unloading 8 unused Assets to reduce memory usage. Loaded Objects now: 2444.
Total: 1.931800 ms (FindLiveObjects: 0.342300 ms CreateObjectMapping: 0.056700 ms MarkObjects: 1.516400 ms  DeleteObjects: 0.014900 ms)

========================================================================
Received Import Request.
  Time since last request: 532.491438 seconds.
  path: Assets/Scripts/k.cs
  artifactKey: Guid(2de852f8ab50d32459dab879d58534b3) Importer(815301076,1909f56bfc062723c751e8b465ee728b)
Start importing Assets/Scripts/k.cs using Guid(2de852f8ab50d32459dab879d58534b3) Importer(815301076,1909f56bfc062723c751e8b465ee728b)  -> (artifact id: 'dd7e1b63f7638a2243a54ec79f7a4f2e') in 0.012878 seconds
  Import took 0.016074 seconds .

========================================================================
Received Prepare
Registering precompiled user dll's ...
Registered in 0.000819 seconds.
Begin MonoManager ReloadAssembly
Native extension for WindowsStandalone target not found
Refreshing native plugins compatible for Editor in 0.39 ms, found 1 plugins.
Preloading 0 native plugins for Editor in 0.00 ms.
Invoked RoslynAnalysisRunner static constructor.
RoslynAnalysisRunner will not be running.
RoslynAnalysisRunner has terminated.
Mono: successfully reloaded assembly
- Completed reload, in  0.730 seconds
Platform modules already initialized, skipping
Refreshing native plugins compatible for Editor in 0.98 ms, found 1 plugins.
Preloading 0 native plugins for Editor in 0.00 ms.
Unloading 1770 Unused Serialized files (Serialized files now loaded: 0)
System memory in use before: 88.0 MB.
System memory in use after: 88.1 MB.

Unloading 8 unused Assets to reduce memory usage. Loaded Objects now: 2447.
Total: 7.149500 ms (FindLiveObjects: 1.198100 ms CreateObjectMapping: 2.645100 ms MarkObjects: 3.276400 ms  DeleteObjects: 0.026800 ms)

========================================================================
Received Prepare
Registering precompiled user dll's ...
Registered in 0.001356 seconds.
Begin MonoManager ReloadAssembly
Native extension for WindowsStandalone target not found
Refreshing native plugins compatible for Editor in 0.39 ms, found 1 plugins.
Preloading 0 native plugins for Editor in 0.00 ms.
Invoked RoslynAnalysisRunner static constructor.
RoslynAnalysisRunner will not be running.
RoslynAnalysisRunner has terminated.
Mono: successfully reloaded assembly
- Completed reload, in  0.597 seconds
Platform modules already initialized, skipping
Refreshing native plugins compatible for Editor in 0.76 ms, found 1 plugins.
Preloading 0 native plugins for Editor in 0.00 ms.
Unloading 1770 Unused Serialized files (Serialized files now loaded: 0)
System memory in use before: 88.0 MB.
System memory in use after: 88.1 MB.

Unloading 8 unused Assets to reduce memory usage. Loaded Objects now: 2449.
Total: 2.336800 ms (FindLiveObjects: 0.378400 ms CreateObjectMapping: 0.057100 ms MarkObjects: 1.884700 ms  DeleteObjects: 0.015200 ms)

========================================================================
Received Import Request.
  Time since last request: 28.784802 seconds.
  path: Assets/Scripts/k.cs
  artifactKey: Guid(2de852f8ab50d32459dab879d58534b3) Importer(815301076,1909f56bfc062723c751e8b465ee728b)
Start importing Assets/Scripts/k.cs using Guid(2de852f8ab50d32459dab879d58534b3) Importer(815301076,1909f56bfc062723c751e8b465ee728b)  -> (artifact id: 'ca725a0347db6b0d222e03ae50622b89') in 0.004640 seconds
  Import took 0.007276 seconds .

========================================================================
Received Import Request.
  Time since last request: 4.816022 seconds.
  path: Assets/Scripts/MovingPlatform.cs
  artifactKey: Guid(2de852f8ab50d32459dab879d58534b3) Importer(815301076,1909f56bfc062723c751e8b465ee728b)
Start importing Assets/Scripts/MovingPlatform.cs using Guid(2de852f8ab50d32459dab879d58534b3) Importer(815301076,1909f56bfc062723c751e8b465ee728b)  -> (artifact id: '137ad375b4dfd15c65ee44a2fc9f1025') in 0.010453 seconds
  Import took 0.013501 seconds .

========================================================================
Received Prepare
Registering precompiled user dll's ...
Registered in 0.000903 seconds.
Begin MonoManager ReloadAssembly
Native extension for WindowsStandalone target not found
Refreshing native plugins compatible for Editor in 0.39 ms, found 1 plugins.
Preloading 0 native plugins for Editor in 0.00 ms.
Invoked RoslynAnalysisRunner static constructor.
RoslynAnalysisRunner will not be running.
RoslynAnalysisRunner has terminated.
Mono: successfully reloaded assembly
- Completed reload, in  0.601 seconds
Platform modules already initialized, skipping
Refreshing native plugins compatible for Editor in 0.83 ms, found 1 plugins.
Preloading 0 native plugins for Editor in 0.00 ms.
Unloading 1770 Unused Serialized files (Serialized files now loaded: 0)
System memory in use before: 88.0 MB.
System memory in use after: 88.1 MB.

Unloading 8 unused Assets to reduce memory usage. Loaded Objects now: 2451.
Total: 1.851000 ms (FindLiveObjects: 0.201300 ms CreateObjectMapping: 0.052300 ms MarkObjects: 1.581000 ms  DeleteObjects: 0.015600 ms)

========================================================================
Received Prepare
Registering precompiled user dll's ...
Registered in 0.001217 seconds.
Begin MonoManager ReloadAssembly
Native extension for WindowsStandalone target not found
Refreshing native plugins compatible for Editor in 0.40 ms, found 1 plugins.
Preloading 0 native plugins for Editor in 0.00 ms.
Invoked RoslynAnalysisRunner static constructor.
RoslynAnalysisRunner will not be running.
RoslynAnalysisRunner has terminated.
Mono: successfully reloaded assembly
- Completed reload, in  0.617 seconds
Platform modules already initialized, skipping
Refreshing native plugins compatible for Editor in 0.74 ms, found 1 plugins.
Preloading 0 native plugins for Editor in 0.00 ms.
Unloading 1770 Unused Serialized files (Serialized files now loaded: 0)
System memory in use before: 88.0 MB.
System memory in use after: 88.1 MB.

Unloading 8 unused Assets to reduce memory usage. Loaded Objects now: 2453.
Total: 1.965500 ms (FindLiveObjects: 0.265100 ms CreateObjectMapping: 0.052000 ms MarkObjects: 1.630500 ms  DeleteObjects: 0.016300 ms)

========================================================================
Received Prepare
Registering precompiled user dll's ...
Registered in 0.000857 seconds.
Begin MonoManager ReloadAssembly
Native extension for WindowsStandalone target not found
Refreshing native plugins compatible for Editor in 0.39 ms, found 1 plugins.
Preloading 0 native plugins for Editor in 0.00 ms.
Invoked RoslynAnalysisRunner static constructor.
RoslynAnalysisRunner will not be running.
RoslynAnalysisRunner has terminated.
Mono: successfully reloaded assembly
- Completed reload, in  0.596 seconds
Platform modules already initialized, skipping
Refreshing native plugins compatible for Editor in 0.70 ms, found 1 plugins.
Preloading 0 native plugins for Editor in 0.00 ms.
Unloading 1770 Unused Serialized files (Serialized files now loaded: 0)
System memory in use before: 88.0 MB.
System memory in use after: 88.1 MB.

Unloading 8 unused Assets to reduce memory usage. Loaded Objects now: 2455.
Total: 1.860800 ms (FindLiveObjects: 0.186500 ms CreateObjectMapping: 0.049800 ms MarkObjects: 1.609100 ms  DeleteObjects: 0.014500 ms)

========================================================================
Received Prepare
Registering precompiled user dll's ...
Registered in 0.001044 seconds.
Begin MonoManager ReloadAssembly
Native extension for WindowsStandalone target not found
Refreshing native plugins compatible for Editor in 0.38 ms, found 1 plugins.
Preloading 0 native plugins for Editor in 0.00 ms.
Invoked RoslynAnalysisRunner static constructor.
RoslynAnalysisRunner will not be running.
RoslynAnalysisRunner has terminated.
Mono: successfully reloaded assembly
- Completed reload, in  0.583 seconds
Platform modules already initialized, skipping
Refreshing native plugins compatible for Editor in 0.76 ms, found 1 plugins.
Preloading 0 native plugins for Editor in 0.00 ms.
Unloading 1770 Unused Serialized files (Serialized files now loaded: 0)
System memory in use before: 88.0 MB.
System memory in use after: 88.1 MB.

Unloading 8 unused Assets to reduce memory usage. Loaded Objects now: 2457.
Total: 2.122100 ms (FindLiveObjects: 0.292000 ms CreateObjectMapping: 0.059100 ms MarkObjects: 1.749200 ms  DeleteObjects: 0.020700 ms)

========================================================================
Received Prepare
Registering precompiled user dll's ...
Registered in 0.000868 seconds.
Begin MonoManager ReloadAssembly
Native extension for WindowsStandalone target not found
Refreshing native plugins compatible for Editor in 1.33 ms, found 1 plugins.
Preloading 0 native plugins for Editor in 0.00 ms.
Invoked RoslynAnalysisRunner static constructor.
RoslynAnalysisRunner will not be running.
RoslynAnalysisRunner has terminated.
Mono: successfully reloaded assembly
- Completed reload, in  0.624 seconds
Platform modules already initialized, skipping
Refreshing native plugins compatible for Editor in 0.75 ms, found 1 plugins.
Preloading 0 native plugins for Editor in 0.00 ms.
Unloading 1770 Unused Serialized files (Serialized files now loaded: 0)
System memory in use before: 88.0 MB.
System memory in use after: 88.1 MB.

Unloading 8 unused Assets to reduce memory usage. Loaded Objects now: 2459.
Total: 2.622300 ms (FindLiveObjects: 0.269900 ms CreateObjectMapping: 0.079800 ms MarkObjects: 2.232500 ms  DeleteObjects: 0.039400 ms)

========================================================================
Received Prepare
Registering precompiled user dll's ...
Registered in 0.000862 seconds.
Begin MonoManager ReloadAssembly
Native extension for WindowsStandalone target not found
Refreshing native plugins compatible for Editor in 0.39 ms, found 1 plugins.
Preloading 0 native plugins for Editor in 0.00 ms.
Invoked RoslynAnalysisRunner static constructor.
RoslynAnalysisRunner will not be running.
RoslynAnalysisRunner has terminated.
Mono: successfully reloaded assembly
- Completed reload, in  0.614 seconds
Platform modules already initialized, skipping
Refreshing native plugins compatible for Editor in 0.73 ms, found 1 plugins.
Preloading 0 native plugins for Editor in 0.00 ms.
Unloading 1770 Unused Serialized files (Serialized files now loaded: 0)
System memory in use before: 88.0 MB.
System memory in use after: 88.1 MB.

Unloading 8 unused Assets to reduce memory usage. Loaded Objects now: 2461.
Total: 1.889600 ms (FindLiveObjects: 0.221500 ms CreateObjectMapping: 0.050800 ms MarkObjects: 1.600600 ms  DeleteObjects: 0.015200 ms)

========================================================================
Received Prepare
Registering precompiled user dll's ...
Registered in 0.000867 seconds.
Begin MonoManager ReloadAssembly
Native extension for WindowsStandalone target not found
Refreshing native plugins compatible for Editor in 0.39 ms, found 1 plugins.
Preloading 0 native plugins for Editor in 0.00 ms.
Invoked RoslynAnalysisRunner static constructor.
RoslynAnalysisRunner will not be running.
RoslynAnalysisRunner has terminated.
Mono: successfully reloaded assembly
- Completed reload, in  0.592 seconds
Platform modules already initialized, skipping
Refreshing native plugins compatible for Editor in 0.73 ms, found 1 plugins.
Preloading 0 native plugins for Editor in 0.00 ms.
Unloading 1770 Unused Serialized files (Serialized files now loaded: 0)
System memory in use before: 88.0 MB.
System memory in use after: 88.2 MB.

Unloading 8 unused Assets to reduce memory usage. Loaded Objects now: 2463.
Total: 1.924900 ms (FindLiveObjects: 0.244600 ms CreateObjectMapping: 0.058700 ms MarkObjects: 1.606700 ms  DeleteObjects: 0.014200 ms)

========================================================================
Received Prepare
Registering precompiled user dll's ...
Registered in 0.001102 seconds.
Begin MonoManager ReloadAssembly
Native extension for WindowsStandalone target not found
Refreshing native plugins compatible for Editor in 0.41 ms, found 1 plugins.
Preloading 0 native plugins for Editor in 0.00 ms.
Invoked RoslynAnalysisRunner static constructor.
RoslynAnalysisRunner will not be running.
RoslynAnalysisRunner has terminated.
Mono: successfully reloaded assembly
- Completed reload, in  0.596 seconds
Platform modules already initialized, skipping
Refreshing native plugins compatible for Editor in 0.54 ms, found 1 plugins.
Preloading 0 native plugins for Editor in 0.00 ms.
Unloading 1770 Unused Serialized files (Serialized files now loaded: 0)
System memory in use before: 88.0 MB.
System memory in use after: 88.2 MB.

Unloading 8 unused Assets to reduce memory usage. Loaded Objects now: 2465.
Total: 1.778200 ms (FindLiveObjects: 0.215300 ms CreateObjectMapping: 0.050400 ms MarkObjects: 1.494200 ms  DeleteObjects: 0.017100 ms)

========================================================================
Received Import Request.
  Time since last request: 1976.551817 seconds.
  path: Assets/Scripts/MovingPlatform.cs
  artifactKey: Guid(2de852f8ab50d32459dab879d58534b3) Importer(815301076,1909f56bfc062723c751e8b465ee728b)
Start importing Assets/Scripts/MovingPlatform.cs using Guid(2de852f8ab50d32459dab879d58534b3) Importer(815301076,1909f56bfc062723c751e8b465ee728b)  -> (artifact id: '9f4d1f9be2dcd1fcfe339781cdb89bb2') in 0.004763 seconds
  Import took 0.008006 seconds .

========================================================================
Received Prepare
Registering precompiled user dll's ...
Registered in 0.000861 seconds.
Begin MonoManager ReloadAssembly
Native extension for WindowsStandalone target not found
Refreshing native plugins compatible for Editor in 0.39 ms, found 1 plugins.
Preloading 0 native plugins for Editor in 0.00 ms.
Invoked RoslynAnalysisRunner static constructor.
RoslynAnalysisRunner will not be running.
RoslynAnalysisRunner has terminated.
Mono: successfully reloaded assembly
- Completed reload, in  0.600 seconds
Platform modules already initialized, skipping
Refreshing native plugins compatible for Editor in 0.72 ms, found 1 plugins.
Preloading 0 native plugins for Editor in 0.00 ms.
Unloading 1770 Unused Serialized files (Serialized files now loaded: 0)
System memory in use before: 88.0 MB.
System memory in use after: 88.2 MB.

Unloading 8 unused Assets to reduce memory usage. Loaded Objects now: 2467.
Total: 2.578600 ms (FindLiveObjects: 0.238000 ms CreateObjectMapping: 0.051500 ms MarkObjects: 2.270100 ms  DeleteObjects: 0.017700 ms)

========================================================================
Received Prepare
Registering precompiled user dll's ...
Registered in 0.000930 seconds.
Begin MonoManager ReloadAssembly
Native extension for WindowsStandalone target not found
Refreshing native plugins compatible for Editor in 0.39 ms, found 1 plugins.
Preloading 0 native plugins for Editor in 0.00 ms.
Invoked RoslynAnalysisRunner static constructor.
RoslynAnalysisRunner will not be running.
RoslynAnalysisRunner has terminated.
Mono: successfully reloaded assembly
- Completed reload, in  0.600 seconds
Platform modules already initialized, skipping
Refreshing native plugins compatible for Editor in 0.75 ms, found 1 plugins.
Preloading 0 native plugins for Editor in 0.00 ms.
Unloading 1770 Unused Serialized files (Serialized files now loaded: 0)
System memory in use before: 88.1 MB.
System memory in use after: 88.2 MB.

Unloading 8 unused Assets to reduce memory usage. Loaded Objects now: 2469.
Total: 2.027600 ms (FindLiveObjects: 0.245900 ms CreateObjectMapping: 0.050000 ms MarkObjects: 1.713100 ms  DeleteObjects: 0.015800 ms)

========================================================================
Received Prepare
Registering precompiled user dll's ...
Registered in 0.000847 seconds.
Begin MonoManager ReloadAssembly
Native extension for WindowsStandalone target not found
Refreshing native plugins compatible for Editor in 0.39 ms, found 1 plugins.
Preloading 0 native plugins for Editor in 0.00 ms.
Invoked RoslynAnalysisRunner static constructor.
RoslynAnalysisRunner will not be running.
RoslynAnalysisRunner has terminated.
Mono: successfully reloaded assembly
- Completed reload, in  0.604 seconds
Platform modules already initialized, skipping
Refreshing native plugins compatible for Editor in 0.72 ms, found 1 plugins.
Preloading 0 native plugins for Editor in 0.00 ms.
Unloading 1770 Unused Serialized files (Serialized files now loaded: 0)
System memory in use before: 88.1 MB.
System memory in use after: 88.2 MB.

Unloading 8 unused Assets to reduce memory usage. Loaded Objects now: 2471.
Total: 1.777000 ms (FindLiveObjects: 0.220600 ms CreateObjectMapping: 0.063900 ms MarkObjects: 1.476000 ms  DeleteObjects: 0.015400 ms)

========================================================================
Received Prepare
Registering precompiled user dll's ...
Registered in 0.000833 seconds.
Begin MonoManager ReloadAssembly
Native extension for WindowsStandalone target not found
Refreshing native plugins compatible for Editor in 0.40 ms, found 1 plugins.
Preloading 0 native plugins for Editor in 0.00 ms.
Invoked RoslynAnalysisRunner static constructor.
RoslynAnalysisRunner will not be running.
RoslynAnalysisRunner has terminated.
Mono: successfully reloaded assembly
- Completed reload, in  0.627 seconds
Platform modules already initialized, skipping
Refreshing native plugins compatible for Editor in 0.70 ms, found 1 plugins.
Preloading 0 native plugins for Editor in 0.00 ms.
Unloading 1770 Unused Serialized files (Serialized files now loaded: 0)
System memory in use before: 88.1 MB.
System memory in use after: 88.2 MB.

Unloading 8 unused Assets to reduce memory usage. Loaded Objects now: 2473.
Total: 2.054300 ms (FindLiveObjects: 0.230600 ms CreateObjectMapping: 0.064100 ms MarkObjects: 1.742800 ms  DeleteObjects: 0.015900 ms)

========================================================================
Received Prepare
Registering precompiled user dll's ...
Registered in 0.000980 seconds.
Begin MonoManager ReloadAssembly
Native extension for WindowsStandalone target not found
Refreshing native plugins compatible for Editor in 0.38 ms, found 1 plugins.
Preloading 0 native plugins for Editor in 0.00 ms.
Invoked RoslynAnalysisRunner static constructor.
RoslynAnalysisRunner will not be running.
RoslynAnalysisRunner has terminated.
Mono: successfully reloaded assembly
- Completed reload, in  0.593 seconds
Platform modules already initialized, skipping
Refreshing native plugins compatible for Editor in 0.70 ms, found 1 plugins.
Preloading 0 native plugins for Editor in 0.00 ms.
Unloading 1770 Unused Serialized files (Serialized files now loaded: 0)
System memory in use before: 88.1 MB.
System memory in use after: 88.2 MB.

Unloading 8 unused Assets to reduce memory usage. Loaded Objects now: 2475.
Total: 1.969300 ms (FindLiveObjects: 0.336200 ms CreateObjectMapping: 0.058900 ms MarkObjects: 1.559100 ms  DeleteObjects: 0.013700 ms)

========================================================================
Received Import Request.
  Time since last request: 708.725711 seconds.
  path: Assets/Scripts/PlayerMovement.cs
  artifactKey: Guid(bad90225a3078c64db7ad940e9a90d3c) Importer(815301076,1909f56bfc062723c751e8b465ee728b)
Start importing Assets/Scripts/PlayerMovement.cs using Guid(bad90225a3078c64db7ad940e9a90d3c) Importer(815301076,1909f56bfc062723c751e8b465ee728b)  -> (artifact id: '44e266713f23dec5c156be4693561baf') in 0.014462 seconds
  Import took 0.017481 seconds .

========================================================================
Received Prepare
Registering precompiled user dll's ...
Registered in 0.000999 seconds.
Begin MonoManager ReloadAssembly
Native extension for WindowsStandalone target not found
Refreshing native plugins compatible for Editor in 0.38 ms, found 1 plugins.
Preloading 0 native plugins for Editor in 0.00 ms.
Invoked RoslynAnalysisRunner static constructor.
RoslynAnalysisRunner will not be running.
RoslynAnalysisRunner has terminated.
Mono: successfully reloaded assembly
- Completed reload, in  0.576 seconds
Platform modules already initialized, skipping
Refreshing native plugins compatible for Editor in 0.72 ms, found 1 plugins.
Preloading 0 native plugins for Editor in 0.00 ms.
Unloading 1770 Unused Serialized files (Serialized files now loaded: 0)
System memory in use before: 88.1 MB.
System memory in use after: 88.2 MB.

Unloading 8 unused Assets to reduce memory usage. Loaded Objects now: 2477.
Total: 1.893000 ms (FindLiveObjects: 0.235400 ms CreateObjectMapping: 0.057600 ms MarkObjects: 1.583300 ms  DeleteObjects: 0.015500 ms)

========================================================================
Received Prepare
Registering precompiled user dll's ...
Registered in 0.000946 seconds.
Begin MonoManager ReloadAssembly
Native extension for WindowsStandalone target not found
Refreshing native plugins compatible for Editor in 0.42 ms, found 1 plugins.
Preloading 0 native plugins for Editor in 0.00 ms.
Invoked RoslynAnalysisRunner static constructor.
RoslynAnalysisRunner will not be running.
RoslynAnalysisRunner has terminated.
Mono: successfully reloaded assembly
- Completed reload, in  0.597 seconds
Platform modules already initialized, skipping
Refreshing native plugins compatible for Editor in 0.81 ms, found 1 plugins.
Preloading 0 native plugins for Editor in 0.00 ms.
Unloading 1770 Unused Serialized files (Serialized files now loaded: 0)
System memory in use before: 88.1 MB.
System memory in use after: 88.2 MB.

Unloading 8 unused Assets to reduce memory usage. Loaded Objects now: 2479.
Total: 1.943500 ms (FindLiveObjects: 0.279600 ms CreateObjectMapping: 0.050100 ms MarkObjects: 1.597100 ms  DeleteObjects: 0.015700 ms)

========================================================================
Received Prepare
Registering precompiled user dll's ...
Registered in 0.000991 seconds.
Begin MonoManager ReloadAssembly
Native extension for WindowsStandalone target not found
Refreshing native plugins compatible for Editor in 0.43 ms, found 1 plugins.
Preloading 0 native plugins for Editor in 0.00 ms.
Invoked RoslynAnalysisRunner static constructor.
RoslynAnalysisRunner will not be running.
RoslynAnalysisRunner has terminated.
Mono: successfully reloaded assembly
- Completed reload, in  0.621 seconds
Platform modules already initialized, skipping
Refreshing native plugins compatible for Editor in 0.83 ms, found 1 plugins.
Preloading 0 native plugins for Editor in 0.00 ms.
Unloading 1770 Unused Serialized files (Serialized files now loaded: 0)
System memory in use before: 88.1 MB.
System memory in use after: 88.2 MB.

Unloading 8 unused Assets to reduce memory usage. Loaded Objects now: 2481.
Total: 2.011100 ms (FindLiveObjects: 0.256900 ms CreateObjectMapping: 0.051000 ms MarkObjects: 1.686400 ms  DeleteObjects: 0.015800 ms)

========================================================================
Received Prepare
Registering precompiled user dll's ...
Registered in 0.000923 seconds.
Begin MonoManager ReloadAssembly
Native extension for WindowsStandalone target not found
Refreshing native plugins compatible for Editor in 0.40 ms, found 1 plugins.
Preloading 0 native plugins for Editor in 0.00 ms.
Invoked RoslynAnalysisRunner static constructor.
RoslynAnalysisRunner will not be running.
RoslynAnalysisRunner has terminated.
Mono: successfully reloaded assembly
- Completed reload, in  0.715 seconds
Platform modules already initialized, skipping
Refreshing native plugins compatible for Editor in 0.75 ms, found 1 plugins.
Preloading 0 native plugins for Editor in 0.00 ms.
Unloading 1770 Unused Serialized files (Serialized files now loaded: 0)
System memory in use before: 88.1 MB.
System memory in use after: 88.2 MB.

Unloading 8 unused Assets to reduce memory usage. Loaded Objects now: 2483.
Total: 1.826000 ms (FindLiveObjects: 0.220400 ms CreateObjectMapping: 0.051100 ms MarkObjects: 1.537500 ms  DeleteObjects: 0.015700 ms)

========================================================================
Received Prepare
Registering precompiled user dll's ...
Registered in 0.000852 seconds.
Begin MonoManager ReloadAssembly
Native extension for WindowsStandalone target not found
Refreshing native plugins compatible for Editor in 0.39 ms, found 1 plugins.
Preloading 0 native plugins for Editor in 0.00 ms.
Invoked RoslynAnalysisRunner static constructor.
RoslynAnalysisRunner will not be running.
RoslynAnalysisRunner has terminated.
Mono: successfully reloaded assembly
- Completed reload, in  0.604 seconds
Platform modules already initialized, skipping
Refreshing native plugins compatible for Editor in 0.87 ms, found 1 plugins.
Preloading 0 native plugins for Editor in 0.00 ms.
Unloading 1770 Unused Serialized files (Serialized files now loaded: 0)
System memory in use before: 88.1 MB.
System memory in use after: 88.2 MB.

Unloading 8 unused Assets to reduce memory usage. Loaded Objects now: 2485.
Total: 2.037300 ms (FindLiveObjects: 0.275800 ms CreateObjectMapping: 0.051300 ms MarkObjects: 1.692200 ms  DeleteObjects: 0.016900 ms)

========================================================================
Received Prepare
Registering precompiled user dll's ...
Registered in 0.000894 seconds.
Begin MonoManager ReloadAssembly
Native extension for WindowsStandalone target not found
Refreshing native plugins compatible for Editor in 0.74 ms, found 1 plugins.
Preloading 0 native plugins for Editor in 0.00 ms.
Invoked RoslynAnalysisRunner static constructor.
RoslynAnalysisRunner will not be running.
RoslynAnalysisRunner has terminated.
Mono: successfully reloaded assembly
- Completed reload, in  0.608 seconds
Platform modules already initialized, skipping
Refreshing native plugins compatible for Editor in 0.73 ms, found 1 plugins.
Preloading 0 native plugins for Editor in 0.00 ms.
Unloading 1770 Unused Serialized files (Serialized files now loaded: 0)
System memory in use before: 88.1 MB.
System memory in use after: 88.2 MB.

Unloading 8 unused Assets to reduce memory usage. Loaded Objects now: 2487.
Total: 1.848500 ms (FindLiveObjects: 0.231700 ms CreateObjectMapping: 0.050200 ms MarkObjects: 1.550900 ms  DeleteObjects: 0.014900 ms)

========================================================================
Received Prepare
Registering precompiled user dll's ...
Registered in 0.000862 seconds.
Begin MonoManager ReloadAssembly
Native extension for WindowsStandalone target not found
Refreshing native plugins compatible for Editor in 0.38 ms, found 1 plugins.
Preloading 0 native plugins for Editor in 0.00 ms.
Invoked RoslynAnalysisRunner static constructor.
RoslynAnalysisRunner will not be running.
RoslynAnalysisRunner has terminated.
Mono: successfully reloaded assembly
- Completed reload, in  0.606 seconds
Platform modules already initialized, skipping
Refreshing native plugins compatible for Editor in 0.76 ms, found 1 plugins.
Preloading 0 native plugins for Editor in 0.00 ms.
Unloading 1770 Unused Serialized files (Serialized files now loaded: 0)
System memory in use before: 88.1 MB.
System memory in use after: 88.2 MB.

Unloading 8 unused Assets to reduce memory usage. Loaded Objects now: 2489.
Total: 2.081300 ms (FindLiveObjects: 0.391500 ms CreateObjectMapping: 0.068500 ms MarkObjects: 1.605700 ms  DeleteObjects: 0.014700 ms)

========================================================================
Received Prepare
Registering precompiled user dll's ...
Registered in 0.001044 seconds.
Begin MonoManager ReloadAssembly
Native extension for WindowsStandalone target not found
Refreshing native plugins compatible for Editor in 0.46 ms, found 1 plugins.
Preloading 0 native plugins for Editor in 0.00 ms.
Invoked RoslynAnalysisRunner static constructor.
RoslynAnalysisRunner will not be running.
RoslynAnalysisRunner has terminated.
Mono: successfully reloaded assembly
- Completed reload, in  0.633 seconds
Platform modules already initialized, skipping
Refreshing native plugins compatible for Editor in 0.71 ms, found 1 plugins.
Preloading 0 native plugins for Editor in 0.00 ms.
Unloading 1770 Unused Serialized files (Serialized files now loaded: 0)
System memory in use before: 88.1 MB.
System memory in use after: 88.3 MB.

Unloading 8 unused Assets to reduce memory usage. Loaded Objects now: 2491.
Total: 1.800800 ms (FindLiveObjects: 0.214800 ms CreateObjectMapping: 0.052300 ms MarkObjects: 1.518600 ms  DeleteObjects: 0.014300 ms)

========================================================================
Received Prepare
Registering precompiled user dll's ...
Registered in 0.001264 seconds.
Begin MonoManager ReloadAssembly
Native extension for WindowsStandalone target not found
Refreshing native plugins compatible for Editor in 0.65 ms, found 1 plugins.
Preloading 0 native plugins for Editor in 0.00 ms.
Invoked RoslynAnalysisRunner static constructor.
RoslynAnalysisRunner will not be running.
RoslynAnalysisRunner has terminated.
Mono: successfully reloaded assembly
- Completed reload, in  0.610 seconds
Platform modules already initialized, skipping
Refreshing native plugins compatible for Editor in 0.93 ms, found 1 plugins.
Preloading 0 native plugins for Editor in 0.00 ms.
Unloading 1770 Unused Serialized files (Serialized files now loaded: 0)
System memory in use before: 88.1 MB.
System memory in use after: 88.3 MB.

Unloading 8 unused Assets to reduce memory usage. Loaded Objects now: 2493.
Total: 1.850900 ms (FindLiveObjects: 0.263700 ms CreateObjectMapping: 0.053900 ms MarkObjects: 1.517500 ms  DeleteObjects: 0.014600 ms)

========================================================================
Received Prepare
Registering precompiled user dll's ...
Registered in 0.000862 seconds.
Begin MonoManager ReloadAssembly
Native extension for WindowsStandalone target not found
Refreshing native plugins compatible for Editor in 0.39 ms, found 1 plugins.
Preloading 0 native plugins for Editor in 0.00 ms.
Invoked RoslynAnalysisRunner static constructor.
RoslynAnalysisRunner will not be running.
RoslynAnalysisRunner has terminated.
Mono: successfully reloaded assembly
- Completed reload, in  0.604 seconds
Platform modules already initialized, skipping
Refreshing native plugins compatible for Editor in 0.74 ms, found 1 plugins.
Preloading 0 native plugins for Editor in 0.00 ms.
Unloading 1770 Unused Serialized files (Serialized files now loaded: 0)
System memory in use before: 88.1 MB.
System memory in use after: 88.3 MB.

Unloading 8 unused Assets to reduce memory usage. Loaded Objects now: 2495.
Total: 1.875900 ms (FindLiveObjects: 0.247900 ms CreateObjectMapping: 0.053300 ms MarkObjects: 1.557100 ms  DeleteObjects: 0.016100 ms)

========================================================================
Received Prepare
Registering precompiled user dll's ...
Registered in 0.000835 seconds.
Begin MonoManager ReloadAssembly
Native extension for WindowsStandalone target not found
Refreshing native plugins compatible for Editor in 0.39 ms, found 1 plugins.
Preloading 0 native plugins for Editor in 0.00 ms.
Invoked RoslynAnalysisRunner static constructor.
RoslynAnalysisRunner will not be running.
RoslynAnalysisRunner has terminated.
Mono: successfully reloaded assembly
- Completed reload, in  0.616 seconds
Platform modules already initialized, skipping
Refreshing native plugins compatible for Editor in 0.85 ms, found 1 plugins.
Preloading 0 native plugins for Editor in 0.00 ms.
Unloading 1770 Unused Serialized files (Serialized files now loaded: 0)
System memory in use before: 88.2 MB.
System memory in use after: 88.3 MB.

Unloading 8 unused Assets to reduce memory usage. Loaded Objects now: 2497.
Total: 1.846200 ms (FindLiveObjects: 0.226600 ms CreateObjectMapping: 0.053100 ms MarkObjects: 1.550200 ms  DeleteObjects: 0.015300 ms)

========================================================================
Received Prepare
Registering precompiled user dll's ...
Registered in 0.000899 seconds.
Begin MonoManager ReloadAssembly
Native extension for WindowsStandalone target not found
Refreshing native plugins compatible for Editor in 0.41 ms, found 1 plugins.
Preloading 0 native plugins for Editor in 0.00 ms.
Invoked RoslynAnalysisRunner static constructor.
RoslynAnalysisRunner will not be running.
RoslynAnalysisRunner has terminated.
Mono: successfully reloaded assembly
- Completed reload, in  0.626 seconds
Platform modules already initialized, skipping
Refreshing native plugins compatible for Editor in 0.80 ms, found 1 plugins.
Preloading 0 native plugins for Editor in 0.00 ms.
Unloading 1770 Unused Serialized files (Serialized files now loaded: 0)
System memory in use before: 88.2 MB.
System memory in use after: 88.3 MB.

Unloading 8 unused Assets to reduce memory usage. Loaded Objects now: 2499.
Total: 1.797000 ms (FindLiveObjects: 0.221100 ms CreateObjectMapping: 0.051400 ms MarkObjects: 1.508900 ms  DeleteObjects: 0.014700 ms)

========================================================================
Received Prepare
Registering precompiled user dll's ...
Registered in 0.000838 seconds.
Begin MonoManager ReloadAssembly
Native extension for WindowsStandalone target not found
Refreshing native plugins compatible for Editor in 0.39 ms, found 1 plugins.
Preloading 0 native plugins for Editor in 0.00 ms.
Invoked RoslynAnalysisRunner static constructor.
RoslynAnalysisRunner will not be running.
RoslynAnalysisRunner has terminated.
Mono: successfully reloaded assembly
- Completed reload, in  0.610 seconds
Platform modules already initialized, skipping
Refreshing native plugins compatible for Editor in 0.81 ms, found 1 plugins.
Preloading 0 native plugins for Editor in 0.00 ms.
Unloading 1770 Unused Serialized files (Serialized files now loaded: 0)
System memory in use before: 88.2 MB.
System memory in use after: 88.3 MB.

Unloading 8 unused Assets to reduce memory usage. Loaded Objects now: 2501.
Total: 2.128400 ms (FindLiveObjects: 0.297400 ms CreateObjectMapping: 0.058200 ms MarkObjects: 1.754000 ms  DeleteObjects: 0.017700 ms)

========================================================================
Received Prepare
Registering precompiled user dll's ...
Registered in 0.000972 seconds.
Begin MonoManager ReloadAssembly
Native extension for WindowsStandalone target not found
Refreshing native plugins compatible for Editor in 0.39 ms, found 1 plugins.
Preloading 0 native plugins for Editor in 0.00 ms.
Invoked RoslynAnalysisRunner static constructor.
RoslynAnalysisRunner will not be running.
RoslynAnalysisRunner has terminated.
Mono: successfully reloaded assembly
- Completed reload, in  0.608 seconds
Platform modules already initialized, skipping
Refreshing native plugins compatible for Editor in 0.78 ms, found 1 plugins.
Preloading 0 native plugins for Editor in 0.00 ms.
Unloading 1770 Unused Serialized files (Serialized files now loaded: 0)
System memory in use before: 88.2 MB.
System memory in use after: 88.3 MB.

Unloading 8 unused Assets to reduce memory usage. Loaded Objects now: 2503.
Total: 1.738300 ms (FindLiveObjects: 0.212400 ms CreateObjectMapping: 0.043200 ms MarkObjects: 1.466700 ms  DeleteObjects: 0.015000 ms)

========================================================================
Received Prepare
Registering precompiled user dll's ...
Registered in 0.000875 seconds.
Begin MonoManager ReloadAssembly
Native extension for WindowsStandalone target not found
Refreshing native plugins compatible for Editor in 0.39 ms, found 1 plugins.
Preloading 0 native plugins for Editor in 0.00 ms.
Invoked RoslynAnalysisRunner static constructor.
RoslynAnalysisRunner will not be running.
RoslynAnalysisRunner has terminated.
Mono: successfully reloaded assembly
- Completed reload, in  0.602 seconds
Platform modules already initialized, skipping
Refreshing native plugins compatible for Editor in 0.75 ms, found 1 plugins.
Preloading 0 native plugins for Editor in 0.00 ms.
Unloading 1770 Unused Serialized files (Serialized files now loaded: 0)
System memory in use before: 88.2 MB.
System memory in use after: 88.3 MB.

Unloading 8 unused Assets to reduce memory usage. Loaded Objects now: 2505.
Total: 2.047800 ms (FindLiveObjects: 0.392700 ms CreateObjectMapping: 0.088200 ms MarkObjects: 1.550000 ms  DeleteObjects: 0.016000 ms)

========================================================================
Received Prepare
Registering precompiled user dll's ...
Registered in 0.000877 seconds.
Begin MonoManager ReloadAssembly
Native extension for WindowsStandalone target not found
Refreshing native plugins compatible for Editor in 0.40 ms, found 1 plugins.
Preloading 0 native plugins for Editor in 0.00 ms.
Invoked RoslynAnalysisRunner static constructor.
RoslynAnalysisRunner will not be running.
RoslynAnalysisRunner has terminated.
Mono: successfully reloaded assembly
- Completed reload, in  0.636 seconds
Platform modules already initialized, skipping
Refreshing native plugins compatible for Editor in 0.78 ms, found 1 plugins.
Preloading 0 native plugins for Editor in 0.00 ms.
Unloading 1770 Unused Serialized files (Serialized files now loaded: 0)
System memory in use before: 88.2 MB.
System memory in use after: 88.3 MB.

Unloading 8 unused Assets to reduce memory usage. Loaded Objects now: 2507.
Total: 1.937600 ms (FindLiveObjects: 0.203400 ms CreateObjectMapping: 0.052100 ms MarkObjects: 1.664200 ms  DeleteObjects: 0.017000 ms)

========================================================================
Received Prepare
Registering precompiled user dll's ...
Registered in 0.000890 seconds.
Begin MonoManager ReloadAssembly
Native extension for WindowsStandalone target not found
Refreshing native plugins compatible for Editor in 0.44 ms, found 1 plugins.
Preloading 0 native plugins for Editor in 0.00 ms.
Invoked RoslynAnalysisRunner static constructor.
RoslynAnalysisRunner will not be running.
RoslynAnalysisRunner has terminated.
Mono: successfully reloaded assembly
- Completed reload, in  0.625 seconds
Platform modules already initialized, skipping
Refreshing native plugins compatible for Editor in 0.74 ms, found 1 plugins.
Preloading 0 native plugins for Editor in 0.00 ms.
Unloading 1770 Unused Serialized files (Serialized files now loaded: 0)
System memory in use before: 88.2 MB.
System memory in use after: 88.3 MB.

Unloading 8 unused Assets to reduce memory usage. Loaded Objects now: 2509.
Total: 1.933800 ms (FindLiveObjects: 0.245700 ms CreateObjectMapping: 0.055700 ms MarkObjects: 1.615100 ms  DeleteObjects: 0.016100 ms)

========================================================================
Received Prepare
Registering precompiled user dll's ...
Registered in 0.000861 seconds.
Begin MonoManager ReloadAssembly
Native extension for WindowsStandalone target not found
Refreshing native plugins compatible for Editor in 0.63 ms, found 1 plugins.
Preloading 0 native plugins for Editor in 0.00 ms.
Invoked RoslynAnalysisRunner static constructor.
RoslynAnalysisRunner will not be running.
RoslynAnalysisRunner has terminated.
Mono: successfully reloaded assembly
- Completed reload, in  0.628 seconds
Platform modules already initialized, skipping
Refreshing native plugins compatible for Editor in 0.69 ms, found 1 plugins.
Preloading 0 native plugins for Editor in 0.00 ms.
Unloading 1770 Unused Serialized files (Serialized files now loaded: 0)
System memory in use before: 88.2 MB.
System memory in use after: 88.3 MB.

Unloading 8 unused Assets to reduce memory usage. Loaded Objects now: 2511.
Total: 1.795900 ms (FindLiveObjects: 0.218600 ms CreateObjectMapping: 0.052100 ms MarkObjects: 1.510300 ms  DeleteObjects: 0.013900 ms)

========================================================================
Received Prepare
Registering precompiled user dll's ...
Registered in 0.000924 seconds.
Begin MonoManager ReloadAssembly
Native extension for WindowsStandalone target not found
Refreshing native plugins compatible for Editor in 0.39 ms, found 1 plugins.
Preloading 0 native plugins for Editor in 0.00 ms.
Invoked RoslynAnalysisRunner static constructor.
RoslynAnalysisRunner will not be running.
RoslynAnalysisRunner has terminated.
Mono: successfully reloaded assembly
- Completed reload, in  0.645 seconds
Platform modules already initialized, skipping
Refreshing native plugins compatible for Editor in 0.71 ms, found 1 plugins.
Preloading 0 native plugins for Editor in 0.00 ms.
Unloading 1770 Unused Serialized files (Serialized files now loaded: 0)
System memory in use before: 88.2 MB.
System memory in use after: 88.3 MB.

Unloading 8 unused Assets to reduce memory usage. Loaded Objects now: 2513.
Total: 1.870300 ms (FindLiveObjects: 0.243900 ms CreateObjectMapping: 0.053400 ms MarkObjects: 1.551400 ms  DeleteObjects: 0.020500 ms)

========================================================================
Received Prepare
Registering precompiled user dll's ...
Registered in 0.000860 seconds.
Begin MonoManager ReloadAssembly
Native extension for WindowsStandalone target not found
Refreshing native plugins compatible for Editor in 0.40 ms, found 1 plugins.
Preloading 0 native plugins for Editor in 0.00 ms.
Invoked RoslynAnalysisRunner static constructor.
RoslynAnalysisRunner will not be running.
RoslynAnalysisRunner has terminated.
Mono: successfully reloaded assembly
- Completed reload, in  0.609 seconds
Platform modules already initialized, skipping
Refreshing native plugins compatible for Editor in 0.71 ms, found 1 plugins.
Preloading 0 native plugins for Editor in 0.00 ms.
Unloading 1770 Unused Serialized files (Serialized files now loaded: 0)
System memory in use before: 88.2 MB.
System memory in use after: 88.3 MB.

Unloading 8 unused Assets to reduce memory usage. Loaded Objects now: 2515.
Total: 1.909700 ms (FindLiveObjects: 0.256100 ms CreateObjectMapping: 0.052800 ms MarkObjects: 1.585200 ms  DeleteObjects: 0.014800 ms)

========================================================================
Received Prepare
Registering precompiled user dll's ...
Registered in 0.001027 seconds.
Begin MonoManager ReloadAssembly
Native extension for WindowsStandalone target not found
Refreshing native plugins compatible for Editor in 0.43 ms, found 1 plugins.
Preloading 0 native plugins for Editor in 0.00 ms.
Invoked RoslynAnalysisRunner static constructor.
RoslynAnalysisRunner will not be running.
RoslynAnalysisRunner has terminated.
Mono: successfully reloaded assembly
- Completed reload, in  0.637 seconds
Platform modules already initialized, skipping
Refreshing native plugins compatible for Editor in 0.78 ms, found 1 plugins.
Preloading 0 native plugins for Editor in 0.00 ms.
Unloading 1770 Unused Serialized files (Serialized files now loaded: 0)
System memory in use before: 88.2 MB.
System memory in use after: 88.3 MB.

Unloading 8 unused Assets to reduce memory usage. Loaded Objects now: 2517.
Total: 11.186800 ms (FindLiveObjects: 2.463200 ms CreateObjectMapping: 1.792200 ms MarkObjects: 6.901900 ms  DeleteObjects: 0.025800 ms)

========================================================================
Received Prepare
Registering precompiled user dll's ...
Registered in 0.000978 seconds.
Begin MonoManager ReloadAssembly
Native extension for WindowsStandalone target not found
Refreshing native plugins compatible for Editor in 0.47 ms, found 1 plugins.
Preloading 0 native plugins for Editor in 0.00 ms.
Invoked RoslynAnalysisRunner static constructor.
RoslynAnalysisRunner will not be running.
RoslynAnalysisRunner has terminated.
Mono: successfully reloaded assembly
- Completed reload, in  0.650 seconds
Platform modules already initialized, skipping
Refreshing native plugins compatible for Editor in 0.73 ms, found 1 plugins.
Preloading 0 native plugins for Editor in 0.00 ms.
Unloading 1770 Unused Serialized files (Serialized files now loaded: 0)
System memory in use before: 88.2 MB.
System memory in use after: 88.4 MB.

Unloading 8 unused Assets to reduce memory usage. Loaded Objects now: 2519.
Total: 1.915000 ms (FindLiveObjects: 0.266800 ms CreateObjectMapping: 0.065600 ms MarkObjects: 1.564900 ms  DeleteObjects: 0.016400 ms)

========================================================================
Received Prepare
Registering precompiled user dll's ...
Registered in 0.000866 seconds.
Begin MonoManager ReloadAssembly
Native extension for WindowsStandalone target not found
Refreshing native plugins compatible for Editor in 0.64 ms, found 1 plugins.
Preloading 0 native plugins for Editor in 0.00 ms.
Invoked RoslynAnalysisRunner static constructor.
RoslynAnalysisRunner will not be running.
RoslynAnalysisRunner has terminated.
Mono: successfully reloaded assembly
- Completed reload, in  0.630 seconds
Platform modules already initialized, skipping
Refreshing native plugins compatible for Editor in 0.88 ms, found 1 plugins.
Preloading 0 native plugins for Editor in 0.00 ms.
Unloading 1770 Unused Serialized files (Serialized files now loaded: 0)
System memory in use before: 88.2 MB.
System memory in use after: 88.4 MB.

Unloading 8 unused Assets to reduce memory usage. Loaded Objects now: 2521.
Total: 2.454800 ms (FindLiveObjects: 0.324000 ms CreateObjectMapping: 0.081500 ms MarkObjects: 2.029300 ms  DeleteObjects: 0.019400 ms)

========================================================================
Received Prepare
Registering precompiled user dll's ...
Registered in 0.000850 seconds.
Begin MonoManager ReloadAssembly
Native extension for WindowsStandalone target not found
Refreshing native plugins compatible for Editor in 0.41 ms, found 1 plugins.
Preloading 0 native plugins for Editor in 0.00 ms.
Invoked RoslynAnalysisRunner static constructor.
RoslynAnalysisRunner will not be running.
RoslynAnalysisRunner has terminated.
Mono: successfully reloaded assembly
- Completed reload, in  0.607 seconds
Platform modules already initialized, skipping
Refreshing native plugins compatible for Editor in 0.75 ms, found 1 plugins.
Preloading 0 native plugins for Editor in 0.00 ms.
Unloading 1770 Unused Serialized files (Serialized files now loaded: 0)
System memory in use before: 88.2 MB.
System memory in use after: 88.4 MB.

Unloading 8 unused Assets to reduce memory usage. Loaded Objects now: 2523.
Total: 1.880500 ms (FindLiveObjects: 0.250000 ms CreateObjectMapping: 0.052000 ms MarkObjects: 1.562000 ms  DeleteObjects: 0.015800 ms)

========================================================================
Received Prepare
Registering precompiled user dll's ...
Registered in 0.000818 seconds.
Begin MonoManager ReloadAssembly
Native extension for WindowsStandalone target not found
Refreshing native plugins compatible for Editor in 0.42 ms, found 1 plugins.
Preloading 0 native plugins for Editor in 0.00 ms.
Invoked RoslynAnalysisRunner static constructor.
RoslynAnalysisRunner will not be running.
RoslynAnalysisRunner has terminated.
Mono: successfully reloaded assembly
- Completed reload, in  0.597 seconds
Platform modules already initialized, skipping
Refreshing native plugins compatible for Editor in 0.75 ms, found 1 plugins.
Preloading 0 native plugins for Editor in 0.00 ms.
Unloading 1770 Unused Serialized files (Serialized files now loaded: 0)
System memory in use before: 88.3 MB.
System memory in use after: 88.4 MB.

Unloading 8 unused Assets to reduce memory usage. Loaded Objects now: 2525.
Total: 2.395800 ms (FindLiveObjects: 0.724500 ms CreateObjectMapping: 0.060500 ms MarkObjects: 1.592100 ms  DeleteObjects: 0.015400 ms)

========================================================================
Received Prepare
Registering precompiled user dll's ...
Registered in 0.000880 seconds.
Begin MonoManager ReloadAssembly
Native extension for WindowsStandalone target not found
Refreshing native plugins compatible for Editor in 0.42 ms, found 1 plugins.
Preloading 0 native plugins for Editor in 0.00 ms.
Invoked RoslynAnalysisRunner static constructor.
RoslynAnalysisRunner will not be running.
RoslynAnalysisRunner has terminated.
Mono: successfully reloaded assembly
- Completed reload, in  0.616 seconds
Platform modules already initialized, skipping
Refreshing native plugins compatible for Editor in 0.86 ms, found 1 plugins.
Preloading 0 native plugins for Editor in 0.00 ms.
Unloading 1770 Unused Serialized files (Serialized files now loaded: 0)
System memory in use before: 88.3 MB.
System memory in use after: 88.4 MB.

Unloading 8 unused Assets to reduce memory usage. Loaded Objects now: 2527.
Total: 2.195700 ms (FindLiveObjects: 0.288100 ms CreateObjectMapping: 0.055200 ms MarkObjects: 1.832700 ms  DeleteObjects: 0.018700 ms)

========================================================================
Received Prepare
Registering precompiled user dll's ...
Registered in 0.000839 seconds.
Begin MonoManager ReloadAssembly
Native extension for WindowsStandalone target not found
Refreshing native plugins compatible for Editor in 0.39 ms, found 1 plugins.
Preloading 0 native plugins for Editor in 0.00 ms.
Invoked RoslynAnalysisRunner static constructor.
RoslynAnalysisRunner will not be running.
RoslynAnalysisRunner has terminated.
Mono: successfully reloaded assembly
- Completed reload, in  0.600 seconds
Platform modules already initialized, skipping
Refreshing native plugins compatible for Editor in 0.76 ms, found 1 plugins.
Preloading 0 native plugins for Editor in 0.00 ms.
Unloading 1770 Unused Serialized files (Serialized files now loaded: 0)
System memory in use before: 88.3 MB.
System memory in use after: 88.4 MB.

Unloading 8 unused Assets to reduce memory usage. Loaded Objects now: 2529.
Total: 2.002900 ms (FindLiveObjects: 0.418500 ms CreateObjectMapping: 0.067700 ms MarkObjects: 1.500200 ms  DeleteObjects: 0.015400 ms)

========================================================================
Received Prepare
Registering precompiled user dll's ...
Registered in 0.000827 seconds.
Begin MonoManager ReloadAssembly
Native extension for WindowsStandalone target not found
Refreshing native plugins compatible for Editor in 0.39 ms, found 1 plugins.
Preloading 0 native plugins for Editor in 0.00 ms.
Invoked RoslynAnalysisRunner static constructor.
RoslynAnalysisRunner will not be running.
RoslynAnalysisRunner has terminated.
Mono: successfully reloaded assembly
- Completed reload, in  0.599 seconds
Platform modules already initialized, skipping
Refreshing native plugins compatible for Editor in 0.81 ms, found 1 plugins.
Preloading 0 native plugins for Editor in 0.00 ms.
Unloading 1770 Unused Serialized files (Serialized files now loaded: 0)
System memory in use before: 88.3 MB.
System memory in use after: 88.4 MB.

Unloading 8 unused Assets to reduce memory usage. Loaded Objects now: 2531.
Total: 1.768700 ms (FindLiveObjects: 0.216200 ms CreateObjectMapping: 0.052300 ms MarkObjects: 1.484800 ms  DeleteObjects: 0.014700 ms)

========================================================================
Received Prepare
Registering precompiled user dll's ...
Registered in 0.000928 seconds.
Begin MonoManager ReloadAssembly
Native extension for WindowsStandalone target not found
Refreshing native plugins compatible for Editor in 0.39 ms, found 1 plugins.
Preloading 0 native plugins for Editor in 0.00 ms.
Invoked RoslynAnalysisRunner static constructor.
RoslynAnalysisRunner will not be running.
RoslynAnalysisRunner has terminated.
Mono: successfully reloaded assembly
- Completed reload, in  0.611 seconds
Platform modules already initialized, skipping
Refreshing native plugins compatible for Editor in 0.78 ms, found 1 plugins.
Preloading 0 native plugins for Editor in 0.00 ms.
Unloading 1770 Unused Serialized files (Serialized files now loaded: 0)
System memory in use before: 88.3 MB.
System memory in use after: 88.4 MB.

Unloading 8 unused Assets to reduce memory usage. Loaded Objects now: 2533.
Total: 2.054700 ms (FindLiveObjects: 0.220300 ms CreateObjectMapping: 0.051400 ms MarkObjects: 1.766200 ms  DeleteObjects: 0.016100 ms)

========================================================================
Received Prepare
Registering precompiled user dll's ...
Registered in 0.000794 seconds.
Begin MonoManager ReloadAssembly
Native extension for WindowsStandalone target not found
Refreshing native plugins compatible for Editor in 0.39 ms, found 1 plugins.
Preloading 0 native plugins for Editor in 0.00 ms.
Invoked RoslynAnalysisRunner static constructor.
RoslynAnalysisRunner will not be running.
RoslynAnalysisRunner has terminated.
Mono: successfully reloaded assembly
- Completed reload, in  0.614 seconds
Platform modules already initialized, skipping
Refreshing native plugins compatible for Editor in 0.77 ms, found 1 plugins.
Preloading 0 native plugins for Editor in 0.00 ms.
Unloading 1770 Unused Serialized files (Serialized files now loaded: 0)
System memory in use before: 88.3 MB.
System memory in use after: 88.4 MB.

Unloading 8 unused Assets to reduce memory usage. Loaded Objects now: 2535.
Total: 1.865100 ms (FindLiveObjects: 0.226400 ms CreateObjectMapping: 0.051900 ms MarkObjects: 1.570500 ms  DeleteObjects: 0.015200 ms)

========================================================================
Received Prepare
Registering precompiled user dll's ...
Registered in 0.001075 seconds.
Begin MonoManager ReloadAssembly
Native extension for WindowsStandalone target not found
Refreshing native plugins compatible for Editor in 0.40 ms, found 1 plugins.
Preloading 0 native plugins for Editor in 0.00 ms.
Invoked RoslynAnalysisRunner static constructor.
RoslynAnalysisRunner will not be running.
RoslynAnalysisRunner has terminated.
Mono: successfully reloaded assembly
- Completed reload, in  0.601 seconds
Platform modules already initialized, skipping
Refreshing native plugins compatible for Editor in 0.76 ms, found 1 plugins.
Preloading 0 native plugins for Editor in 0.00 ms.
Unloading 1770 Unused Serialized files (Serialized files now loaded: 0)
System memory in use before: 88.3 MB.
System memory in use after: 88.4 MB.

Unloading 8 unused Assets to reduce memory usage. Loaded Objects now: 2537.
Total: 2.036800 ms (FindLiveObjects: 0.235000 ms CreateObjectMapping: 0.052600 ms MarkObjects: 1.733500 ms  DeleteObjects: 0.014700 ms)

========================================================================
Received Prepare
Registering precompiled user dll's ...
Registered in 0.000891 seconds.
Begin MonoManager ReloadAssembly
Native extension for WindowsStandalone target not found
Refreshing native plugins compatible for Editor in 0.43 ms, found 1 plugins.
Preloading 0 native plugins for Editor in 0.00 ms.
Invoked RoslynAnalysisRunner static constructor.
RoslynAnalysisRunner will not be running.
RoslynAnalysisRunner has terminated.
Mono: successfully reloaded assembly
- Completed reload, in  0.619 seconds
Platform modules already initialized, skipping
Refreshing native plugins compatible for Editor in 0.76 ms, found 1 plugins.
Preloading 0 native plugins for Editor in 0.00 ms.
Unloading 1770 Unused Serialized files (Serialized files now loaded: 0)
System memory in use before: 88.3 MB.
System memory in use after: 88.4 MB.

Unloading 8 unused Assets to reduce memory usage. Loaded Objects now: 2539.
Total: 1.894400 ms (FindLiveObjects: 0.217000 ms CreateObjectMapping: 0.074400 ms MarkObjects: 1.586800 ms  DeleteObjects: 0.015200 ms)

========================================================================
Received Prepare
Registering precompiled user dll's ...
Registered in 0.000843 seconds.
Begin MonoManager ReloadAssembly
Native extension for WindowsStandalone target not found
Refreshing native plugins compatible for Editor in 0.39 ms, found 1 plugins.
Preloading 0 native plugins for Editor in 0.00 ms.
Invoked RoslynAnalysisRunner static constructor.
RoslynAnalysisRunner will not be running.
RoslynAnalysisRunner has terminated.
Mono: successfully reloaded assembly
- Completed reload, in  0.616 seconds
Platform modules already initialized, skipping
Refreshing native plugins compatible for Editor in 0.84 ms, found 1 plugins.
Preloading 0 native plugins for Editor in 0.00 ms.
Unloading 1770 Unused Serialized files (Serialized files now loaded: 0)
System memory in use before: 88.4 MB.
System memory in use after: 88.5 MB.

Unloading 8 unused Assets to reduce memory usage. Loaded Objects now: 2541.
Total: 2.132000 ms (FindLiveObjects: 0.278200 ms CreateObjectMapping: 0.049300 ms MarkObjects: 1.784700 ms  DeleteObjects: 0.018900 ms)

========================================================================
Received Prepare
Registering precompiled user dll's ...
Registered in 0.000926 seconds.
Begin MonoManager ReloadAssembly
Native extension for WindowsStandalone target not found
Refreshing native plugins compatible for Editor in 0.41 ms, found 1 plugins.
Preloading 0 native plugins for Editor in 0.00 ms.
Invoked RoslynAnalysisRunner static constructor.
RoslynAnalysisRunner will not be running.
RoslynAnalysisRunner has terminated.
Mono: successfully reloaded assembly
- Completed reload, in  0.642 seconds
Platform modules already initialized, skipping
Refreshing native plugins compatible for Editor in 0.73 ms, found 1 plugins.
Preloading 0 native plugins for Editor in 0.00 ms.
Unloading 1770 Unused Serialized files (Serialized files now loaded: 0)
System memory in use before: 88.3 MB.
System memory in use after: 88.4 MB.

Unloading 8 unused Assets to reduce memory usage. Loaded Objects now: 2543.
Total: 2.368300 ms (FindLiveObjects: 0.328600 ms CreateObjectMapping: 0.055800 ms MarkObjects: 1.957300 ms  DeleteObjects: 0.025200 ms)

========================================================================
Received Prepare
Registering precompiled user dll's ...
Registered in 0.000903 seconds.
Begin MonoManager ReloadAssembly
Native extension for WindowsStandalone target not found
Refreshing native plugins compatible for Editor in 0.43 ms, found 1 plugins.
Preloading 0 native plugins for Editor in 0.00 ms.
Invoked RoslynAnalysisRunner static constructor.
RoslynAnalysisRunner will not be running.
RoslynAnalysisRunner has terminated.
Mono: successfully reloaded assembly
- Completed reload, in  0.618 seconds
Platform modules already initialized, skipping
Refreshing native plugins compatible for Editor in 0.90 ms, found 1 plugins.
Preloading 0 native plugins for Editor in 0.00 ms.
Unloading 1770 Unused Serialized files (Serialized files now loaded: 0)
System memory in use before: 88.3 MB.
System memory in use after: 88.4 MB.

Unloading 8 unused Assets to reduce memory usage. Loaded Objects now: 2545.
Total: 2.224100 ms (FindLiveObjects: 0.231400 ms CreateObjectMapping: 0.053200 ms MarkObjects: 1.919100 ms  DeleteObjects: 0.019100 ms)

========================================================================
Received Prepare
Registering precompiled user dll's ...
Registered in 0.000943 seconds.
Begin MonoManager ReloadAssembly
Native extension for WindowsStandalone target not found
Refreshing native plugins compatible for Editor in 0.41 ms, found 1 plugins.
Preloading 0 native plugins for Editor in 0.00 ms.
Invoked RoslynAnalysisRunner static constructor.
RoslynAnalysisRunner will not be running.
RoslynAnalysisRunner has terminated.
Mono: successfully reloaded assembly
- Completed reload, in  0.621 seconds
Platform modules already initialized, skipping
Refreshing native plugins compatible for Editor in 0.76 ms, found 1 plugins.
Preloading 0 native plugins for Editor in 0.00 ms.
Unloading 1770 Unused Serialized files (Serialized files now loaded: 0)
System memory in use before: 88.3 MB.
System memory in use after: 88.5 MB.

Unloading 8 unused Assets to reduce memory usage. Loaded Objects now: 2547.
Total: 1.976200 ms (FindLiveObjects: 0.248200 ms CreateObjectMapping: 0.056100 ms MarkObjects: 1.656100 ms  DeleteObjects: 0.015200 ms)

========================================================================
Received Prepare
Registering precompiled user dll's ...
Registered in 0.000913 seconds.
Begin MonoManager ReloadAssembly
Native extension for WindowsStandalone target not found
Refreshing native plugins compatible for Editor in 0.45 ms, found 1 plugins.
Preloading 0 native plugins for Editor in 0.00 ms.
Invoked RoslynAnalysisRunner static constructor.
RoslynAnalysisRunner will not be running.
RoslynAnalysisRunner has terminated.
Mono: successfully reloaded assembly
- Completed reload, in  0.620 seconds
Platform modules already initialized, skipping
Refreshing native plugins compatible for Editor in 0.73 ms, found 1 plugins.
Preloading 0 native plugins for Editor in 0.00 ms.
Unloading 1770 Unused Serialized files (Serialized files now loaded: 0)
System memory in use before: 88.3 MB.
System memory in use after: 88.5 MB.

Unloading 8 unused Assets to reduce memory usage. Loaded Objects now: 2549.
Total: 1.993900 ms (FindLiveObjects: 0.260800 ms CreateObjectMapping: 0.066700 ms MarkObjects: 1.649400 ms  DeleteObjects: 0.015600 ms)

========================================================================
Received Prepare
Registering precompiled user dll's ...
Registered in 0.000820 seconds.
Begin MonoManager ReloadAssembly
Native extension for WindowsStandalone target not found
Refreshing native plugins compatible for Editor in 0.47 ms, found 1 plugins.
Preloading 0 native plugins for Editor in 0.00 ms.
Invoked RoslynAnalysisRunner static constructor.
RoslynAnalysisRunner will not be running.
RoslynAnalysisRunner has terminated.
Mono: successfully reloaded assembly
- Completed reload, in  0.634 seconds
Platform modules already initialized, skipping
Refreshing native plugins compatible for Editor in 0.72 ms, found 1 plugins.
Preloading 0 native plugins for Editor in 0.00 ms.
Unloading 1770 Unused Serialized files (Serialized files now loaded: 0)
System memory in use before: 88.3 MB.
System memory in use after: 88.5 MB.

Unloading 8 unused Assets to reduce memory usage. Loaded Objects now: 2551.
Total: 1.962100 ms (FindLiveObjects: 0.368800 ms CreateObjectMapping: 0.068000 ms MarkObjects: 1.509600 ms  DeleteObjects: 0.015000 ms)

========================================================================
Received Prepare
Registering precompiled user dll's ...
Registered in 0.001228 seconds.
Begin MonoManager ReloadAssembly
Native extension for WindowsStandalone target not found
Refreshing native plugins compatible for Editor in 0.38 ms, found 1 plugins.
Preloading 0 native plugins for Editor in 0.00 ms.
Invoked RoslynAnalysisRunner static constructor.
RoslynAnalysisRunner will not be running.
RoslynAnalysisRunner has terminated.
Mono: successfully reloaded assembly
- Completed reload, in  0.588 seconds
Platform modules already initialized, skipping
Refreshing native plugins compatible for Editor in 0.79 ms, found 1 plugins.
Preloading 0 native plugins for Editor in 0.00 ms.
Unloading 1770 Unused Serialized files (Serialized files now loaded: 0)
System memory in use before: 88.4 MB.
System memory in use after: 88.5 MB.

Unloading 8 unused Assets to reduce memory usage. Loaded Objects now: 2553.
Total: 2.060400 ms (FindLiveObjects: 0.391900 ms CreateObjectMapping: 0.070400 ms MarkObjects: 1.582100 ms  DeleteObjects: 0.014700 ms)

========================================================================
Received Import Request.
  Time since last request: 1371.917587 seconds.
  path: Assets/Scripts/MovingPlatform.cs
  artifactKey: Guid(2de852f8ab50d32459dab879d58534b3) Importer(815301076,1909f56bfc062723c751e8b465ee728b)
Start importing Assets/Scripts/MovingPlatform.cs using Guid(2de852f8ab50d32459dab879d58534b3) Importer(815301076,1909f56bfc062723c751e8b465ee728b)  -> (artifact id: 'fead481f18cf952b8bf2f2fc163a9ad6') in 0.014441 seconds
  Import took 0.017585 seconds .

========================================================================
Received Prepare
Registering precompiled user dll's ...
Registered in 0.000861 seconds.
Begin MonoManager ReloadAssembly
Native extension for WindowsStandalone target not found
Refreshing native plugins compatible for Editor in 0.39 ms, found 1 plugins.
Preloading 0 native plugins for Editor in 0.00 ms.
Invoked RoslynAnalysisRunner static constructor.
RoslynAnalysisRunner will not be running.
RoslynAnalysisRunner has terminated.
Mono: successfully reloaded assembly
- Completed reload, in  0.590 seconds
Platform modules already initialized, skipping
Refreshing native plugins compatible for Editor in 0.77 ms, found 1 plugins.
Preloading 0 native plugins for Editor in 0.00 ms.
Unloading 1770 Unused Serialized files (Serialized files now loaded: 0)
System memory in use before: 88.4 MB.
System memory in use after: 88.5 MB.

Unloading 8 unused Assets to reduce memory usage. Loaded Objects now: 2555.
Total: 1.834900 ms (FindLiveObjects: 0.260800 ms CreateObjectMapping: 0.048500 ms MarkObjects: 1.509800 ms  DeleteObjects: 0.014700 ms)

========================================================================
Received Import Request.
  Time since last request: 19.050531 seconds.
  path: Assets/Scripts/MovingPlatform.cs
  artifactKey: Guid(2de852f8ab50d32459dab879d58534b3) Importer(815301076,1909f56bfc062723c751e8b465ee728b)
Start importing Assets/Scripts/MovingPlatform.cs using Guid(2de852f8ab50d32459dab879d58534b3) Importer(815301076,1909f56bfc062723c751e8b465ee728b)  -> (artifact id: 'fa2f861f0f7cd44b40fdb069339356b3') in 0.004362 seconds
  Import took 0.007137 seconds .

========================================================================
Received Prepare
Registering precompiled user dll's ...
Registered in 0.000838 seconds.
Begin MonoManager ReloadAssembly
Native extension for WindowsStandalone target not found
Refreshing native plugins compatible for Editor in 0.40 ms, found 1 plugins.
Preloading 0 native plugins for Editor in 0.00 ms.
Invoked RoslynAnalysisRunner static constructor.
RoslynAnalysisRunner will not be running.
RoslynAnalysisRunner has terminated.
Mono: successfully reloaded assembly
- Completed reload, in  0.611 seconds
Platform modules already initialized, skipping
Refreshing native plugins compatible for Editor in 0.82 ms, found 1 plugins.
Preloading 0 native plugins for Editor in 0.00 ms.
Unloading 1770 Unused Serialized files (Serialized files now loaded: 0)
System memory in use before: 88.4 MB.
System memory in use after: 88.5 MB.

Unloading 8 unused Assets to reduce memory usage. Loaded Objects now: 2557.
Total: 1.799300 ms (FindLiveObjects: 0.263400 ms CreateObjectMapping: 0.046300 ms MarkObjects: 1.472700 ms  DeleteObjects: 0.016100 ms)

========================================================================
Received Prepare
Registering precompiled user dll's ...
Registered in 0.000870 seconds.
Begin MonoManager ReloadAssembly
Native extension for WindowsStandalone target not found
Refreshing native plugins compatible for Editor in 0.39 ms, found 1 plugins.
Preloading 0 native plugins for Editor in 0.00 ms.
Invoked RoslynAnalysisRunner static constructor.
RoslynAnalysisRunner will not be running.
RoslynAnalysisRunner has terminated.
Mono: successfully reloaded assembly
- Completed reload, in  0.628 seconds
Platform modules already initialized, skipping
Refreshing native plugins compatible for Editor in 0.93 ms, found 1 plugins.
Preloading 0 native plugins for Editor in 0.00 ms.
Unloading 1770 Unused Serialized files (Serialized files now loaded: 0)
System memory in use before: 88.4 MB.
System memory in use after: 88.5 MB.

Unloading 8 unused Assets to reduce memory usage. Loaded Objects now: 2559.
Total: 2.168500 ms (FindLiveObjects: 0.414600 ms CreateObjectMapping: 0.077600 ms MarkObjects: 1.659300 ms  DeleteObjects: 0.015800 ms)

========================================================================
Received Prepare
Registering precompiled user dll's ...
Registered in 0.000850 seconds.
Begin MonoManager ReloadAssembly
Native extension for WindowsStandalone target not found
Refreshing native plugins compatible for Editor in 0.40 ms, found 1 plugins.
Preloading 0 native plugins for Editor in 0.00 ms.
Invoked RoslynAnalysisRunner static constructor.
RoslynAnalysisRunner will not be running.
RoslynAnalysisRunner has terminated.
Mono: successfully reloaded assembly
- Completed reload, in  0.605 seconds
Platform modules already initialized, skipping
Refreshing native plugins compatible for Editor in 0.78 ms, found 1 plugins.
Preloading 0 native plugins for Editor in 0.00 ms.
Unloading 1770 Unused Serialized files (Serialized files now loaded: 0)
System memory in use before: 88.4 MB.
System memory in use after: 88.5 MB.

Unloading 8 unused Assets to reduce memory usage. Loaded Objects now: 2561.
Total: 1.921800 ms (FindLiveObjects: 0.327600 ms CreateObjectMapping: 0.061600 ms MarkObjects: 1.516100 ms  DeleteObjects: 0.015600 ms)

========================================================================
Received Prepare
Registering precompiled user dll's ...
Registered in 0.000862 seconds.
Begin MonoManager ReloadAssembly
Native extension for WindowsStandalone target not found
Refreshing native plugins compatible for Editor in 0.39 ms, found 1 plugins.
Preloading 0 native plugins for Editor in 0.00 ms.
Invoked RoslynAnalysisRunner static constructor.
RoslynAnalysisRunner will not be running.
RoslynAnalysisRunner has terminated.
Mono: successfully reloaded assembly
- Completed reload, in  0.633 seconds
Platform modules already initialized, skipping
Refreshing native plugins compatible for Editor in 0.97 ms, found 1 plugins.
Preloading 0 native plugins for Editor in 0.00 ms.
Unloading 1770 Unused Serialized files (Serialized files now loaded: 0)
System memory in use before: 88.4 MB.
System memory in use after: 88.5 MB.

Unloading 8 unused Assets to reduce memory usage. Loaded Objects now: 2563.
Total: 2.125700 ms (FindLiveObjects: 0.427200 ms CreateObjectMapping: 0.065700 ms MarkObjects: 1.616000 ms  DeleteObjects: 0.015600 ms)

========================================================================
Received Prepare
Registering precompiled user dll's ...
Registered in 0.000897 seconds.
Begin MonoManager ReloadAssembly
Native extension for WindowsStandalone target not found
Refreshing native plugins compatible for Editor in 0.39 ms, found 1 plugins.
Preloading 0 native plugins for Editor in 0.00 ms.
Invoked RoslynAnalysisRunner static constructor.
RoslynAnalysisRunner will not be running.
RoslynAnalysisRunner has terminated.
Mono: successfully reloaded assembly
- Completed reload, in  0.589 seconds
Platform modules already initialized, skipping
Refreshing native plugins compatible for Editor in 0.84 ms, found 1 plugins.
Preloading 0 native plugins for Editor in 0.00 ms.
Unloading 1770 Unused Serialized files (Serialized files now loaded: 0)
System memory in use before: 88.4 MB.
System memory in use after: 88.5 MB.

Unloading 8 unused Assets to reduce memory usage. Loaded Objects now: 2565.
Total: 1.941700 ms (FindLiveObjects: 0.217600 ms CreateObjectMapping: 0.051600 ms MarkObjects: 1.657300 ms  DeleteObjects: 0.014600 ms)

========================================================================
Received Import Request.
  Time since last request: 157.269494 seconds.
  path: Assets/Pixel Adventure 1/Assets/Items/Boxes
  artifactKey: Guid(648ed3ed826419f4c96791acd0d924a3) Importer(815301076,1909f56bfc062723c751e8b465ee728b)
Start importing Assets/Pixel Adventure 1/Assets/Items/Boxes using Guid(648ed3ed826419f4c96791acd0d924a3) Importer(815301076,1909f56bfc062723c751e8b465ee728b)  -> (artifact id: '8afc854b93cb89eb6edbfdd45e3dc9e3') in 0.012640 seconds
  Import took 0.015705 seconds .

========================================================================
Received Import Request.
  Time since last request: 1.148404 seconds.
  path: Assets/Pixel Adventure 1/Assets/Items/Boxes/Box1
  artifactKey: Guid(7a12092f6ff79404e9e7c4977fd075b9) Importer(815301076,1909f56bfc062723c751e8b465ee728b)
Start importing Assets/Pixel Adventure 1/Assets/Items/Boxes/Box1 using Guid(7a12092f6ff79404e9e7c4977fd075b9) Importer(815301076,1909f56bfc062723c751e8b465ee728b)  -> (artifact id: '9a96a3eb43f41b655ed18da1f756d4b3') in 0.010432 seconds
  Import took 0.013195 seconds .

========================================================================
Received Import Request.
  Time since last request: 26.108066 seconds.
  path: Assets/Pixel Adventure 1/Assets/Items/Boxes/Box3
  artifactKey: Guid(1e2fdfdd8b2c59b4db96dd6ccb9d86b2) Importer(815301076,1909f56bfc062723c751e8b465ee728b)
Start importing Assets/Pixel Adventure 1/Assets/Items/Boxes/Box3 using Guid(1e2fdfdd8b2c59b4db96dd6ccb9d86b2) Importer(815301076,1909f56bfc062723c751e8b465ee728b)  -> (artifact id: 'f78726c53a24ab1892cb501573a88a1c') in 0.010221 seconds
  Import took 0.012999 seconds .

========================================================================
Received Import Request.
  Time since last request: 2.581472 seconds.
  path: Assets/Pixel Adventure 1/Assets/Items/Boxes/Box2
  artifactKey: Guid(2b1556c3e2f80824cad49c069b6f268e) Importer(815301076,1909f56bfc062723c751e8b465ee728b)
Start importing Assets/Pixel Adventure 1/Assets/Items/Boxes/Box2 using Guid(2b1556c3e2f80824cad49c069b6f268e) Importer(815301076,1909f56bfc062723c751e8b465ee728b)  -> (artifact id: '2b3748e2c347d380b26f9a3a355bbc21') in 0.010135 seconds
  Import took 0.013248 seconds .

========================================================================
Received Import Request.
  Time since last request: 26.264437 seconds.
  path: Assets/Pixel Adventure 1/Assets/Traps/Trampoline
  artifactKey: Guid(a434aef4a8c764c41a2fd855eeb579df) Importer(815301076,1909f56bfc062723c751e8b465ee728b)
Start importing Assets/Pixel Adventure 1/Assets/Traps/Trampoline using Guid(a434aef4a8c764c41a2fd855eeb579df) Importer(815301076,1909f56bfc062723c751e8b465ee728b)  -> (artifact id: 'df0f43a137ca49a3db1a5b5320f84b31') in 0.010757 seconds
  Import took 0.013489 seconds .

========================================================================
Received Import Request.
  Time since last request: 236.791589 seconds.
  path: Assets/Pixel Adventure 1/Assets/Terrain/Terrain (16x16) 1.png
  artifactKey: Guid(413986c4a668c374d8de72a47621b531) Importer(815301076,1909f56bfc062723c751e8b465ee728b)
Start importing Assets/Pixel Adventure 1/Assets/Terrain/Terrain (16x16) 1.png using Guid(413986c4a668c374d8de72a47621b531) Importer(815301076,1909f56bfc062723c751e8b465ee728b)  -> (artifact id: 'cd2639c41e6ff566749e7887e4155e43') in 0.038874 seconds
  Import took 0.041969 seconds .

========================================================================
Received Import Request.
  Time since last request: 57.402110 seconds.
  path: Assets/Pixel Adventure 1/Assets/Terrain/Terrain (16x16) 1.png
  artifactKey: Guid(413986c4a668c374d8de72a47621b531) Importer(815301076,1909f56bfc062723c751e8b465ee728b)
Start importing Assets/Pixel Adventure 1/Assets/Terrain/Terrain (16x16) 1.png using Guid(413986c4a668c374d8de72a47621b531) Importer(815301076,1909f56bfc062723c751e8b465ee728b)  -> (artifact id: '0c0ebe824f7f138945747d7a1a9810f0') in 0.046211 seconds
  Import took 0.049261 seconds .

========================================================================
Received Import Request.
  Time since last request: 243.264382 seconds.
  path: Assets/Knight Files/Read Me.txt
  artifactKey: Guid(009128724b2d6bf40b5ac7db6460b9f0) Importer(815301076,1909f56bfc062723c751e8b465ee728b)
Start importing Assets/Knight Files/Read Me.txt using Guid(009128724b2d6bf40b5ac7db6460b9f0) Importer(815301076,1909f56bfc062723c751e8b465ee728b)  -> (artifact id: '05a4725ba18d856c70ec41d3b80a48db') in 0.055808 seconds
  Import took 0.059018 seconds .

========================================================================
Received Import Request.
  Time since last request: 4.464288 seconds.
  path: Assets/Knight Files/Knight EPS.eps
  artifactKey: Guid(ae888ebaa137c9a44b5e913ae6d5283e) Importer(815301076,1909f56bfc062723c751e8b465ee728b)
Start importing Assets/Knight Files/Knight EPS.eps using Guid(ae888ebaa137c9a44b5e913ae6d5283e) Importer(815301076,1909f56bfc062723c751e8b465ee728b)  -> (artifact id: '81f338d6f4e6d7c41a86b6757c6811fd') in 0.012588 seconds
  Import took 0.015449 seconds .

========================================================================
Received Import Request.
  Time since last request: 2.168674 seconds.
  path: Assets/Knight Files/Knight AI.ai
  artifactKey: Guid(98d3c9d84aeb7a148b45df38c213b631) Importer(815301076,1909f56bfc062723c751e8b465ee728b)
Start importing Assets/Knight Files/Knight AI.ai using Guid(98d3c9d84aeb7a148b45df38c213b631) Importer(815301076,1909f56bfc062723c751e8b465ee728b)  -> (artifact id: '41369baf6a5d2f88396e70ce57d14568') in 0.012149 seconds
  Import took 0.015274 seconds .

========================================================================
Received Import Request.
  Time since last request: 1.840540 seconds.
  path: Assets/Knight Files/Demo.unity
  artifactKey: Guid(27f123e5d28716f4d85538a63403ea87) Importer(815301076,1909f56bfc062723c751e8b465ee728b)
Start importing Assets/Knight Files/Demo.unity using Guid(27f123e5d28716f4d85538a63403ea87) Importer(815301076,1909f56bfc062723c751e8b465ee728b)  -> (artifact id: '72e8aacffb9d4332f59c749f85ec7ab0') in 0.002612 seconds
  Import took 0.005434 seconds .

========================================================================
Received Import Request.
  Time since last request: 0.000790 seconds.
  path: Assets/Knight Files/Demo.unity
  artifactKey: Guid(27f123e5d28716f4d85538a63403ea87) Importer(815301076,1909f56bfc062723c751e8b465ee728b)
Start importing Assets/Knight Files/Demo.unity using Guid(27f123e5d28716f4d85538a63403ea87) Importer(815301076,1909f56bfc062723c751e8b465ee728b)  -> (artifact id: '72e8aacffb9d4332f59c749f85ec7ab0') in 0.002496 seconds
  Import took 0.004832 seconds .

AssetImportWorkerClient::OnTransportError - code=2 error=End of file
